#site	name	size	args
00228350	igStringObj	16	int:0 int:0 code:00225540 code:002001e0 int:16 str:igStringObj code:001f22a0 code:001a4340 code:002264d0 data:005bc1d0 int:0
0021f7b2	igShortMetaField	52	data:0046a734 int:0 int:0 code:00219840 int:52 str:igShortMetaField code:001a58e0 code:001a4350 code:00221cf0 data:005bc1e8 int:0
002353cc	igArenaMemoryPool	208	data:0046ce18 int:0 code:002258c0 code:00215010 int:208 str:igArenaMemoryPool code:00235b60 code:001e67f0 code:00235f20 data:005bc498 int:0
0019c43e	ravenDataPumpDriver	36	data:00460fac int:0 code:0019b9d0 code:0019c3b0 int:36 str:ravenDataPumpDriver code:00144fc0 code:0019c140 code:00281670 data:005ba760 int:0
0019c53b	ravenMovieNode	36	int:0 int:0 code:0019bae0 code:0019c4b0 int:36 str:ravenMovieNode code:00144fe0 code:0019c140 code:00281670 data:005ba768 int:0
0019c5de	ravenSorterSwitcher	36	data:00460fb4 int:0 code:0019bb40 code:0019c550 int:36 str:ravenSorterSwitcher code:00145000 code:0019c140 code:00281670 data:005ba76c int:0
0019c67e	ravenShaderFx	72	int:0 code:0019bbb0 code:0019bdf0 code:0019c5f0 int:72 str:ravenShaderFx code:00144ff0 code:0019c140 code:00281670 data:005ba774 int:0
0019c71e	ravenZipFile	60	int:0 code:0024e2b0 code:0019bf60 code:0019c690 int:60 str:ravenZipFile code:0019c020 code:0019b880 code:0022f4f0 data:005ba778 int:0
0019c8de	igFakePointLightPool	44	data:00461080 int:0 code:0019b8d0 code:0019c850 int:44 str:igFakePointLightPool code:00144fa0 code:0019c340 code:00281570 data:005ba750 int:0
0019c96b	igMaterialAttrPool	32	data:004610bc int:0 int:0 code:0019c900 int:32 str:igMaterialAttrPool code:0019bff0 code:0019c350 code:0025f0f0 data:005ba758 int:0
0019ca6b	igColorAttrPool	32	data:004610f0 int:0 int:0 code:0019ca00 int:32 str:igColorAttrPool code:0019bfc0 code:0019c350 code:0025f0f0 data:005ba754 int:0
0019cb1e	igProcGeometry	48	data:004610f8 int:0 code:0019b970 code:0019ca80 int:48 str:igProcGeometry code:00144fb0 code:0019c7e0 code:00286290 data:005ba75c int:0
0019cb6e	ravenFakePointLighter	44	data:00461100 int:0 code:0019ba30 code:0019c450 int:44 str:ravenFakePointLighter code:00144fd0 code:0019c140 code:00281670 data:005ba764 int:0
001a5e2b	igMeanAndStandardDeviation	20	int:0 int:0 code:001a4c20 code:001a5dc0 int:20 str:igMeanAndStandardDeviation code:001a5aa0 code:001a4340 code:002264d0 data:005ba900 int:0
001a60c5	igDataPumpInterface	8	int:0 int:0 int:0 int:0 int:8 str:igDataPumpInterface code:001a5b80 code:001a4340 code:002264d0 data:005ba960 int:1
001a703b	igVec4fObject	24	int:0 int:0 code:001a4540 code:001a5c40 int:24 str:igVec4fObject code:001a6760 code:001a4340 code:002264d0 data:005ba8b0 int:0
001a709b	igVec3fObject	20	int:0 int:0 code:001a45a0 code:001a5c70 int:20 str:igVec3fObject code:001a67f0 code:001a4340 code:002264d0 data:005ba8bc int:0
001a711b	igLongStack	20	int:0 int:0 code:001a4630 code:001a70b0 int:20 str:igLongStack code:001a6940 code:001a4380 code:0021ee90 data:005ba8c0 int:0
001a719b	igUnsignedLongStack	20	int:0 int:0 code:001a46b0 code:001a7130 int:20 str:igUnsignedLongStack code:001a6910 code:001a4380 code:0021ee90 data:005ba8c4 int:0
001a721b	igDoubleStack	20	int:0 int:0 code:001a4720 code:001a71b0 int:20 str:igDoubleStack code:001a68e0 code:001a4380 code:0021ee90 data:005ba8c8 int:0
001a729b	igUnsignedCharStack	20	int:0 int:0 code:001a47a0 code:001a7230 int:20 str:igUnsignedCharStack code:001a68b0 code:001a4380 code:0021ee90 data:005ba8cc int:0
001a731b	igIntStack	20	int:0 int:0 code:001a4820 code:001a72b0 int:20 str:igIntStack code:001a6880 code:001a4380 code:0021ee90 data:005ba8d0 int:0
001a739e	igHistogramBase	12	data:00461fd0 int:0 code:001a48a0 code:001a7330 int:12 str:igHistogramBase code:001a6970 code:001a4340 code:002264d0 data:005ba8d4 int:0
001a742b	igObjectStack	20	int:0 int:0 code:001a4900 code:001a73c0 int:20 str:igObjectStack code:001a69d0 code:001a4380 code:0021ee90 data:005ba8dc int:0
001a74ae	igObjectRegistryMap	16	data:00461fd8 int:0 code:001a4980 code:001a7440 int:16 str:igObjectRegistryMap code:001a6a30 code:001a4340 code:002264d0 data:005ba8e0 int:0
001a75ae	igObjectRefResolver	20	data:00461fe0 int:0 code:001a4a70 code:001a7520 int:20 str:igObjectRefResolver code:001a6a60 code:001a4460 code:00226510 data:005ba8ec int:0
001a763b	igNonRefCountedObjectStack	20	int:0 int:0 code:001a4b30 code:001a5d70 int:20 str:igNonRefCountedObjectStack code:001a6af0 code:001a4380 code:0021ee90 data:005ba8f4 int:0
001a76fb	igMatrixStack	20	int:0 int:0 code:001a4ca0 code:001a7690 int:20 str:igMatrixStack code:001a6b50 code:001a4380 code:0021ee90 data:005ba904 int:0
001a777b	igNonRefCountedMatrixObjectListStack	20	data:00461fec int:0 int:0 code:001a7710 int:20 str:igNonRefCountedMatrixObjectListStack code:001a6c10 code:001a4490 code:001a7600 data:005ba908 int:0
001a77db	igMatrixObject	72	int:0 int:0 code:001a4de0 code:001a5ea0 int:72 str:igMatrixObject code:001a6b80 code:001a4340 code:002264d0 data:005ba914 int:0
001a783b	igIntObject	12	int:0 int:0 code:001a4e40 code:001a5ed0 int:12 str:igIntObject code:001a6c40 code:001a4340 code:002264d0 data:005ba920 int:0
001a78bb	igIntHistogram	36	int:0 int:0 code:001a4e80 code:001a7850 int:36 str:igIntHistogram code:001a6a90 code:001a4440 code:001a7360 data:005ba924 int:0
001a791b	igFloatObject	12	int:0 int:0 code:001a4ee0 code:001a5f00 int:12 str:igFloatObject code:001a6cd0 code:001a4340 code:002264d0 data:005ba930 int:0
001a79cb	igFieldRefResolver	28	int:0 int:0 code:001a4f70 code:001a7940 int:28 str:igFieldRefResolver code:001a6d60 code:001a4470 code:001a7570 data:005ba938 int:0
001a7aee	igDataPumpSource	48	data:00461ff4 int:0 code:001a51e0 code:001a5fa0 int:48 str:igDataPumpSource code:001a6d90 code:001a4340 code:002264d0 data:005ba954 int:0
001a7bce	igDataPumpFloatSource	56	data:00461ffc int:0 code:001a5390 code:001a7b60 int:56 str:igDataPumpFloatSource code:001a5c10 code:001a44f0 code:001a7ab0 data:005ba968 int:0
001a7c9e	igDataPump	28	data:00462004 int:0 code:001a5460 code:001a7c10 int:28 str:igDataPump code:001a6e50 code:001a4340 code:002264d0 data:005ba970 int:0
001a7ce8	igCompression	8	int:0 int:0 int:0 code:001a61e0 int:8 str:igCompression code:001a6f10 code:001a4340 code:002264d0 data:005ba974 int:0
001a7d4b	igBoolObject	12	int:0 int:0 code:001a5560 code:001a6210 int:12 str:igBoolObject code:001a6f40 code:001a4340 code:002264d0 data:005ba980 int:0
001a8d6b	igVec3fObjectList	20	data:00462014 int:0 int:0 code:001a8d00 int:20 str:igVec3fObjectList code:001a6820 code:001a4390 code:00223ef0 data:005ba8b8 int:0
001a8db8	igRandomNumber	8	int:0 int:0 code:001a73b0 int:0 int:8 str:igRandomNumber code:001a69a0 code:001a4340 code:002264d0 data:005ba8d8 int:1
001a8e5e	igUnresolvedSymbol	24	data:0046201c int:0 code:001a4a00 code:001a8dd0 int:24 str:igUnresolvedSymbol code:001a5a70 code:001a4460 code:00226510 data:005ba8e8 int:0
001a8ebe	igMersenneTwisterRandomNumber	2508	int:0 int:0 code:001a4bb0 code:001a7650 int:2508 str:igMersenneTwisterRandomNumber code:001a6b20 code:001a4450 code:001a8d80 data:005ba8fc int:0
001a8f4b	igMatrixObjectList	20	data:00462028 int:0 int:0 code:001a8ee0 int:20 str:igMatrixObjectList code:001a6bb0 code:001a4390 code:00223ef0 data:005ba910 int:0
001a8fdb	igIntObjectList	20	data:00462030 int:0 int:0 code:001a8f70 int:20 str:igIntObjectList code:001a6c70 code:001a4390 code:00223ef0 data:005ba91c int:0
001a906b	igFloatObjectList	20	data:00462038 int:0 int:0 code:001a9000 int:20 str:igFloatObjectList code:001a6d00 code:001a4390 code:00223ef0 data:005ba92c int:0
001a90eb	igFloatHistogram	36	int:0 int:0 code:001a4f20 code:001a9080 int:36 str:igFloatHistogram code:001a5b20 code:001a4440 code:001a7360 data:005ba934 int:0
001a916e	igDataPumpVec4fSource	56	data:00462040 int:0 code:001a4fb0 code:001a9100 int:56 str:igDataPumpVec4fSource code:001a5b50 code:001a44f0 code:001a7ab0 data:005ba93c int:0
001a91be	igDataPumpVec3fSource	56	data:00462048 int:0 code:001a50e0 code:001a7a50 int:56 str:igDataPumpVec3fSource code:001a5bb0 code:001a44f0 code:001a7ab0 data:005ba948 int:0
001a923b	igDataPumpList	20	data:00462050 int:0 int:0 code:001a91d0 int:20 str:igDataPumpList code:001a5be0 code:001a4390 code:00223ef0 data:005ba95c int:0
001a92ce	igDataPumpFloatLinearInterface	16	data:00462058 int:0 code:001a53e0 code:001a7be0 int:16 str:igDataPumpFloatLinearInterface code:001a6ee0 code:001a4500 code:001a6090 data:005ba96c int:0
001a935b	igBoolObjectList	20	data:00462060 int:0 int:0 code:001a92f0 int:20 str:igBoolObjectList code:001a6f70 code:001a4390 code:00223ef0 data:005ba97c int:0
001a971b	igVec4fObjectList	20	data:00462068 int:0 int:0 code:001a96b0 int:20 str:igVec4fObjectList code:001a6790 code:001a4390 code:00223ef0 data:005ba8ac int:0
001a979b	igNonRefCountedVec3fObjectList	20	data:00462070 int:0 int:0 code:001a9730 int:20 str:igNonRefCountedVec3fObjectList code:001a6850 code:001a43f0 code:00223f30 data:005ba8b4 int:0
001a983e	igNonUniformIntHistogram	40	data:00462078 int:0 code:001a4ae0 code:001a97d0 int:40 str:igNonUniformIntHistogram code:001a6ac0 code:001a4480 code:001a7880 data:005ba8f0 int:0
001a98bb	igNonRefCountedMatrixObjectList	20	data:00462080 int:0 int:0 code:001a9850 int:20 str:igNonRefCountedMatrixObjectList code:001a6be0 code:001a43f0 code:00223f30 data:005ba90c int:0
001a993b	igNonRefCountedIntObjectList	20	data:00462088 int:0 int:0 code:001a98d0 int:20 str:igNonRefCountedIntObjectList code:001a6ca0 code:001a43f0 code:00223f30 data:005ba918 int:0
001a99bb	igNonRefCountedFloatObjectList	20	data:00462090 int:0 int:0 code:001a9950 int:20 str:igNonRefCountedFloatObjectList code:001a6d30 code:001a43f0 code:00223f30 data:005ba928 int:0
001a9a2e	igDataPumpVec4fLinearInterface	28	data:00462098 int:0 code:001a5000 code:001a79f0 int:28 str:igDataPumpVec4fLinearInterface code:001a6dc0 code:001a4500 code:001a6090 data:005ba940 int:0
001a9a7e	igDataPumpVec4fBezierInterface	28	data:004620a0 int:0 code:001a5070 code:001a7a20 int:28 str:igDataPumpVec4fBezierInterface code:001a6df0 code:001a4500 code:001a6090 data:005ba944 int:0
001a9ade	igDataPumpVec3fLinearInterface	24	data:004620a8 int:0 code:001a5130 code:001a7a80 int:24 str:igDataPumpVec3fLinearInterface code:001a6e20 code:001a4500 code:001a6090 data:005ba94c int:0
001a9b3e	igDataPumpInfo	24	data:004620b0 int:0 code:001a5320 code:001a9250 int:24 str:igDataPumpInfo code:001a6e80 code:001a4510 code:002371d0 data:005ba964 int:0
001a9bbb	igNonRefCountedBoolObjectList	20	data:004620b8 int:0 int:0 code:001a9b50 int:20 str:igNonRefCountedBoolObjectList code:001a6fa0 code:001a43f0 code:00223f30 data:005ba978 int:0
001a9c0e	igAdaptiveFloatHistogramBuilder	20	data:004620c0 int:0 code:001a55a0 code:001a7d60 int:20 str:igAdaptiveFloatHistogramBuilder code:001a6fd0 code:001a4340 code:002264d0 data:005ba984 int:0
001a9ebb	igNonRefCountedVec4fObjectList	20	data:004620d0 int:0 int:0 code:001a9e50 int:20 str:igNonRefCountedVec4fObjectList code:001a67c0 code:001a43f0 code:00223f30 data:005ba8a8 int:0
001a9f3b	igUnresolvedSymbolList	20	data:004620d8 int:0 int:0 code:001a9ed0 int:20 str:igUnresolvedSymbolList code:001a6a00 code:001a4390 code:00223ef0 data:005ba8e4 int:0
001a9f8e	igDataPumpManager	12	data:004620e0 int:0 code:001a6000 code:001a7b00 int:12 str:igDataPumpManager code:001a6eb0 code:001a4340 code:002264d0 data:005ba958 int:0
001b8a4a	igUserUCodeExt	20	int:0 int:0 int:0 int:0 int:20 str:igUserUCodeExt code:001b7e30 code:001aa690 code:00226700 data:005bb17c int:1
001b8a8a	igScissorExt	20	int:0 int:0 int:0 int:0 int:20 str:igScissorExt code:001b7e60 code:001aa690 code:00226700 data:005bb180 int:1
001b914a	igCustomState	12	int:0 int:0 int:0 int:0 int:12 str:igCustomState code:001b7b70 code:001a4460 code:00226510 data:005bb220 int:1
001b94ad	igBlendEquationExt	24	int:0 int:0 code:001ab580 int:0 int:24 str:igBlendEquationExt code:001b83c0 code:001aa690 code:00226700 data:005bb27c int:1
001c2dd3	igVertexData	36	data:00468af8 int:0 code:001aaa40 code:001c2d70 int:36 str:igVertexData code:001b7930 code:001a4460 code:00226510 data:005bb16c int:0
001c2e13	igVertexArray1_1	48	data:00468b00 code:001b89f0 code:001aaad0 int:0 int:48 str:igVertexArray1_1 code:001c2a30 code:001aa4a0 code:001debc0 data:005bb170 int:1
001c2e90	igPrimLengthArray1_1	20	int:0 int:0 code:001aac30 code:001c2e30 int:20 str:igPrimLengthArray1_1 code:001d9710 code:001aa6a0 code:001da4a0 data:005bb188 int:0
001c2fd3	igCustomStateField	20	data:00468b08 int:0 code:001ab1f0 code:001c2f70 int:20 str:igCustomStateField code:001b7c00 code:001a4460 code:00226510 data:005bb210 int:0
001c3cad	igDx8VertexBlendingShaderManager	32	int:0 int:0 int:0 code:001c3c50 int:32 str:igDx8VertexBlendingShaderManager code:001d9740 code:001aa820 code:001ddb20 data:005bb344 int:0
001c3d40	igDx8VertexArray2	28	int:0 int:0 code:001b9b10 code:001c3cc0 int:28 str:igDx8VertexArray2 code:001d9770 code:001c3390 code:001da730 data:005bb348 int:0
001d0d43	igCustomStateCollection	28	data:00468e38 int:0 code:001ab240 code:001d0ce0 int:28 str:igCustomStateCollection code:001b7ba0 code:001a4390 code:00223ef0 data:005bb21c int:0
001d0fb0	igVertexBlendShaderCapsInfoMetaField	56	data:00468e40 int:0 int:0 code:001d0f30 int:56 str:igVertexBlendShaderCapsInfoMetaField code:001b84a0 code:001aa560 code:0022a130 data:005bb2d8 int:0
001d1190	igDx8IndexArray	48	int:0 int:0 code:001c3d80 code:001d1130 int:48 str:igDx8IndexArray code:001da420 code:001c3300 code:001dbd20 data:005bb360 int:0
001d4680	igCustomStateFieldList	20	data:00468e48 int:0 int:0 code:001d0c70 int:20 str:igCustomStateFieldList code:001b7c30 code:001a4390 code:00223ef0 data:005bb20c int:0
001d4953	igDx8VisualContext	1368	int:0 int:0 code:001c3c40 code:001d48e0 int:1368 str:igDx8VisualContext code:001daf60 code:001c3880 code:001dde10 data:005bb334 int:0
001d98c0	igVertexDataList	20	data:00468e80 int:0 int:0 code:001d9860 int:20 str:igVertexDataList code:001b7960 code:001a4390 code:00223ef0 data:005bb164 int:0
001d99c0	igCustomStateCollectionList	20	data:00468eb8 int:0 int:0 code:001d0cb0 int:20 str:igCustomStateCollectionList code:001b7bd0 code:001a4390 code:00223ef0 data:005bb214 int:0
001d9cb3	igDx8DecalExt	28	data:00468f30 int:0 code:001abb80 code:001d4ab0 int:28 str:igDx8DecalExt code:001dc1d0 code:001aa810 code:001dcce0 data:005bb36c int:0
001d9cf3	igXboxLineWidthExt	28	data:00468f38 int:0 code:001abbf0 code:001d4ae0 int:28 str:igXboxLineWidthExt code:001dc200 code:001aa6d0 code:001dcca0 data:005bb370 int:0
001da4cd	igPrimLengthArray	20	int:0 int:0 code:001d9900 int:0 int:20 str:igPrimLengthArray code:001b7ec0 code:001a4340 code:002264d0 data:005bb18c int:1
001da640	igDxVertexArrayList	20	data:00468f90 int:0 int:0 code:001da5e0 int:20 str:igDxVertexArrayList code:001b8590 code:001a43f0 code:00223f30 data:005bb2c8 int:0
001da680	igVertexBlendShaderCapsInfoList	20	int:0 int:0 code:001d9b20 code:001d47b0 int:20 str:igVertexBlendShaderCapsInfoList code:001b84d0 code:001a4380 code:0021ee90 data:005bb2d4 int:0
001da6f0	igNonRefCountedDxVertexStreamList	20	data:00468f98 int:0 int:0 code:001da690 int:20 str:igNonRefCountedDxVertexStreamList code:001b86e0 code:001a43f0 code:00223f30 data:005bb2e0 int:0
001da760	igDxVertexArray2	28	int:0 int:0 code:001d9bf0 code:001c33a0 int:28 str:igDxVertexArray2 code:001b8650 code:001c2ce0 code:001ddd00 data:005bb2ec int:0
001db2d0	igIndexArray	28	data:004691b0 int:0 code:001da4e0 int:0 int:28 str:igIndexArray code:001c2a60 code:001a4340 code:002264d0 data:005bb1d0 int:1
001dbd53	igDxIndexArray	48	data:00469b34 int:0 code:001da770 code:001d0fc0 int:48 str:igDxIndexArray code:001b8560 code:001aa6e0 code:001db2a0 data:005bb318 int:0
001dc330	igVertexBlendShaderCapsInfoListList	20	data:00469b5c int:0 int:0 code:001d9af0 int:20 str:igVertexBlendShaderCapsInfoListList code:001b8500 code:001a4390 code:00223ef0 data:005bb2d0 int:0
001dc370	igNonRefCountedDxVertexArray2List	20	data:00469b64 int:0 int:0 code:001da700 int:20 str:igNonRefCountedDxVertexArray2List code:001b86b0 code:001a43f0 code:00223f30 data:005bb2e4 int:0
001dcccd	igLineWidthExt	24	int:0 int:0 code:001dc250 int:0 int:24 str:igLineWidthExt code:001b7fe0 code:001aa690 code:00226700 data:005bb1cc int:1
001dcd0d	igDecalExt	24	int:0 int:0 code:001dc2b0 int:0 int:24 str:igDecalExt code:001b82a0 code:001aa690 code:00226700 data:005bb25c int:1
001dcd50	igDxIndexArrayList	20	data:00469b6c int:0 int:0 code:001da5b0 int:20 str:igDxIndexArrayList code:001b85c0 code:001a43f0 code:00223f30 data:005bb2c4 int:0
001dcdb0	igDxVertexStream	108	data:00469b74 int:0 code:001ab790 int:0 int:108 str:igDxVertexStream code:001c2b80 code:001aa540 code:001ddcb0 data:005bb2fc int:1
001dcdf0	igDx8VertexStream	108	int:0 int:0 code:001b9bd0 code:001d1050 int:108 str:igDx8VertexStream code:001ddb70 code:001c3380 code:001dcd80 data:005bb34c int:0
001ddb53	igDxVertexBlendingShaderManager	32	data:00469b8c int:0 code:001d99d0 code:001c3320 int:32 str:igDxVertexBlendingShaderManager code:001b8530 code:001a4340 code:002264d0 data:005bb2cc int:0
001ddce3	igVertexStream	36	data:00469bf8 int:0 code:001ddba0 code:001c2d40 int:36 str:igVertexStream code:001b7990 code:001a4460 code:00226510 data:005bb160 int:0
001ddd33	igVertexArray2	24	data:00469c00 int:0 code:001d97b0 code:001c2cf0 int:24 str:igVertexArray2 code:001b79c0 code:001a4460 code:00226510 data:005bb154 int:0
001dde03	igVisualContext	320	data:00469c10 int:0 code:001dafc0 int:0 int:320 str:igVisualContext code:001c2a00 code:001aa550 code:002266b0 data:005bb144 int:1
001dde43	igDxVisualContext	1368	data:00469c28 int:0 code:001db2e0 int:0 int:1368 str:igDxVisualContext code:001b8620 code:001aa670 code:001dddd0 data:005bb2bc int:1
001dde90	igDxVertexArray1_1	116	data:00469c60 int:0 code:001c33f0 int:0 int:116 str:igDxVertexArray1_1 code:001c2b50 code:001aa680 code:001c2de0 data:005bb304 int:1
001dded6	igDxPointSpriteExt	440	data:00469c68 int:0 code:001b96a0 code:001d47f0 int:440 str:igDxPointSpriteExt code:001c2bb0 code:001aa6b0 code:001dec90 data:005bb308 int:0
001ddf13	igDxMultiTextureExt	24	data:00469c70 int:0 code:001aba70 code:001d4880 int:24 str:igDxMultiTextureExt code:001c2be0 code:001aa6c0 code:001dec00 data:005bb310 int:0
001ddf53	igDxDisableExt	24	data:00469c78 int:0 code:001abb00 code:001d48b0 int:24 str:igDxDisableExt code:001c2c40 code:001aa800 code:001dec40 data:005bb328 int:0
001ddf90	igDx8VertexArray1_1	116	int:0 int:0 code:001c3d60 code:001d4990 int:116 str:igDx8VertexArray1_1 code:001de8c0 code:001c3310 code:001dde60 data:005bb350 int:0
001ddfd0	igDx8PointSpriteExt	440	int:0 int:0 int:0 code:001d49c0 int:440 str:igDx8PointSpriteExt code:001de8f0 code:001aa860 code:001ddea0 data:005bb354 int:0
001de00d	igDx8MultiTextureExt	24	int:0 int:0 int:0 code:001d4a50 int:24 str:igDx8MultiTextureExt code:001de920 code:001aa870 code:001ddee0 data:005bb35c int:0
001de04d	igDx8DisableExt	24	int:0 int:0 int:0 code:001d4a80 int:24 str:igDx8DisableExt code:001de950 code:001aa880 code:001ddf20 data:005bb368 int:0
001debed	igVertexArray	24	int:0 int:0 code:001de980 int:0 int:24 str:igVertexArray code:001b78d0 code:001a4340 code:002264d0 data:005bb178 int:1
001dec2d	igMultiTextureExt	20	int:0 int:0 code:001deba0 int:0 int:20 str:igMultiTextureExt code:001b7fb0 code:001aa690 code:00226700 data:005bb1c8 int:1
001dec6d	igDisableExt	20	int:0 int:0 code:001debb0 int:0 int:20 str:igDisableExt code:001b8270 code:001aa690 code:00226700 data:005bb258 int:1
001decc6	igPointSpriteExt	392	data:00469de0 int:0 code:001de9e0 code:001d4550 int:392 str:igPointSpriteExt code:001b7ef0 code:001aa690 code:00226700 data:005bb198 int:0
001df1d0	igXboxCapabilityManager	8	int:0 code:001b8800 int:0 code:001b87d0 int:8 str:igXboxCapabilityManager code:001b7840 code:001a4340 code:002264d0 data:005bb134 int:0
001df210	igVisualContextList	20	data:00469dec int:0 int:0 code:001daf90 int:20 str:igVisualContextList code:001b7dd0 code:001a43f0 code:00223f30 data:005bb13c int:0
001df250	igMatrix44fPointerList	20	int:0 int:0 code:001aa8e0 code:001d4500 int:20 str:igMatrix44fPointerList code:001b7da0 code:001a4380 code:0021ee90 data:005bb148 int:0
001df293	igVertexArray2Helper	16	data:00469df4 int:0 code:001b88c0 code:001d0ae0 int:16 str:igVertexArray2Helper code:001b7e00 code:001a4460 code:00226510 data:005bb14c int:0
001df2d0	igVertexArray2List	20	data:00469dfc int:0 int:0 code:001da460 int:20 str:igVertexArray2List code:001b79f0 code:001a4390 code:00223ef0 data:005bb150 int:0
001df310	igVertexArrayList	20	data:00469e04 int:0 int:0 code:001d98d0 int:20 str:igVertexArrayList code:001b7900 code:001a4390 code:00223ef0 data:005bb174 int:0
001df350	igParticleFormat	48	int:0 int:0 code:001aade0 code:001b8e80 int:48 str:igParticleFormat code:001b7f20 code:001a4340 code:002264d0 data:005bb1b4 int:0
001df38a	igImageUtils	8	int:0 int:0 int:0 int:0 int:8 str:igImageUtils code:001c2a90 code:001a4340 code:002264d0 data:005bb1dc int:1
001df3d0	igImageRefResolver	24	int:0 int:0 code:001ab090 code:001d0b90 int:24 str:igImageRefResolver code:001b8040 code:001a4470 code:001a7570 data:005bb1e0 int:0
001df40a	igMemoryImage	92	int:0 int:0 int:0 int:0 int:92 str:igMemoryImage code:001c2b20 code:001aa7d0 code:001e1910 data:005bb1ec int:1
001df450	igTrackedElementMetaField	56	data:00469e0c int:0 int:0 code:001d4600 int:56 str:igTrackedElementMetaField code:001b7c60 code:001aa560 code:0022a130 data:005bb204 int:0
001df490	igGfxStateModifierList	20	int:0 int:0 code:001c3070 code:001d46a0 int:20 str:igGfxStateModifierList code:001b7ae0 code:001a4380 code:0021ee90 data:005bb22c int:0
001df4d3	igGfxShaderDefine	20	data:00469e14 int:0 code:001ab2f0 code:001c3150 int:20 str:igGfxShaderDefine code:001b7a80 code:001a4460 code:00226510 data:005bb234 int:0
001df510	igTextureSamplerSource	24	int:0 int:0 code:001ab380 code:001c3190 int:24 str:igTextureSamplerSource code:001b7a20 code:001a4460 code:00226510 data:005bb23c int:0
001df550	igGamecubeCapabilityManager	8	int:0 code:001b9330 int:0 code:001b9300 int:8 str:igGamecubeCapabilityManager code:001b81b0 code:001a4340 code:002264d0 data:005bb244 int:0
001df58d	igExternalImageEntry	44	int:0 int:0 int:0 code:001d46d0 int:44 str:igExternalImageEntry code:001b8210 code:001c31c0 code:00229d00 data:005bb24c int:0
001df5cd	igEnumHelper	8	int:0 int:0 int:0 code:001b9390 int:8 str:igEnumHelper code:001b8240 code:001a4340 code:002264d0 data:005bb250 int:0
001df610	igCustomVectorState	28	int:0 int:0 code:001b93c0 code:001d0e30 int:28 str:igCustomVectorState code:001b82d0 code:001aa570 code:001b9120 data:005bb264 int:0
001df650	igCustomMatrixState	76	int:0 int:0 code:001ab400 code:001c3280 int:76 str:igCustomMatrixState code:001b8330 code:001aa570 code:001b9120 data:005bb26c int:0
001df690	igClut	32	int:0 int:0 code:001ab450 code:001b9450 int:32 str:igClut code:001b8390 code:001a4340 code:002264d0 data:005bb270 int:0
001df6ca	igCapabilityManager	8	int:0 int:0 int:0 int:0 int:8 str:igCapabilityManager code:001b7870 code:001a4340 code:002264d0 data:005bb274 int:1
001df70d	igDxInternalLightList	20	int:0 int:0 int:0 code:001d4770 int:20 str:igDxInternalLightList code:001b85f0 code:001a4380 code:0021ee90 data:005bb2c0 int:0
001df750	igDxVertexArray2List	20	data:00469e1c int:0 int:0 code:001d9bc0 int:20 str:igDxVertexArray2List code:001b8680 code:001a4390 code:00223ef0 data:005bb2e8 int:0
001df790	igDxImageConvert	8	int:0 int:0 code:001b97d0 code:001c36b0 int:8 str:igDxImageConvert code:001e0880 code:001aa700 code:001e18d0 data:005bb31c int:0
001df7cd	igDxImageUtils	8	int:0 int:0 int:0 code:001b97e0 int:8 str:igDxImageUtils code:001b8710 code:001a4340 code:002264d0 data:005bb320 int:0
001df816	igDxImage	216	int:0 code:001b9810 code:001c36f0 code:001d0ff0 int:216 str:igDxImage code:001c2c10 code:001aa7f0 code:001df3e0 data:005bb324 int:0
001df84d	igDx8InternalLightList	20	int:0 int:0 int:0 code:001d4960 int:20 str:igDx8InternalLightList code:001b87a0 code:001aa850 code:001df6e0 data:005bb338 int:0
001df88d	igDx8IndexArrayList	20	int:0 int:0 int:0 code:001da860 int:20 str:igDx8IndexArrayList code:001b8770 code:001aa840 code:001dcd20 data:005bb33c int:0
001df8cd	igDx8VertexArrayList	20	int:0 int:0 int:0 code:001da890 int:20 str:igDx8VertexArrayList code:001b8740 code:001aa830 code:001da610 data:005bb340 int:0
001df916	igDx8Image	216	int:0 code:001b9810 code:001c3da0 code:001d11a0 int:216 str:igDx8Image code:001e08b0 code:001c36e0 code:001df7e0 data:005bb364 int:0
001df953	igVisualContextCapabilityManager	12	data:00469e24 int:0 code:001b8830 code:001c2c70 int:12 str:igVisualContextCapabilityManager code:001b78a0 code:001aa490 code:001df6a0 data:005bb138 int:0
001df990	igPsx2CapabilityManager	8	int:0 code:001b8ad0 int:0 code:001b8aa0 int:8 str:igPsx2CapabilityManager code:001b7e90 code:001aa490 code:001df6a0 data:005bb184 int:0
001df9da	igImageLoader	8	int:0 int:0 int:0 int:0 int:8 str:igImageLoader code:001c2ac0 code:001aa6f0 code:001df360 data:005bb1d4 int:1
001dfa4d	igGenericCapabilityManager	8	int:0 int:0 int:0 code:001b92d0 int:8 str:igGenericCapabilityManager code:001b8180 code:001aa490 code:001df6a0 data:005bb240 int:0
001dfa8d	igFileCapabilityManager	8	int:0 int:0 int:0 code:001b9350 int:8 str:igFileCapabilityManager code:001b81e0 code:001aa490 code:001df6a0 data:005bb248 int:0
001dfb13	igTgaLoader	48	data:00469e2c int:0 code:001ab5f0 code:001d0e90 int:48 str:igTgaLoader code:001b83f0 code:001aa710 code:001df9b0 data:005bb280 int:0
001dfb53	igParticleArray	92	data:00469e34 int:0 code:001b8ca0 code:001c2ed0 int:92 str:igParticleArray code:001b7f50 code:001a4340 code:002264d0 data:005bb1ac int:0
001dfc33	igGfxShaderConstant	48	data:00469e4c int:0 code:001b91d0 code:001c3020 int:48 str:igGfxShaderConstant code:001b7b10 code:001a4460 code:00226510 data:005bb228 int:0
001dfc70	igGfxShaderDefineList	20	data:00469e54 int:0 int:0 code:001d0d90 int:20 str:igGfxShaderDefineList code:001b7ab0 code:001a4390 code:00223ef0 data:005bb230 int:0
001dfcb0	igTextureSamplerSourceList	20	data:00469e5c int:0 int:0 code:001d0dc0 int:20 str:igTextureSamplerSourceList code:001b7a50 code:001a4390 code:00223ef0 data:005bb238 int:0
001dfcf0	igCustomVectorStateList	20	data:00469e64 int:0 int:0 code:001d0e00 int:20 str:igCustomVectorStateList code:001b8300 code:001a4390 code:00223ef0 data:005bb260 int:0
001dfd50	igCustomMatrixStateList	20	data:00469e6c int:0 int:0 code:001d0e60 int:20 str:igCustomMatrixStateList code:001b8360 code:001a4390 code:00223ef0 data:005bb268 int:0
001e0a90	igTrackedElementList	20	int:0 int:0 code:001dfb80 code:001d45d0 int:20 str:igTrackedElementList code:001b7c90 code:001a4380 code:0021ee90 data:005bb1fc int:0
001e18a3	igParticleArrayHelper	32	data:00469fd4 int:0 code:001b8b10 code:001c2ea0 int:32 str:igParticleArrayHelper code:001b7f80 code:001a4340 code:002264d0 data:005bb1a0 int:0
001e18fd	igImageConvert	8	int:0 int:0 code:001e0910 int:0 int:8 str:igImageConvert code:001b8010 code:001aa6f0 code:001df360 data:005bb1d8 int:1
001e1943	igImage	92	data:00469fdc code:001b8f40 code:001e0920 int:0 int:92 str:igImage code:001b80a0 code:001a4340 code:002264d0 data:005bb1f4 int:1
001e1990	igGfxShaderConstantList	20	data:00469fe4 int:0 int:0 code:001d0d50 int:20 str:igGfxShaderConstantList code:001b7b40 code:001a4390 code:00223ef0 data:005bb224 int:0
001e1aaa	igFileImage	92	int:0 int:0 int:0 int:0 int:92 str:igFileImage code:001c2af0 code:001aa7d0 code:001e1910 data:005bb1f0 int:1
001e1b13	igFileImagePng	96	data:00469fec int:0 code:001ab680 code:001d4720 int:96 str:igFileImagePng code:001b8420 code:001aa7e0 code:001e1a80 data:005bb284 int:0
001e1c40	igImageList	20	data:00469ff4 int:0 int:0 code:001d0c10 int:20 str:igImageList code:001b8150 code:001a4390 code:00223ef0 data:005bb1e8 int:0
001e5183	igImageInfo	24	data:00469ffc int:0 code:001b8ed0 code:001d0be0 int:24 str:igImageInfo code:001b8070 code:001a4510 code:002371d0 data:005bb1e4 int:0
002198ab	igShortMetaField	52	data:0046a734 int:0 int:0 code:00219840 int:52 str:igShortMetaField code:001a58e0 code:001a4350 code:00221cf0 data:005bc1e8 int:0
0021b800	igUnsignedCharMetaField	52	data:0046a73c int:0 int:0 code:0021b790 int:52 str:igUnsignedCharMetaField code:001a4790 code:001a4350 code:00221cf0 data:005bc17c int:0
0021bd4b	igIntMetaField	52	data:0046a744 int:0 int:0 code:0021bce0 int:52 str:igIntMetaField code:001a4810 code:001a4350 code:00221cf0 data:005bc304 int:0
0021c09b	igCharMetaField	52	data:0046a74c int:0 int:0 code:0021c030 int:52 str:igCharMetaField code:001f2a00 code:001a4350 code:00221cf0 data:005bc450 int:0
0021c13b	igBoolMetaField	52	data:0046a754 int:0 int:0 code:0021c0d0 int:52 str:igBoolMetaField code:001a4970 code:001a4350 code:00221cf0 data:005bc468 int:0
0021eec0	igDataList	20	int:0 int:0 code:0021de80 code:001f3370 int:20 str:igDataList code:00219420 code:001a4340 code:002264d0 data:005bc3c8 int:0
0021ef00	igIntList	20	int:0 int:0 code:0021c970 code:00200430 int:20 str:igIntList code:001f1b50 code:001a4380 code:0021ee90 data:005bc420 int:0
0021efdb	igRawRefMetaField	56	data:0046a994 int:0 int:0 code:0021b9f0 int:56 str:igRawRefMetaField code:001f2540 code:00217630 code:0021ef70 data:005bc21c int:0
0021f02e	igStringMetaField	60	data:0046a99c int:0 code:0021e970 code:0021b890 int:60 str:igStringMetaField code:001a4f60 code:00217630 code:0021ef70 data:005bc1d4 int:0
0022073e	igEnumMetaField	56	data:0046ac68 int:0 code:0021f2e0 code:0021be90 int:56 str:igEnumMetaField code:001f2c40 code:001a4350 code:00221cf0 data:005bc374 int:0
00220810	igStringRefList	20	int:0 int:0 code:0021ffa0 code:00206900 int:20 str:igStringRefList code:001f1ac0 code:001a4380 code:0021ee90 data:005bc1c4 int:0
002208a3	igMetaEnum	20	data:0046ac80 int:0 code:00220410 code:00219a90 int:20 str:igMetaEnum code:001f2820 code:001a4340 code:002264d0 data:005bc290 int:0
0022192e	igMemoryRefMetaField	80	data:0046af7c int:0 code:00221070 code:0021bb80 int:80 str:igMemoryRefMetaField code:001f2850 code:00217630 code:0021ef70 data:005bc294 int:0
00221d1b	igMetaField	52	data:0046b0d8 int:0 code:00221b10 int:0 int:52 str:igMetaField code:002193c0 code:001a4340 code:002264d0 data:005bc28c int:1
00221d5b	igUnsignedShortMetaField	52	data:0046b0e0 int:0 int:0 code:00219670 int:52 str:igUnsignedShortMetaField code:001a58f0 code:001a4350 code:00221cf0 data:005bc14c int:0
0022220e	igMetaObject	100	data:0046b2c4 int:0 code:00221f50 code:00219a10 int:100 str:igMetaObject code:001f19c0 code:001a4340 code:002264d0 data:005bc274 int:0
0022225e	igObjectRefMetaField	68	data:0046b2d4 int:0 code:00220140 code:0021bac0 int:68 str:igObjectRefMetaField code:001f2720 code:00217630 code:0021ef70 data:005bc248 int:0
0022259b	__internalNonRefCountedObjectList	16	int:0 int:0 code:00222460 code:002002e0 int:16 str:__internalNonRefCountedObjectList code:002193f0 code:001a4340 code:002264d0 data:005bc300 int:0
002225db	__internalObjectList	16	int:0 int:0 code:0020b850 code:002002b0 int:16 str:__internalObjectList code:001f1a50 code:001f4e10 code:00222570 data:005bc2fc int:0
0022386b	igUnsignedLongMetaField	52	data:0046b3f0 int:0 int:0 code:002196d0 int:52 str:igUnsignedLongMetaField code:001a46a0 code:001a4350 code:00221cf0 data:005bc15c int:0
002238ab	igUnsignedIntMetaField	52	data:0046b3f8 int:0 int:0 code:00219730 int:52 str:igUnsignedIntMetaField code:001a4ba0 code:001a4350 code:00221cf0 data:005bc16c int:0
00223a33	igStructMetaField	64	data:0046b400 int:0 code:0021feb0 code:0021b850 int:64 str:igStructMetaField code:001f2210 code:001a4350 code:00221cf0 data:005bc1b8 int:0
00223f20	igObjectList	20	int:0 int:0 code:00222310 code:00200210 int:20 str:igObjectList code:00219450 code:001a4380 code:0021ee90 data:005bc258 int:0
00223f60	igNonRefCountedObjectList	20	int:0 int:0 code:002223b0 code:00206960 int:20 str:igNonRefCountedObjectList code:00219530 code:001a4380 code:0021ee90 data:005bc260 int:0
00224ab0	igContextExtList	20	data:0046bc18 int:0 int:0 code:0020bd20 int:20 str:igContextExtList code:001f2ee0 code:001a4390 code:00223ef0 data:005bc430 int:0
00224b50	igPthreadThreadManager	16	int:0 int:0 code:001f34b0 code:00206d10 int:16 str:igPthreadThreadManager code:002263c0 code:001e6810 code:00227f50 data:005bc4dc int:0
002264c0	igPthreadSemaphore	32	int:0 int:0 code:00226170 code:0021c240 int:32 str:igPthreadSemaphore code:002265e0 code:001e6890 code:00226660 data:005bc4e4 int:0
002264fb	igObject	8	int:0 int:0 code:00226250 code:001ea570 int:8 str:igObject code:001a4340 code:002123a0 code:001f7da0 data:005bc554 int:0
00226540	igNamedObject	12	int:0 int:0 code:002203b0 code:00213b90 int:12 str:igNamedObject code:00219560 code:001a4340 code:002264d0 data:005bc26c int:0
00226583	igErrorHandler	8	int:0 code:0021be40 code:00214680 code:00200310 int:8 str:igErrorHandler code:001f2c10 code:001a4340 code:002264d0 data:005bc370 int:0
002265c3	igContextExtInfo	20	data:0046c71c int:0 code:00221a70 code:0021a010 int:20 str:igContextExtInfo code:001f2e80 code:001a4340 code:002264d0 data:005bc438 int:0
00226650	igContextExtInfoList	20	data:0046c724 int:0 int:0 code:0020bd50 int:20 str:igContextExtInfoList code:001f2eb0 code:001a4390 code:00223ef0 data:005bc434 int:0
0022668d	igSemaphore	12	int:0 int:0 code:00226610 int:0 int:12 str:igSemaphore code:001f2390 code:001a4460 code:00226510 data:005bc1f8 int:1
002266e0	igContext	20	data:0046c72c int:0 code:002232c0 int:0 int:20 str:igContext code:002195f0 code:001a4340 code:002264d0 data:005bc444 int:1
0022672a	igContextExt	20	int:0 int:0 int:0 int:0 int:20 str:igContextExt code:001f2e50 code:001aa550 code:002266b0 data:005bc43c int:1
00226773	igPthreadThread	68	data:0046c738 int:0 code:002260f0 code:0021c200 int:68 str:igPthreadThread code:00227420 code:0020b4e0 code:00227cc0 data:005bc4e0 int:0
00227ced	igThread	48	int:0 int:0 code:00227450 int:0 int:48 str:igThread code:001f21b0 code:001a4460 code:00226510 data:005bc1a8 int:1
00227df0	igNonRefCountedThreadList	20	data:0046c7e0 int:0 int:0 code:002197d0 int:20 str:igNonRefCountedThreadList code:001f2180 code:001a43f0 code:00223f30 data:005bc1ac int:0
00227e30	igThreadList	20	data:0046c7e8 int:0 int:0 code:00213000 int:20 str:igThreadList code:001f2150 code:001a4390 code:00223ef0 data:005bc1b0 int:0
00227f83	igThreadManager	16	data:0046c7f0 code:00227f40 code:002263f0 int:0 int:16 str:igThreadManager code:001f20f0 code:001a4340 code:002264d0 data:005bc190 int:1
00228050	igVirtualCFuncMetaField	52	data:0046c7fc int:0 int:0 code:0021b690 int:52 str:igVirtualCFuncMetaField code:001f1fd0 code:001a4350 code:00221cf0 data:005bc144 int:0
002280d3	igUnsignedShortArrayMetaField	56	data:0046c804 int:0 code:0021e7f0 code:0021b6d0 int:56 str:igUnsignedShortArrayMetaField code:001f2000 code:002182c0 code:00221d30 data:005bc154 int:0
00228153	igUnsignedLongArrayMetaField	56	data:0046c80c int:0 code:0021e850 code:0021b710 int:56 str:igUnsignedLongArrayMetaField code:001f2030 code:00218250 code:00223840 data:005bc164 int:0
002281d3	igUnsignedIntArrayMetaField	56	data:0046c814 int:0 code:0021e8b0 code:0021b750 int:56 str:igUnsignedIntArrayMetaField code:001f2060 code:002181e0 code:00223880 data:005bc174 int:0
00228253	igUnsignedCharArrayMetaField	56	data:0046c81c int:0 code:0021e910 code:0021b810 int:56 str:igUnsignedCharArrayMetaField code:001f2090 code:00219790 code:0021b7d0 data:005bc184 int:0
002282d0	igStringPool	20	int:0 int:0 code:002254b0 code:002001a0 int:20 str:igStringPool code:001f2270 code:001a4340 code:002264d0 data:005bc1c8 int:0
002283d3	igStringArrayMetaField	64	data:0046c824 int:0 code:0021ead0 code:0021b8e0 int:64 str:igStringArrayMetaField code:001f2300 code:002180a0 code:0021f000 data:005bc1dc int:0
00228453	igShortArrayMetaField	56	data:0046c82c int:0 code:0021eb30 code:0021b930 int:56 str:igShortArrayMetaField code:001f2360 code:00217e30 code:00219880 data:005bc1f0 int:0
002284d3	igRawRefArrayMetaField	60	data:0046c834 int:0 code:0021ebd0 code:0021c630 int:60 str:igRawRefArrayMetaField code:001f2570 code:0021b190 code:0021efb0 data:005bc224 int:0
00228550	igPluginRepository	20	int:0 int:0 code:00220ff0 code:0021ba60 int:20 str:igPluginRepository code:001f2600 code:001a4460 code:00226510 data:005bc23c int:0
002285d3	igObjectRefArrayMetaField	72	data:0046c83c int:0 code:0021ec30 code:0021c700 int:72 str:igObjectRefArrayMetaField code:001f2790 code:001a4890 code:00222230 data:005bc250 int:0
00228650	igNamedObjectList	20	data:0046c844 int:0 int:0 code:0020b670 int:20 str:igNamedObjectList code:001f2120 code:001a4390 code:00223ef0 data:005bc268 int:0
002286d3	igMemoryRefArrayMetaField	84	data:0046c84c int:0 code:0021ec90 code:0021c760 int:84 str:igMemoryRefArrayMetaField code:001f2880 code:0021ab50 code:00221900 data:005bc29c int:0
00228750	igMemoryFileEntry	20	int:0 int:0 code:00225690 code:00219b80 int:20 str:igMemoryFileEntry code:001f2970 code:001a4460 code:00226510 data:005bc2c0 int:0
002287d0	igMedia	8	int:0 code:00200250 code:00219c20 int:0 int:8 str:igMedia code:001f2a90 code:001a4340 code:002264d0 data:005bc2d4 int:1
00228850	igLongMetaField	52	data:0046c854 int:0 int:0 code:0021bc60 int:52 str:igLongMetaField code:001a45e0 code:001a4350 code:00221cf0 data:005bc2dc int:0
002288d3	igLongArrayMetaField	56	data:0046c85c int:0 code:0021ee30 code:0021bca0 int:56 str:igLongArrayMetaField code:001f2af0 code:00219c40 code:002287e0 data:005bc2e4 int:0
00228953	igIntArrayMetaField	56	data:0046c864 int:0 code:0021dc50 code:0021c800 int:56 str:igIntArrayMetaField code:001f2b80 code:0021a3b0 code:0021bd20 data:005bc30c int:0
002289d0	igInfoList	20	data:0046c86c int:0 int:0 code:0020b8e0 int:20 str:igInfoList code:001f2690 code:001a4390 code:00223ef0 data:005bc314 int:0
00228a50	igFloatMetaField	52	data:0046c874 int:0 int:0 code:0021bdc0 int:52 str:igFloatMetaField code:001a4c00 code:001a4350 code:00221cf0 data:005bc324 int:0
00228ad3	igFloatArrayMetaField	56	data:0046c87c int:0 code:0021dcb0 code:0021be00 int:56 str:igFloatArrayMetaField code:001f2be0 code:00219ed0 code:002289e0 data:005bc32c int:0
00228b53	igEnumArrayMetaField	60	data:0046c884 int:0 code:0021ddc0 code:0021c840 int:60 str:igEnumArrayMetaField code:001f2c70 code:001a51d0 code:00220710 data:005bc37c int:0
00228bd0	igDriverVersion	16	int:0 int:0 code:002221a0 code:00200340 int:16 str:igDriverVersion code:001f2cd0 code:001a4340 code:002264d0 data:005bc390 int:0
00228c50	igDoubleMetaField	52	data:0046c88c int:0 int:0 code:0021bef0 int:52 str:igDoubleMetaField code:001f2d30 code:001a4350 code:00221cf0 data:005bc394 int:0
00228cd3	igDoubleArrayMetaField	56	data:0046c894 int:0 code:0021de20 code:0021bf30 int:56 str:igDoubleArrayMetaField code:001f2d60 code:00219fd0 code:00228be0 data:005bc39c int:0
00228d50	igDirectoryList	20	data:0046c89c int:0 int:0 code:0020ba40 int:20 str:igDirectoryList code:001f2480 code:001a4390 code:00223ef0 data:005bc3a4 int:0
00228dd0	igDirEntry	28	int:0 int:0 code:002213b0 code:00214a10 int:28 str:igDirEntry code:001f2420 code:001a4460 code:00226510 data:005bc3b4 int:0
00228e50	igStringRefListList	20	data:0046c8a4 int:0 int:0 code:0020ba90 int:20 str:igStringRefListList code:001f1f10 code:001a4390 code:00223ef0 data:005bc3cc int:0
00228ed0	igObjectListList	20	data:0046c8ac int:0 int:0 code:0020bac0 int:20 str:igObjectListList code:001f1ee0 code:001a4390 code:00223ef0 data:005bc3d0 int:0
00228f50	igIntListList	20	data:0046c8b4 int:0 int:0 code:0020baf0 int:20 str:igIntListList code:001f1eb0 code:001a4390 code:00223ef0 data:005bc3d4 int:0
00228fd0	igMetaFieldList	20	data:0046c8bc int:0 int:0 code:0020bb20 int:20 str:igMetaFieldList code:001f1e80 code:001a4390 code:00223ef0 data:005bc3d8 int:0
00229050	igMetaObjectList	20	data:0046c8c4 int:0 int:0 code:0020bb80 int:20 str:igMetaObjectList code:001f1e20 code:001a4390 code:00223ef0 data:005bc3e0 int:0
002290d0	igPointerList	20	int:0 int:0 code:0021f040 code:00206aa0 int:20 str:igPointerList code:001f1dc0 code:001a4380 code:0021ee90 data:005bc3e8 int:0
00229150	igUnsignedCharList	20	int:0 int:0 code:0021c8d0 code:00206b40 int:20 str:igUnsignedCharList code:001f1d00 code:001a4380 code:0021ee90 data:005bc3f8 int:0
002291d0	igShortList	20	int:0 int:0 code:0021bf90 code:00206b80 int:20 str:igShortList code:001f1ca0 code:001a4380 code:0021ee90 data:005bc400 int:0
00229250	igUnsignedShortList	20	int:0 int:0 code:00221d70 code:00206bc0 int:20 str:igUnsignedShortList code:001f1c40 code:001a4380 code:0021ee90 data:005bc408 int:0
002292d0	igUnsignedIntList	20	int:0 int:0 code:00224ff0 code:002003e0 int:20 str:igUnsignedIntList code:00219500 code:001a4380 code:0021ee90 data:005bc410 int:0
00229350	igUnsignedLongList	20	int:0 int:0 code:00225090 code:00206c30 int:20 str:igUnsignedLongList code:001f1bb0 code:001a4380 code:0021ee90 data:005bc418 int:0
002293cd	igIntListNoClean	20	int:0 int:0 int:0 code:0020bcb0 int:20 str:igIntListNoClean code:001f1b80 code:001a43b0 code:0021eed0 data:005bc41c int:0
00229450	igCharList	20	int:0 int:0 code:0021def0 code:00200460 int:20 str:igCharList code:002194d0 code:001a4380 code:0021ee90 data:005bc428 int:0
002294d0	igBoolList	20	int:0 int:0 code:0021df90 code:00206c80 int:20 str:igBoolList code:001f1af0 code:001a4380 code:0021ee90 data:005bc42c int:0
00229550	igContextList	20	data:0046c8cc int:0 int:0 code:00214bb0 int:20 str:igContextList code:001f2ca0 code:001a43f0 code:00223f30 data:005bc440 int:0
002295d3	igCharArrayMetaField	56	data:0046c8d4 int:0 code:0021e130 code:0021ca30 int:56 str:igCharArrayMetaField code:001f2f10 code:001a58d0 code:0021c070 data:005bc458 int:0
00229653	igBoolArrayMetaField	56	data:0046c8dc int:0 code:0021e290 code:0021ca70 int:56 str:igBoolArrayMetaField code:001f2fa0 code:0021a210 code:0021c110 data:005bc470 int:0
002296d3	igStandardQueue	44	data:0046c8e4 int:0 code:00225ff0 code:0021a0c0 int:44 str:igStandardQueue code:0022b730 code:001e68a0 code:0022dea0 data:005bc4cc int:0
00229753	igSoftwareAlarm	32	data:0046c8ec int:0 code:00224ac0 code:00215290 int:32 str:igSoftwareAlarm code:0022b760 code:001e68c0 code:0022e440 data:005bc4d0 int:0
002297d0	igStandardFile	44	int:0 int:0 code:001f34a0 code:002152d0 int:44 str:igStandardFile code:00219620 code:0019b880 code:0022f4f0 data:005bc4d8 int:0
00229853	igWin32LongTimer	40	int:0 code:001f34c0 code:001e6ae0 code:0020bf70 int:40 str:igWin32LongTimer code:0022b790 code:001e68b0 code:0022df40 data:005bc4f4 int:0
002298d0	igWin32Library	16	int:0 int:0 code:00226200 code:00206d50 int:16 str:igWin32Library code:0022b7c0 code:002002a0 code:0022e040 data:005bc4fc int:0
0022994d	igWin32Folder	12	int:0 int:0 int:0 code:0021a1e0 int:12 str:igWin32Folder code:0022b7f0 code:00214460 code:0022e0c0 data:005bc500 int:0
002299d0	igWin32CallStackTracer	20	int:0 int:0 code:001f34d0 code:0020bfb0 int:20 str:igWin32CallStackTracer code:0022b820 code:00206cd0 code:0022e3c0 data:005bc504 int:0
00229a63	igRegistryValue	20	data:0046c8f4 int:0 code:00223cd0 code:00213710 int:20 str:igRegistryValue code:001f24b0 code:001a4340 code:002264d0 data:005bc210 int:0
00229af3	igObjectDirEntry	52	data:0046c8fc int:0 code:002201c0 code:0021bb40 int:52 str:igObjectDirEntry code:0022dd60 code:001b9380 code:00228d60 data:005bc25c int:0
00229b93	igMemoryDirEntry	56	data:0046c908 int:0 code:0021ecf0 code:00219bb0 int:56 str:igMemoryDirEntry code:0022dd90 code:001b9380 code:00228d60 data:005bc2c4 int:0
00229c70	igExternalInfoEntry	40	int:0 int:0 code:002204b0 code:00219f10 int:40 str:igExternalInfoEntry code:0022ddf0 code:001b9380 code:00228d60 data:005bc340 int:0
00229cf3	igExternalIndexedEntry	52	data:0046c910 int:0 code:0021dd10 code:00219f50 int:52 str:igExternalIndexedEntry code:0022de20 code:001b9380 code:00228d60 data:005bc344 int:0
00229d73	igExternalDirEntry	44	data:0046c918 int:0 code:00220560 code:00219f90 int:44 str:igExternalDirEntry code:0022ddc0 code:001b9380 code:00228d60 data:005bc348 int:0
00229fed	igUnsignedIntListNoClean	20	int:0 int:0 int:0 code:0020bc70 int:20 str:igUnsignedIntListNoClean code:001f1c10 code:001a43c0 code:00229260 data:005bc40c int:0
0022a11d	igCharListNoClean	20	int:0 int:0 int:0 code:0020bce0 int:20 str:igCharListNoClean code:001f1b20 code:001a43a0 code:002293e0 data:005bc424 int:0
0022a1a0	igCompoundMetaField	56	data:0046c920 int:0 code:00223320 int:0 int:56 str:igCompoundMetaField code:001f2d90 code:001a4350 code:00221cf0 data:005bc448 int:1
0022a220	igMemoryDescriptorMetaField	56	data:0046c92c int:0 int:0 code:0021c170 int:56 str:igMemoryDescriptorMetaField code:001f3090 code:001aa560 code:0022a130 data:005bc4bc int:0
0022a2a0	igXboxFile	48	int:0 int:0 code:00220760 code:0021c1c0 int:48 str:igXboxFile code:0022de50 code:002152c0 code:00229760 data:005bc4d4 int:0
0022a430	igStringObjList	20	data:0046c934 int:0 int:0 code:0020b5a0 int:20 str:igStringObjList code:001f22d0 code:001a4390 code:00223ef0 data:005bc1cc int:0
0022a4e0	igPluginRepositoryList	20	data:0046c93c int:0 int:0 code:0020b620 int:20 str:igPluginRepositoryList code:001f2630 code:001a4390 code:00223ef0 data:005bc234 int:0
0022a563	igObjectStringMap	16	data:0046c944 int:0 code:00224f30 code:002139d0 int:16 str:igObjectStringMap code:001f26f0 code:001a4340 code:002264d0 data:005bc244 int:0
0022a600	igMemoryFileEntryList	20	data:0046c950 int:0 int:0 code:0020b720 int:20 str:igMemoryFileEntryList code:001f29a0 code:001a4390 code:00223ef0 data:005bc2bc int:0
0022a680	igMediaList	20	data:0046c958 int:0 int:0 code:0020b760 int:20 str:igMediaList code:001f2ac0 code:001a4390 code:00223ef0 data:005bc2d0 int:0
0022a7e0	igDependencyMetaField	56	data:0046c960 int:0 int:0 code:0021c880 int:56 str:igDependencyMetaField code:001f2dc0 code:001aa560 code:0022a130 data:005bc3c0 int:0
0022a860	igMetaObjectListList	20	data:0046c968 int:0 int:0 code:0020bb50 int:20 str:igMetaObjectListList code:001f1e50 code:001a4390 code:00223ef0 data:005bc3dc int:0
0022a900	igPointerListList	20	data:0046c970 int:0 int:0 code:0020bbb0 int:20 str:igPointerListList code:001f1df0 code:001a4390 code:00223ef0 data:005bc3e4 int:0
0022a9a0	igDoubleList	20	int:0 int:0 code:00229e10 code:00206ad0 int:20 str:igDoubleList code:001f1d90 code:001a4380 code:0021ee90 data:005bc3ec int:0
0022aa20	igFloatList	20	int:0 int:0 code:00229eb0 code:00206b10 int:20 str:igFloatList code:001f1d30 code:001a4380 code:0021ee90 data:005bc3f4 int:0
0022aac0	igShortListList	20	data:0046c978 int:0 int:0 code:0020bc10 int:20 str:igShortListList code:001f1cd0 code:001a4390 code:00223ef0 data:005bc3fc int:0
0022ab60	igUnsignedShortListList	20	data:0046c980 int:0 int:0 code:0020bc40 int:20 str:igUnsignedShortListList code:001f1c70 code:001a4390 code:00223ef0 data:005bc404 int:0
0022ac10	igLongList	20	int:0 int:0 code:0022a000 code:00206c00 int:20 str:igLongList code:001f1be0 code:001a4380 code:0021ee90 data:005bc414 int:0
0022ace3	igCallStackTable	24	data:0046c988 int:0 code:00223410 code:00214df0 int:24 str:igCallStackTable code:001f2f70 code:001a4340 code:002264d0 data:005bc464 int:0
0022b8c3	igStringTable	24	data:0046ca24 int:0 code:00223a90 code:00213130 int:24 str:igStringTable code:001f2240 code:001a4340 code:002264d0 data:005bc1c0 int:0
0022b950	igRegistryValueList	20	data:0046ca30 int:0 int:0 code:0020b5e0 int:20 str:igRegistryValueList code:001f24e0 code:001a4390 code:00223ef0 data:005bc20c int:0
0022ba53	igMemoryDictionary	24	data:0046ca48 int:0 code:00223fc0 code:00213f00 int:24 str:igMemoryDictionary code:001f2a30 code:001a4340 code:002264d0 data:005bc2c8 int:0
0022c016	igWin32StackTrace	2012	data:0046ccfc int:0 code:0022ad10 code:00215460 int:2012 str:igWin32StackTrace code:00230690 code:001e6880 code:002315d0 data:005bc4e8 int:0
0022c093	igWin32Registry	544	int:0 int:0 code:0022ad90 code:0021a1a0 int:544 str:igWin32Registry code:001f3180 code:001a4340 code:002264d0 data:005bc4f0 int:0
0022df10	igQueue	12	data:0046cd04 int:0 code:0022b960 int:0 int:12 str:igQueue code:001f25a0 code:001a4340 code:002264d0 data:005bc22c int:1
0022dfad	igLongTimer	40	int:0 int:0 code:0022ba60 int:0 int:40 str:igLongTimer code:00231590 code:001e6800 code:002333c0 data:005bc2d8 int:1
0022e033	igLocationTable	32	data:0046cd0c int:0 code:002240a0 code:002140e0 int:32 str:igLocationTable code:001f2b20 code:001a4340 code:002264d0 data:005bc2ec int:0
0022e0ad	igLibrary	12	int:0 int:0 code:0022bac0 int:0 int:12 str:igLibrary code:001f1f70 code:001a4340 code:002264d0 data:005bc2f8 int:1
0022e130	igFolder	12	int:0 int:0 code:0022bb10 code:00219ea0 int:12 str:igFolder code:001f25d0 code:001a4340 code:002264d0 data:005bc320 int:0
0022e390	igFloatListList	20	data:0046cd9c int:0 int:0 code:0020bbe0 int:20 str:igFloatListList code:001f1d60 code:001a4390 code:00223ef0 data:005bc3f0 int:0
0022e430	igCallStackTracer	20	int:0 int:0 code:0022be90 code:0020bda0 int:20 str:igCallStackTracer code:001f2f40 code:00206bf0 code:00229f80 data:005bc460 int:0
0022e4ad	igAlarm	24	int:0 int:0 code:0022beb0 int:0 int:24 str:igAlarm code:001f2fd0 code:001a4340 code:002264d0 data:005bc47c int:1
0022e530	igMemoryDescriptorList	20	int:0 int:0 code:0022bf00 code:00206ce0 int:20 str:igMemoryDescriptorList code:001f30c0 code:001a4380 code:0021ee90 data:005bc4b8 int:0
0022f493	igSymbolTable	44	data:0046cda4 int:0 code:002253c0 code:00213030 int:44 str:igSymbolTable code:001f21e0 code:001a4340 code:002264d0 data:005bc1b4 int:0
0022f55d	igFile	44	int:0 int:0 code:0022e140 int:0 int:44 str:igFile code:0019b890 code:001a4460 code:00226510 data:005bc33c int:1
0022f5e0	igDependencyList	20	int:0 int:0 code:0022e280 code:00206a00 int:20 str:igDependencyList code:001f2df0 code:001a4380 code:0021ee90 data:005bc3bc int:0
00230743	igMemoryFile	60	int:0 code:0022f4b0 code:0021f280 code:0021bc20 int:60 str:igMemoryFile code:001f29d0 code:0019b880 code:0022f4f0 data:005bc2b8 int:0
002307c3	igMediaFile	68	data:0046cdb4 int:0 code:00224020 code:00219be0 int:68 str:igMediaFile code:001f2a60 code:0019b880 code:0022f4f0 data:005bc2cc int:0
00230840	igLibraryList	20	data:0046cdbc int:0 int:0 code:0020b820 int:20 str:igLibraryList code:001f1fa0 code:001a4390 code:00223ef0 data:005bc2f4 int:0
002308f6	igEventTracker	9520	data:0046cdc4 int:0 code:0022bb60 code:00214600 int:9520 str:igEventTracker code:001f23c0 code:001a4340 code:002264d0 data:005bc364 int:0
00230983	igProgramFile	16	data:0046cde4 int:0 code:002234c0 code:0021a060 int:16 str:igProgramFile code:001f3120 code:001a4340 code:002264d0 data:005bc4c4 int:0
00230a00	igElfFile	100	int:0 int:0 code:00225f10 code:0021a090 int:100 str:igElfFile code:001f3150 code:00215240 code:00230910 data:005bc4c8 int:0
0023163d	igStackTrace	8	int:0 int:0 code:002306c0 int:0 int:8 str:igStackTrace code:001f2330 code:001a4340 code:002264d0 data:005bc1e4 int:1
002316c6	igRuntimeProfiler	9548	data:0046cdec int:0 code:002255b0 code:0021b970 int:9548 str:igRuntimeProfiler code:001f23f0 code:00213420 code:00230880 data:005bc200 int:0
00231743	igRegistry	24	data:0046cdf4 int:0 code:00224d90 code:002136d0 int:24 str:igRegistry code:001f2510 code:001a4340 code:002264d0 data:005bc208 int:0
00231813	igDependencyOrderedList	28	data:0046ce04 int:0 code:002249f0 code:00214a40 int:28 str:igDependencyOrderedList code:001f2e20 code:001a4340 code:002264d0 data:005bc3b8 int:0
00231851	igArenaMemoryPool	208	data:0046ce18 int:0 code:002258c0 code:00215010 int:208 str:igArenaMemoryPool code:00235b60 code:001e67f0 code:00235f20 data:005bc498 int:0
002318d3	igWin32LibraryLoader	12	data:0046ce24 int:0 code:00223530 code:002154b0 int:12 str:igWin32LibraryLoader code:00235b10 code:001a4340 code:002264d0 data:005bc4f8 int:0
0023342d	igTimer	8	int:0 int:0 code:002315c0 int:0 int:8 str:igTimer code:001f20c0 code:001a4340 code:002264d0 data:005bc18c int:1
00233503	igDriverDatabase	56	data:0046ce2c int:0 code:00224720 code:00214800 int:56 str:igDriverDatabase code:001f2d00 code:001a4340 code:002264d0 data:005bc38c int:0
00235f48	igMemoryPool	112	int:0 int:0 code:00235b90 int:0 int:112 str:igMemoryPool code:001f1f40 code:001a4340 code:002264d0 data:005bc2b4 int:1
00235fcd	igLibraryLoader	8	int:0 int:0 code:00235c10 int:0 int:8 str:igLibraryLoader code:001f2b50 code:001a4340 code:002264d0 data:005bc2f0 int:1
00236011	igPageMemoryPool	272	data:0046cf24 int:0 code:002257c0 code:00214fd0 int:272 str:igPageMemoryPool code:001f3440 code:001e67f0 code:00235f20 data:005bc488 int:0
00236096	igStackMemoryPool	152	data:0046cf30 int:0 code:00225a40 code:00215050 int:152 str:igStackMemoryPool code:001f3000 code:001e67f0 code:00235f20 data:005bc49c int:0
00236116	igFastStackMemoryPool	152	data:0046cf38 int:0 code:00225ad0 code:00215090 int:152 str:igFastStackMemoryPool code:001f3030 code:001e67f0 code:00235f20 data:005bc4a0 int:0
00236196	igFixedSizeMemoryPool	160	data:0046cf40 int:0 code:00225b60 code:002150d0 int:160 str:igFixedSizeMemoryPool code:001f3060 code:001e67f0 code:00235f20 data:005bc4a4 int:0
002361d1	igMallocMemoryPool	160	data:0046cf48 int:0 code:00225c20 code:00215110 int:160 str:igMallocMemoryPool code:001f3470 code:001e67f0 code:00235f20 data:005bc4b0 int:0
00236256	igBlockMemoryPool	144	data:0046cf54 int:0 code:00225d40 code:00215150 int:144 str:igBlockMemoryPool code:001f30f0 code:001e67f0 code:00235f20 data:005bc4b4 int:0
002362b1	igAliasMemoryPool	184	data:0046cf60 int:0 code:002256d0 code:00214f80 int:184 str:igAliasMemoryPool code:001f3410 code:001e67f0 code:00235f20 data:005bc478 int:0
00236333	igResource	76	data:0046cf70 int:0 code:00224bc0 code:002198f0 int:76 str:igResource code:00236f60 code:001a4340 code:002264d0 data:005bc204 int:0
002363b3	igPluginHelper	24	data:0046cf90 int:0 code:00224e30 code:00219960 int:24 str:igPluginHelper code:001f2660 code:001a4340 code:002264d0 data:005bc230 int:0
00237126	igDirectory	72	data:0046cfa0 code:002370a0 code:00224890 code:002149b0 int:72 str:igDirectory code:001f2450 code:001a4390 code:00223ef0 data:005bc3a8 int:0
002371a9	igIGBFile	312	data:0046cfc0 code:00233450 code:002241a0 code:0021bd80 int:312 str:igIGBFile code:001f2bb0 code:00214390 code:002370b0 data:005bc31c int:0
00237243	igInfo	20	data:0046cfe4 int:0 code:00224130 code:00214360 int:20 str:igInfo code:002195c0 code:001a4460 code:00226510 data:005bc318 int:0
002372e3	igObjectStringMapInfo	24	data:0046cfec int:0 code:00224ee0 code:0021ba90 int:24 str:igObjectStringMapInfo code:001f26c0 code:001a4510 code:002371d0 data:005bc240 int:0
00237363	igNamedObjectInfo	24	data:0046cff4 int:0 code:00224fa0 code:002199e0 int:24 str:igNamedObjectInfo code:001f27c0 code:001a4510 code:002371d0 data:005bc264 int:0
002373dd	igMetaFieldInfo	20	int:0 int:0 int:0 code:00219a60 int:20 str:igMetaFieldInfo code:001f27f0 code:001a4510 code:002371d0 data:005bc278 int:0
00237460	igMemoryPoolInfo	84	int:0 int:0 code:00220470 code:00219ad0 int:84 str:igMemoryPoolInfo code:001f28b0 code:001a4510 code:002371d0 data:005bc2a8 int:0
00238650	igMemoryPoolInfoList	20	data:0046cffc int:0 int:0 code:0020b6c0 int:20 str:igMemoryPoolInfoList code:001f28e0 code:001a4390 code:00223ef0 data:005bc2a4 int:0
002392d3	igMemoryPoolContextInfo	24	data:0046d004 int:0 code:00222820 code:00219b40 int:24 str:igMemoryPoolContextInfo code:001f2910 code:001a4510 code:002371d0 data:005bc2ac int:0
00239e46	igMemoryPoolContext	6788	data:0046d00c int:0 code:00222870 code:00213e30 int:6788 str:igMemoryPoolContext code:001f2940 code:001a4340 code:002264d0 data:005bc2b0 int:0
00245317	igVec4ucMetaField	52	data:0046d2e0 int:0 int:0 code:00244910 int:52 str:igVec4ucMetaField code:00240910 code:001a4350 code:00221cf0 data:005bc83c int:0
00245377	igVec4fMetaField	52	data:0046d2e8 int:0 int:0 code:00243b30 int:52 str:igVec4fMetaField code:001a4420 code:001a4350 code:00221cf0 data:005bc84c int:0
00245447	igVec3fMetaField	52	data:0046d2f8 int:0 int:0 code:00243bd0 int:52 str:igVec3fMetaField code:001a4410 code:001a4350 code:00221cf0 data:005bc87c int:0
002454a7	igVec2fMetaField	52	data:0046d300 int:0 int:0 code:00243c20 int:52 str:igVec2fMetaField code:001a4400 code:001a4350 code:00221cf0 data:005bc89c int:0
00245507	igMatrix44fMetaField	52	data:0046d308 int:0 int:0 code:00243cb0 int:52 str:igMatrix44fMetaField code:001a4430 code:001a4350 code:00221cf0 data:005bc8d0 int:0
00246027	igQuaternionfList	20	int:0 int:0 code:00245a80 code:00245170 int:20 str:igQuaternionfList code:00243a50 code:001a4380 code:0021ee90 data:005bc92c int:0
00246087	igVec4ucList	20	int:0 int:0 code:00245b00 code:002451a0 int:20 str:igVec4ucList code:00240a30 code:001a4380 code:0021ee90 data:005bc930 int:0
002460e7	igVec4fList	20	int:0 int:0 code:00245b80 code:002451d0 int:20 str:igVec4fList code:00240a00 code:001a4380 code:0021ee90 data:005bc938 int:0
00246147	igVec3fList	20	int:0 int:0 code:00245c30 code:00245200 int:20 str:igVec3fList code:002409d0 code:001a4380 code:0021ee90 data:005bc944 int:0
002461a7	igVec2fList	20	int:0 int:0 code:00245cb0 code:00245230 int:20 str:igVec2fList code:002409a0 code:001a4380 code:0021ee90 data:005bc94c int:0
002464d7	igRay	36	int:0 int:0 code:00245e60 code:00240da0 int:36 str:igRay code:00240970 code:001a4340 code:002264d0 data:005bc8c8 int:0
00246557	igVolume	8	int:0 code:00246460 code:00243ab0 int:0 int:8 str:igVolume code:00240880 code:001a4340 code:002264d0 data:005bc82c int:1
002465ba	igSphere	24	int:0 code:0023b560 code:00245dd0 code:00243c70 int:24 str:igSphere code:00246780 code:001a43e0 code:00246500 data:005bc8bc int:0
00246707	igVolumeList	20	data:0046d3b8 int:0 int:0 code:00245290 int:20 str:igVolumeList code:00240850 code:001a4390 code:00223ef0 data:005bc830 int:0
00246d1a	igAABox	32	int:0 code:00246b80 code:002461b0 code:00240e40 int:32 str:igAABox code:00246d60 code:001a43e0 code:00246500 data:005bc95c int:0
0024720a	igPlane	28	int:0 code:002471a0 code:00245f00 code:00240dd0 int:28 str:igPlane code:00247290 code:001a43e0 code:00246500 data:005bc8cc int:0
00248b3b	igDefaultInterfaceManager	76	int:0 int:0 code:00247700 code:00248ad0 int:76 str:igDefaultInterfaceManager code:00248da0 code:002476a0 code:00248ec0 data:005bcbb8 int:0
00248d3b	igControllerManager	12	data:0046d608 int:0 code:00248690 int:0 int:12 str:igControllerManager code:002485a0 code:00248ab0 code:00248630 data:005bcbbc int:1
00248e08	igWindow	8	int:0 int:0 code:00248c40 int:0 int:8 str:igWindow code:00247d40 code:00248ab0 code:00248630 data:005bcb84 int:1
00248f51	igXboxController	164	data:0046d628 int:0 code:00247750 code:00248800 int:164 str:igXboxController code:00247dd0 code:00248670 code:00248710 data:005bcbdc int:0
00251a78	igVertexArrayHelper	8	int:0 int:0 int:0 code:00251a10 int:8 str:igVertexArrayHelper code:0024f920 code:001a4340 code:002264d0 data:005bd884 int:0
00251d75	igTransformSourceParameters	8	int:0 int:0 int:0 int:0 int:8 str:igTransformSourceParameters code:0024fca0 code:001a4340 code:002264d0 data:005bd894 int:1
00251db5	igTransformSource	8	int:0 int:0 int:0 int:0 int:8 str:igTransformSource code:0024fcd0 code:001a4340 code:002264d0 data:005bd898 int:1
00252c75	igShaderFunction	8	int:0 int:0 int:0 int:0 int:8 str:igShaderFunction code:00250630 code:001a4340 code:002264d0 data:005bd934 int:1
002535d5	igPropertyValue	8	int:0 int:0 int:0 int:0 int:8 str:igPropertyValue code:0024ff70 code:001a4340 code:002264d0 data:005bd98c int:1
00253615	igPropertyKey	8	int:0 int:0 int:0 int:0 int:8 str:igPropertyKey code:0024ffd0 code:001a4340 code:002264d0 data:005bd990 int:1
00254fcb	igHeapable	16	int:0 int:0 code:0024a5a0 code:0024a570 int:16 str:igHeapable code:00250990 code:001a4340 code:002264d0 data:005bda78 int:0
00256a58	igAnimationHierarchy	16	int:0 int:0 code:0024b390 int:0 int:16 str:igAnimationHierarchy code:00250480 code:001a4460 code:00226510 data:005bdb80 int:1
0025706b	igAnimationTransitionParams	32	int:0 int:0 code:0024b6b0 code:00257000 int:32 str:igAnimationTransitionParams code:00250e40 code:001a4340 code:002264d0 data:005bdbd4 int:0
0025f12b	igObjectPool	32	int:0 int:0 code:00249460 code:0025f0c0 int:32 str:igObjectPool code:0025e350 code:001a4390 code:00223ef0 data:005bd8e4 int:0
0025f1ab	igStringValue	12	int:0 int:0 code:002494d0 code:0025f140 int:12 str:igStringValue code:0024ffa0 code:002491c0 code:002535a0 data:005bd8ec int:0
0025f22b	igStringKey	12	int:0 int:0 code:00249510 code:0025f1c0 int:12 str:igStringKey code:00250000 code:002491d0 code:002535e0 data:005bd8f0 int:0
0025f38e	igSkin	20	data:004707c8 int:0 code:00252a20 code:0025f300 int:20 str:igSkin code:002503c0 code:001a4460 code:00226510 data:005bd910 int:0
0025f49b	igSkeletonBoneInfo	24	int:0 int:0 code:00249650 code:0025f430 int:24 str:igSkeletonBoneInfo code:002504b0 code:001a4460 code:00226510 data:005bd920 int:0
0025f4e8	igShaderProcessor	8	int:0 int:0 int:0 code:002496a0 int:8 str:igShaderProcessor code:0025e4a0 code:001a4340 code:002264d0 data:005bd92c int:0
0025f5fe	igShaderFactory	24	data:004707d4 int:0 code:00249710 code:0025f570 int:24 str:igShaderFactory code:00250690 code:001a4460 code:00226510 data:005bd940 int:0
0025f78e	igProperty	16	data:004707dc int:0 code:00249860 code:0025f720 int:16 str:igProperty code:002507b0 code:001a4340 code:002264d0 data:005bd998 int:0
0025f82e	igProjectiveTextureProcessor	72	data:004707e8 int:0 code:002536a0 code:0025f7a0 int:72 str:igProjectiveTextureProcessor code:00250810 code:00249450 code:0025f4b0 data:005bd99c int:0
0025f8ce	igPlanarShadowProcessor	64	data:004707f8 int:0 code:00253fb0 code:0025f840 int:64 str:igPlanarShadowProcessor code:002508d0 code:00249450 code:0025f4b0 data:005bd9a8 int:0
0025fa7e	_face	36	data:00470808 int:0 code:00254240 code:00254210 int:36 str:_face code:00250a80 code:001a4340 code:002264d0 data:005bd9dc int:0
0025fb7e	igMultiResolutionMeshCore	80	data:00470810 int:0 code:00249c20 code:0025faf0 int:80 str:igMultiResolutionMeshCore code:00250b40 code:001a4340 code:002264d0 data:005bd9f8 int:0
0025fc5e	igMorphSequenceData	32	data:00470820 int:0 code:00249d80 code:0025fbd0 int:32 str:igMorphSequenceData code:00250c00 code:001a4340 code:002264d0 data:005bda0c int:0
0025fd0e	igMorphBase	60	data:0047082c int:0 code:00249ee0 code:0025fc70 int:60 str:igMorphBase code:00250ba0 code:001a4340 code:002264d0 data:005bda18 int:0
0026031e	igProbe	20	data:00470998 int:0 code:0024a260 code:00260290 int:20 str:igProbe code:002510b0 code:001a4340 code:002264d0 data:005bda58 int:0
00260368	igInterpretedShaderProcessor	8	int:0 int:0 int:0 code:00254da0 int:8 str:igInterpretedShaderProcessor code:00251110 code:00249450 code:0025f4b0 data:005bda5c int:0
002606ee	igEnbayaContextPool	20	data:00470a18 int:0 code:0024a7c0 code:00260660 int:20 str:igEnbayaContextPool code:00251350 code:001a4340 code:002264d0 data:005bdaa8 int:0
0026087e	igCompressedTransformSequence1_5Data	48	data:00470a84 int:0 code:0024a9e0 code:002607f0 int:48 str:igCompressedTransformSequence1_5Data code:0024fd00 code:001a4340 code:002264d0 data:005bdac4 int:0
0026091e	igBlendListRecord	16	data:00470a8c int:0 code:0024ac20 code:002608b0 int:16 str:igBlendListRecord code:00251590 code:001a4340 code:002264d0 data:005bdae0 int:0
00260bce	igCompiledTransform	36	data:00470b58 int:0 code:0024ac90 code:00260b60 int:36 str:igCompiledTransform code:00250300 code:001a4340 code:002264d0 data:005bdaec int:0
002614be	igCartoonShaderProcessor	44	data:00470da4 int:0 code:00255c90 code:00261430 int:44 str:igCartoonShaderProcessor code:00251620 code:00249450 code:0025f4b0 data:005bdaf8 int:0
002615be	igBoundingBoxesMaker	40	data:00470db4 int:0 code:0024ae60 code:00261530 int:40 str:igBoundingBoxesMaker code:002516e0 code:001a4340 code:002264d0 data:005bdb10 int:0
0026164e	igBillboardProcessor	40	data:00470dc8 int:0 code:00256340 code:002615e0 int:40 str:igBillboardProcessor code:00251710 code:00249450 code:0025f4b0 data:005bdb20 int:0
00261971	igAnimationState	160	data:00470eec int:0 code:002567e0 code:00256790 int:160 str:igAnimationState code:00251440 code:001a4340 code:002264d0 data:005bdb64 int:0
002619b5	igAnimationSequence	8	int:0 int:0 int:0 int:0 int:8 str:igAnimationSequence code:0025e720 code:00249170 code:00251d80 data:005bdb70 int:1
00261a6e	igAnimationToken	16	data:00470ef4 int:0 code:0024b310 code:00261a00 int:16 str:igAnimationToken code:00251800 code:001a4340 code:002264d0 data:005bdb7c int:0
00261e1e	igAnimationTrack	44	data:00470efc int:0 code:0024b6f0 code:00261db0 int:44 str:igAnimationTrack code:00250de0 code:001a4460 code:00226510 data:005bdbdc int:0
002746db	igSpecialDoubleList	20	int:0 int:0 code:002493e0 code:00274670 int:20 str:igSpecialDoubleList code:0024feb0 code:001a43d0 code:0022a930 data:005bd8dc int:0
0027472e	igTextureTransformMovieProcessor	80	data:00470fd4 int:0 code:002520d0 code:0025f070 int:80 str:igTextureTransformMovieProcessor code:0024ff10 code:00249450 code:0025f4b0 data:005bd8e0 int:0
002749eb	igBlendMatricesAttrPool	32	data:00470ff0 int:0 int:0 code:00274980 int:32 str:igBlendMatricesAttrPool code:0024fc70 code:0019c350 code:0025f0f0 data:005bd954 int:0
00274a6b	igTextureMatrixAttrPool	32	data:00470ff8 int:0 int:0 code:00274a00 int:32 str:igTextureMatrixAttrPool code:0024fc40 code:0019c350 code:0025f0f0 data:005bd958 int:0
00274aeb	igMatrixObjectPool	32	data:00471000 int:0 int:0 code:00274a80 int:32 str:igMatrixObjectPool code:0024fc10 code:0019c350 code:0025f0f0 data:005bd95c int:0
00274b6b	igVertexBlendMatrixListAttrPool	32	data:00471008 int:0 int:0 code:00274b00 int:32 str:igVertexBlendMatrixListAttrPool code:0024fbe0 code:0019c350 code:0025f0f0 data:005bd960 int:0
00274beb	igVertexBlendMatrixAttrPool	32	data:00471010 int:0 int:0 code:00274b80 int:32 str:igVertexBlendMatrixAttrPool code:0024fbb0 code:0019c350 code:0025f0f0 data:005bd964 int:0
00274c6b	igProjectionMatrixAttrPool	32	data:00471018 int:0 int:0 code:00274c00 int:32 str:igProjectionMatrixAttrPool code:0024fb80 code:0019c350 code:0025f0f0 data:005bd968 int:0
00274ceb	igTimeAttrPool	32	data:00471020 int:0 int:0 code:00274c80 int:32 str:igTimeAttrPool code:0024fb50 code:0019c350 code:0025f0f0 data:005bd96c int:0
00274d6b	igModelViewMatrixAttrPool	32	data:00471028 int:0 int:0 code:00274d00 int:32 str:igModelViewMatrixAttrPool code:0024fb20 code:0019c350 code:0025f0f0 data:005bd970 int:0
00274deb	igLightStateAttrPool	32	data:00471030 int:0 int:0 code:00274d80 int:32 str:igLightStateAttrPool code:0024faf0 code:0019c350 code:0025f0f0 data:005bd974 int:0
002756be	igNodeRefResolver	40	data:00471038 int:0 code:00249900 code:00275630 int:40 str:igNodeRefResolver code:00250930 code:001a4470 code:001a7570 data:005bd9b0 int:0
0027577b	igNodeList	20	data:00471040 int:0 int:0 code:00275710 int:20 str:igNodeList code:0024f950 code:001a4390 code:00223ef0 data:005bd9c0 int:0
00275e2b	igHeapableList	20	data:00471048 int:0 int:0 code:00275dc0 int:20 str:igHeapableList code:002509c0 code:001a4390 code:00223ef0 data:005bda74 int:0
002760be	igEnbayaAnimationSource	40	int:0 code:00255720 code:00260710 code:002556f0 int:40 str:igEnbayaAnimationSource code:002512f0 code:001a4340 code:002264d0 data:005bdabc int:0
0027617e	igCompressedAnimationSequenceQS	64	data:00471050 int:0 code:0024aac0 code:002557d0 int:64 str:igCompressedAnimationSequenceQS code:00251530 code:00249250 code:00261980 data:005bdacc int:0
002769ab	igBitMask	24	int:0 int:0 code:0024afb0 code:00276940 int:24 str:igBitMask code:00250060 code:001a43c0 code:00229260 data:005bdb18 int:0
00276b0b	igAnimationSystem	16	data:00471058 int:0 code:00256710 int:0 int:16 str:igAnimationSystem code:002517d0 code:001a4460 code:00226510 data:005bdb4c int:1
00276cfe	igAnimationCombinerBoneInfo	60	data:00471060 int:0 code:0024b4d0 code:00261b60 int:60 str:igAnimationCombinerBoneInfo code:00251380 code:001a4340 code:002264d0 data:005bdba4 int:0
00276e0b	igAnimationList	20	data:0047106c int:0 int:0 code:00276da0 int:20 str:igAnimationList code:00250f30 code:001a4390 code:00223ef0 data:005bdbbc int:0
00276ebe	igAnimationTransitionPoint	24	data:00471074 int:0 code:00256f90 code:00261d60 int:24 str:igAnimationTransitionPoint code:00250e70 code:001a4340 code:002264d0 data:005bdbd0 int:0
0027ad71	igTransformSequence1_5	104	data:0047107c code:00251f60 code:00251e00 code:00274500 int:104 str:igTransformSequence1_5 code:00287230 code:0014a7d0 code:002880a0 data:005bd89c int:0
0027b03b	igRenderPackageList	20	data:0047108c int:0 int:0 code:0027afd0 int:20 str:igRenderPackageList code:00250270 code:001a43f0 code:00223f30 data:005bd900 int:0
0027b08b	igSkinList	20	data:00471094 int:0 int:0 code:00274790 int:20 str:igSkinList code:002503f0 code:001a4390 code:00223ef0 data:005bd90c int:0
0027b0db	igSkeletonBoneInfoList	20	data:0047109c int:0 int:0 code:00274830 int:20 str:igSkeletonBoneInfoList code:002504e0 code:001a4390 code:00223ef0 data:005bd91c int:0
0027b20b	igShaderFactoryList	20	data:004710a4 int:0 int:0 code:00274920 int:20 str:igShaderFactoryList code:002506c0 code:001a4390 code:00223ef0 data:005bd938 int:0
0027b378	igAttrStackManagerPopFunctionList	20	int:0 int:0 int:0 code:0027b310 int:20 str:igAttrStackManagerPopFunctionList code:0024fac0 code:001a4380 code:0021ee90 data:005bd978 int:0
0027b3f8	igTraversalFunctionList	20	int:0 int:0 int:0 code:0027b390 int:20 str:igTraversalFunctionList code:0024fa90 code:001a4380 code:0021ee90 data:005bd97c int:0
0027b4db	igPropertyList	20	data:004710ac int:0 int:0 code:002751d0 int:20 str:igPropertyList code:002507e0 code:001a4390 code:00223ef0 data:005bd994 int:0
0027b7fb	igNonRefCountedNodeList	20	data:004710b4 int:0 int:0 code:0027b790 int:20 str:igNonRefCountedNodeList code:0024f9b0 code:001a43f0 code:00223f30 data:005bd9b8 int:0
0027b8be	_edge	44	data:004710bc int:0 code:00254100 code:0025fa00 int:44 str:_edge code:00250ae0 code:00254f80 code:00254f90 data:005bd9d4 int:0
0027b90b	_faceList	20	data:004710c8 int:0 int:0 code:002757d0 int:20 str:_faceList code:00250ab0 code:001a4390 code:00223ef0 data:005bd9d8 int:0
0027b9eb	igMorphSequenceDataList	20	data:004710d0 int:0 int:0 code:00275850 int:20 str:igMorphSequenceDataList code:00250c30 code:001a4390 code:00223ef0 data:005bda08 int:0
0027bdfe	igGraphPath	28	data:004710d8 int:0 code:00255010 code:00260460 int:28 str:igGraphPath code:00251200 code:001a4340 code:002264d0 data:005bda88 int:0
0027bebe	igCompressedBezierAnimationSequenceQS	80	data:004710e0 int:0 code:0024aa70 code:002760f0 int:80 str:igCompressedBezierAnimationSequenceQS code:00251560 code:00255740 code:00276140 data:005bdac8 int:0
0027bf8b	igBlendListRecordList	20	data:004710e8 int:0 int:0 code:00276320 int:20 str:igBlendListRecordList code:002515c0 code:001a4390 code:00223ef0 data:005bdadc int:0
0027bfdb	igCompiledTransformList	20	data:004710f0 int:0 int:0 code:00276360 int:20 str:igCompiledTransformList code:00250330 code:001a4390 code:00223ef0 data:005bdae8 int:0
0027c25b	igAnimationStatePool	32	data:004710f8 int:0 int:0 code:00276b20 int:32 str:igAnimationStatePool code:002514a0 code:0019c350 code:0025f0f0 data:005bdb50 int:0
0027c2ab	igAnimationStateList	20	data:00471100 int:0 int:0 code:00276b50 int:20 str:igAnimationStateList code:00251470 code:001a4390 code:00223ef0 data:005bdb54 int:0
0027c31b	igAnimationTokenList	20	data:00471108 int:0 int:0 code:00276b90 int:20 str:igAnimationTokenList code:00251830 code:001a4390 code:00223ef0 data:005bdb78 int:0
0027c52e	igAnimationBinding	28	data:004711f0 int:0 code:0024b5b0 code:00261cb0 int:28 str:igAnimationBinding code:00250d80 code:001a4340 code:002264d0 data:005bdbb8 int:0
0027c59b	igAnimationTrackList	20	data:00471200 int:0 int:0 code:00276ed0 int:20 str:igAnimationTrackList code:00250e10 code:001a4390 code:00223ef0 data:005bdbd8 int:0
002811db	igTimeTransform1_5	64	int:0 int:0 code:00249360 code:00281150 int:64 str:igTimeTransform1_5 code:00287d20 code:002491b0 code:00289200 data:005bd8cc int:0
0028123e	igRenderPackage	32	data:00471208 int:0 code:00249590 code:0025f2a0 int:32 str:igRenderPackage code:00250210 code:001a4340 code:002264d0 data:005bd908 int:0
002813fb	igIntersectPathList	20	data:00471214 int:0 int:0 code:002756d0 int:20 str:igIntersectPathList code:0024f9e0 code:001a4390 code:00223ef0 data:005bd9b4 int:0
0028145b	igNodeListList	20	data:0047121c int:0 int:0 code:0025f960 int:20 str:igNodeListList code:0024f980 code:001a4390 code:00223ef0 data:005bd9bc int:0
002814ce	igNode	28	data:00471224 int:0 code:00249980 code:0025f9a0 int:28 str:igNode code:0025e2f0 code:001a4460 code:00226510 data:005bd9c8 int:0
002815ae	igLightSet	32	data:00471230 int:0 code:0024a0d0 code:00275ac0 int:32 str:igLightSet code:00250030 code:0019c050 code:00281490 data:005bda2c int:0
0028165e	igHeap	12	data:00471238 int:0 code:00254f10 code:00260400 int:12 str:igHeap code:002509f0 code:001a4340 code:002264d0 data:005bda70 int:0
002816ae	igGroup	32	data:00471240 int:0 code:0024a650 code:00275eb0 int:32 str:igGroup code:0025e320 code:0019c050 code:00281490 data:005bda80 int:0
0028173e	igEnbayaTransformSource	16	data:00471248 int:0 code:00255600 code:00260630 int:16 str:igEnbayaTransformSource code:00251320 code:00249170 code:00251d80 data:005bdaa4 int:0
0028178e	igDOFShader	80	data:00471250 int:0 code:0024a890 code:0027be30 int:80 str:igDOFShader code:00251500 code:0019c140 code:00281670 data:005bdac0 int:0
002817fb	igCamera	56	int:0 int:0 code:00255f40 code:002614e0 int:56 str:igCamera code:00251680 code:0019c050 code:00281490 data:005bdb04 int:0
0028184e	igBillboard	64	data:00471258 int:0 code:00256420 code:0027c160 int:64 str:igBillboard code:00251740 code:0019c140 code:00281670 data:005bdb28 int:0
0028189e	igAttrSet	40	data:00471260 int:0 code:0024b0f0 code:00276a50 int:40 str:igAttrSet code:00250150 code:0019c140 code:00281670 data:005bdb40 int:0
0028190b	igAnimationCombinerBoneInfoPool	32	data:00471268 int:0 int:0 code:00276c30 int:32 str:igAnimationCombinerBoneInfoPool code:00251410 code:0019c350 code:0025f0f0 data:005bdb98 int:0
0028195b	igAnimationCombinerBoneInfoList	20	data:00471270 int:0 int:0 code:00276c90 int:20 str:igAnimationCombinerBoneInfoList code:002513b0 code:001a4390 code:00223ef0 data:005bdba0 int:0
00281a0b	igAnimationTransitionPointList	20	data:00471278 int:0 int:0 code:00276e50 int:20 str:igAnimationTransitionPointList code:00250ea0 code:001a4390 code:00223ef0 data:005bdbcc int:0
00281ae1	igDx8EnvironmentMapShader	144	data:00471280 int:0 code:002571f0 code:00281a60 int:144 str:igDx8EnvironmentMapShader code:00287fd0 code:002555e0 code:002893f0 data:005bdbf0 int:0
00285b9b	igUserInfo	36	data:00471298 int:0 code:00251a90 int:0 int:36 str:igUserInfo code:0024fa10 code:0019c140 code:00281670 data:005bd888 int:1
00285bee	igTransformRecorder	160	int:0 int:0 code:00249320 code:00281090 int:160 str:igTransformRecorder code:0024fd60 code:0019c140 code:00281670 data:005bd8b0 int:0
00285c3e	igTransform	108	data:004712a0 int:0 code:0025ef00 code:0027ae40 int:108 str:igTransform code:0024fd90 code:0019c140 code:00281670 data:005bd8c8 int:0
00285c8e	igTimeSwitch	56	data:004712ac int:0 code:00251fa0 code:0027af00 int:56 str:igTimeSwitch code:0024fee0 code:0019c140 code:00281670 data:005bd8d8 int:0
00285cde	igSwitch	36	data:004712b4 int:0 code:00252210 code:0027af60 int:36 str:igSwitch code:0024ff40 code:0019c140 code:00281670 data:005bd8e8 int:0
00285d3e	igSkeleton	28	data:004712bc int:0 code:00252aa0 code:00274800 int:28 str:igSkeleton code:00250510 code:00249200 code:00256a20 data:005bd918 int:0
00285d88	igSimpleUserInfo	36	int:0 int:0 int:0 code:00281270 int:36 str:igSimpleUserInfo code:00250570 code:00147af0 code:00285b60 data:005bd924 int:0
00285de8	igShader2	36	int:0 int:0 code:002497c0 int:0 int:36 str:igShader2 code:002505a0 code:0019c140 code:00281670 data:005bd948 int:1
00285e3e	igShader	60	data:004712c4 int:0 code:00252e00 code:0027b220 int:60 str:igShader code:002506f0 code:0019c140 code:00281670 data:005bd950 int:0
00285e91	igSelfShadowShader	232	data:004712d8 int:0 code:00252f10 code:0027b410 int:232 str:igSelfShadowShader code:00250720 code:0019c140 code:00281670 data:005bd980 int:0
00285ed8	igSegment	32	int:0 int:0 int:0 code:0027b450 int:32 str:igSegment code:00250750 code:0019c140 code:00281670 data:005bd984 int:0
00285f28	igOverrideAttrSet	40	int:0 int:0 int:0 code:0027b740 int:40 str:igOverrideAttrSet code:00250900 code:0019c360 code:00281860 data:005bd9ac int:0
00285f8e	igMultiTextureShader	72	data:0047131c int:0 code:00249a40 code:0027b820 int:72 str:igMultiTextureShader code:00250960 code:00274960 code:00285e00 data:005bd9cc int:0
00285fdb	_edgeList	20	data:00471324 int:0 int:0 code:002757a0 int:20 str:_edgeList code:00250b10 code:001a4390 code:00223ef0 data:005bd9d0 int:0
0028602e	igMorphSequence	64	data:0047132c int:0 code:002545c0 code:0025fb90 int:64 str:igMorphSequence code:00250c60 code:001a4340 code:002264d0 data:005bda04 int:0
0028607b	igModelViewMatrixBoneSelect	36	int:0 int:0 code:00249ff0 code:0027bae0 int:36 str:igModelViewMatrixBoneSelect code:00250cc0 code:0019c140 code:00281670 data:005bda20 int:0
002860ce	igLod	68	data:00471338 int:0 code:002549e0 code:0027bb30 int:68 str:igLod code:00250d20 code:0019c140 code:00281670 data:005bda24 int:0
0028611e	igLightStateSet	36	data:00471344 int:0 code:0024a070 code:0027bb90 int:36 str:igLightStateSet code:00250d50 code:0019c140 code:00281670 data:005bda28 int:0
00286171	igJoint	176	data:0047134c int:0 code:0024a130 code:0027bbe0 int:176 str:igJoint code:002891a0 code:002745b0 code:00285c00 data:005bda30 int:0
002861be	igInverseKinematicsJoint	368	int:0 int:0 code:0025fd80 code:0027bc60 int:368 str:igInverseKinematicsJoint code:00251050 code:00275b10 code:00286130 data:005bda40 int:0
0028620e	igHashedUserInfo	40	data:00471354 int:0 code:0024a5e0 code:0027bd70 int:40 str:igHashedUserInfo code:002511d0 code:00147af0 code:00285b60 data:005bda7c int:0
0028625b	igGraphPathList	20	data:0047135c int:0 int:0 code:00275f00 int:20 str:igGraphPathList code:00251230 code:001a4390 code:00223ef0 data:005bda84 int:0
002862d1	igGeometry	44	data:00471364 code:00260490 code:0024a6d0 code:00275f30 int:44 str:igGeometry code:002501b0 code:0019c360 code:00281860 data:005bda90 int:0
0028634e	igDOFCamera	68	data:0047136c int:0 code:0024ad90 code:0027c030 int:68 str:igDOFCamera code:002516b0 code:002614d0 code:002817c0 data:005bdb00 int:0
002863a1	igBlendMatrixSelect	172	data:00471374 int:0 code:0024af50 code:0027c0e0 int:172 str:igBlendMatrixSelect code:00250390 code:0019c360 code:00281860 data:005bdb14 int:0
002863ee	igAttrStack	52	data:0047137c int:0 code:0024b020 code:00276a10 int:52 str:igAttrStack code:00250090 code:001a4490 code:001a7600 data:005bdb38 int:0
0028644e	igAnimationInfo	24	data:0047138c int:0 code:002569a0 code:002619c0 int:24 str:igAnimationInfo code:00251860 code:001a4510 code:002371d0 data:005bdb74 int:0
002864ab	igAnimationBindingList	20	data:00471394 int:0 int:0 code:00276d70 int:20 str:igAnimationBindingList code:00250db0 code:001a4390 code:00223ef0 data:005bdbb0 int:0
0028745b	igRenderPackagePool	32	data:0047142c int:0 int:0 code:00274760 int:32 str:igRenderPackagePool code:00250240 code:0019c350 code:0025f0f0 data:005bd904 int:0
002874de	igSimpleShader	52	data:00471434 int:0 code:00252b40 code:002812c0 int:52 str:igSimpleShader code:002505d0 code:00249210 code:00285db0 data:005bd928 int:0
00287531	igShaderInfo	24	data:00471448 code:00285da0 code:002748a0 code:00274870 int:24 str:igShaderInfo code:00250600 code:001a4510 code:002371d0 data:005bd930 int:0
0028757e	igShaderData	24	data:00471450 int:0 code:00252d40 code:00252cf0 int:24 str:igShaderData code:0025e440 code:001a4340 code:002264d0 data:005bd944 int:0
002875de	_vertex	84	data:00471460 int:0 code:00249ad0 code:0025faa0 int:84 str:_vertex code:00250a20 code:001a4340 code:002264d0 data:005bd9e4 int:0
0028762e	igMultiResolutionMeshInstance	96	data:00471474 int:0 code:002543f0 code:00281500 int:96 str:igMultiResolutionMeshInstance code:00250b70 code:0019c7e0 code:00286290 data:005bd9ec int:0
0028768e	igMorphInstance2	60	data:00471488 int:0 code:00249e20 code:0027ba00 int:60 str:igMorphInstance2 code:00250c90 code:0019c7e0 code:00286290 data:005bda10 int:0
002876de	igMorphInstance	80	data:0047149c int:0 code:00254720 code:0027ba60 int:80 str:igMorphInstance code:00250bd0 code:0019c7e0 code:00286290 data:005bda14 int:0
002877be	igInterpretedShader	52	data:004714b8 int:0 code:0024a390 code:002815c0 int:52 str:igInterpretedShader code:00251140 code:0027b100 code:002874a0 data:005bda64 int:0
002878cb	igNonRefCountedAttrSetList	20	data:004714e0 int:0 int:0 code:0027c1e0 int:20 str:igNonRefCountedAttrSetList code:00250180 code:001a43f0 code:00223f30 data:005bdb3c int:0
0028793e	igAnimationModifier	20	data:004714e8 int:0 code:0024b420 code:00261aa0 int:20 str:igAnimationModifier code:00250420 code:001a4340 code:002264d0 data:005bdb8c int:0
0028798b	igAnimationCombinerBoneInfoListList	20	data:004714f0 int:0 int:0 code:00276c60 int:20 str:igAnimationCombinerBoneInfoListList code:002513e0 code:001a4390 code:00223ef0 data:005bdb9c int:0
002879ee	igAnimationTransitionDefinition	20	data:004714f8 int:0 code:00256ea0 code:00261d20 int:20 str:igAnimationTransitionDefinition code:00250ed0 code:001a4340 code:002264d0 data:005bdbc8 int:0
00288041	igTraversal	32	data:00471508 code:00287260 code:0025e930 code:0025e900 int:32 str:igTraversal code:0025e3d0 code:001a4340 code:002264d0 data:005bd88c int:0
0028808e	igTransientShaderData	24	data:00471510 int:0 code:00251ba0 code:002744b0 int:24 str:igTransientShaderData code:0025e470 code:00251b90 code:00287540 data:005bd890 int:0
002880db	igTransformSequence	56	data:00471520 int:0 code:002872a0 int:0 int:56 str:igTransformSequence code:0024fd30 code:00249170 code:00251d80 data:005bd8ac int:1
0028812b	igNonRefCountedTransformList	20	data:00471530 int:0 int:0 code:00281120 int:20 str:igNonRefCountedTransformList code:0024fe50 code:001a43f0 code:00223f30 data:005bd8b4 int:0
0028817b	igTransformList	20	data:00471538 int:0 int:0 code:00274570 int:20 str:igTransformList code:0024fdf0 code:001a4390 code:00223ef0 data:005bd8bc int:0
002881cb	igTransformStack	20	data:00471540 int:0 int:0 code:0027ae10 int:20 str:igTransformStack code:0024fdc0 code:001a4490 code:001a7600 data:005bd8c0 int:0
002882ab	igSkeletonList	20	data:00471568 int:0 int:0 code:002747d0 int:20 str:igSkeletonList code:00250540 code:001a4390 code:00223ef0 data:005bd914 int:0
002882fe	igSceneInfo	64	data:00471570 int:0 code:00253460 code:0025f6a0 int:64 str:igSceneInfo code:00250780 code:001a4510 code:002371d0 data:005bd988 int:0
00288351	igProjectiveShadowShader	240	data:00471588 int:0 code:00253810 code:0027b4f0 int:240 str:igProjectiveShadowShader code:00250840 code:0019c140 code:00281670 data:005bd9a0 int:0
002883ab	igModelViewMatrixBoneSelectList	20	data:004715d0 int:0 int:0 code:002759d0 int:20 str:igModelViewMatrixBoneSelectList code:00250cf0 code:001a4390 code:00223ef0 data:005bda1c int:0
0028843b	igInverseKinematicsJointList	20	data:004715d8 int:0 int:0 code:00275b70 int:20 str:igInverseKinematicsJointList code:00251080 code:001a4390 code:00223ef0 data:005bda3c int:0
00288491	igIntersectTraversal	64	data:004715e0 code:00287740 code:00260160 code:00260110 int:64 str:igIntersectTraversal code:002510e0 code:00251b10 code:00288000 data:005bda54 int:0
002884de	igInterpretedShaderData	32	data:004715f8 int:0 code:0024a300 code:00275d40 int:32 str:igInterpretedShaderData code:00250660 code:0025e9d0 code:00288050 data:005bda60 int:0
0028854b	igGeometryList	20	data:00471604 int:0 int:0 code:002816d0 int:20 str:igGeometryList code:002501e0 code:001a4390 code:00223ef0 data:005bda8c int:0
002887a1	igEnbayaAnimationState	168	int:0 code:002862e0 code:002877f0 code:00276030 int:168 str:igEnbayaAnimationState code:002514d0 code:00256780 code:00261930 data:005bdaac int:0
002887eb	igAttrStackList	20	data:0047176c int:0 int:0 code:002769e0 int:20 str:igAttrStackList code:002500c0 code:001a4390 code:00223ef0 data:005bdb34 int:0
00289238	igTimeTransform	48	int:0 int:0 code:00288200 int:0 int:48 str:igTimeTransform code:0024fe80 code:0019c140 code:00281670 data:005bd8d0 int:1
00289291	igSorter	132	data:00471774 int:0 code:002525e0 code:0025f240 int:132 str:igSorter code:002502a0 code:001a4340 code:002264d0 data:005bd8fc int:0
002892fb	_vertexList	20	data:0047179c int:0 int:0 code:00275810 int:20 str:_vertexList code:00250a50 code:001a4390 code:00223ef0 data:005bd9e0 int:0
00289371	igInverseKinematicsHandle	184	data:004717a4 int:0 code:0024a180 code:0027bcc0 int:184 str:igInverseKinematicsHandle code:00250fc0 code:002745b0 code:00285c00 data:005bda48 int:0
002893ce	igIniShaderFactory	60	data:004717b0 int:0 code:0024a440 code:00260390 int:60 str:igIniShaderFactory code:002511a0 code:00252c80 code:0025f5c0 data:005bda6c int:0
0028942b	igEnvironmentMapShader2	112	data:004717c4 int:0 code:00288580 int:0 int:112 str:igEnvironmentMapShader2 code:00251290 code:0019c140 code:00281670 data:005bdaa0 int:1
00289481	igCartoonShader	160	data:004717e8 int:0 code:00255d70 code:0027bff0 int:160 str:igCartoonShader code:00251650 code:0019c140 code:00281670 data:005bdafc int:0
002894d1	igBumpMapShader	200	data:0047180c int:0 code:00255fc0 code:0027c080 int:200 str:igBumpMapShader code:00250870 code:0019c140 code:00281670 data:005bdb0c int:0
0028952e	igAppearance	32	data:00471838 int:0 code:0024b150 code:002618c0 int:32 str:igAppearance code:00251770 code:001a4460 code:00226510 data:005bdb48 int:0
0028957b	igAnimationModifierList	20	data:00471850 int:0 int:0 code:00276bd0 int:20 str:igAnimationModifierList code:00250450 code:001a4390 code:00223ef0 data:005bdb84 int:0
002895db	igAnimationTransitionDefinitionList	20	data:00471858 int:0 int:0 code:00276e20 int:20 str:igAnimationTransitionDefinitionList code:00250f00 code:001a4390 code:00223ef0 data:005bdbc4 int:0
0028c8bb	igTransformListList	20	data:00471864 int:0 int:0 code:0027ade0 int:20 str:igTransformListList code:0024fe20 code:001a4390 code:00223ef0 data:005bd8b8 int:0
0028c93e	igPlanarShadowShader	112	data:0047186c int:0 code:00253d80 code:00281350 int:112 str:igPlanarShadowShader code:002508a0 code:0019c360 code:00281860 data:005bd9a4 int:0
0028c9d1	igAnimationCombiner	96	data:0047188c code:00289590 code:0027c350 code:00276d10 int:96 str:igAnimationCombiner code:002518f0 code:002492b0 code:00276ad0 data:005bdbac int:0
0028dbeb	igInverseKinematicsHandleList	20	data:0047189c int:0 int:0 code:00275c30 int:20 str:igInverseKinematicsHandleList code:00250ff0 code:001a4390 code:00223ef0 data:005bda44 int:0
0028dc3b	igEnvironmentMapShader2List	20	data:004718a4 int:0 int:0 code:00276000 int:20 str:igEnvironmentMapShader2List code:002512c0 code:001a4390 code:00223ef0 data:005bda9c int:0
0028dc9b	igAppearanceList	20	data:004718ac int:0 int:0 code:00276aa0 int:20 str:igAppearanceList code:002517a0 code:001a4390 code:00223ef0 data:005bdb44 int:0
0028dd1e	igAnimation	64	data:004718b4 int:0 code:00256d70 code:00256d20 int:64 str:igAnimation code:0025e6f0 code:001a4460 code:00226510 data:005bdbc0 int:0
0028deee	igCompiledGraph	92	data:004718c8 int:0 code:00255820 code:0027bed0 int:92 str:igCompiledGraph code:002515f0 code:0019c140 code:00281670 data:005bdad8 int:0
0028df81	igAttrStackManager	76	data:004718ec code:0028dc50 code:002616e0 code:00261670 int:76 str:igAttrStackManager code:002500f0 code:001a4340 code:002264d0 data:005bdb30 int:0
0028dfdb	igAnimationCombinerList	20	data:00471910 int:0 int:0 code:00281990 int:20 str:igAnimationCombinerList code:00251920 code:001a4390 code:00223ef0 data:005bdba8 int:0
0028e1ce	igInverseKinematicsSolver	32	data:00471918 int:0 code:00254ba0 code:00275b20 int:32 str:igInverseKinematicsSolver code:00251020 code:0019c050 code:00281490 data:005bda38 int:0
0028e224	igCompileTraversal	520	data:00471920 code:0028df00 code:002609a0 code:00260930 int:520 str:igCompileTraversal code:00250360 code:00255190 code:0028f910 data:005bdae4 int:0
0028e60b	igNonRefCountedAttrStackManagerList	20	data:00471940 int:0 int:0 code:0027c1b0 int:20 str:igNonRefCountedAttrStackManagerList code:00250120 code:001a43f0 code:00223f30 data:005bdb2c int:0
0028e65e	igAnimationDatabase	40	data:00471948 int:0 code:00256b40 code:00261ae0 int:40 str:igAnimationDatabase code:00251890 code:001a4510 code:002371d0 data:005bdb94 int:0
0028e6d1	igActor	256	data:00471960 int:0 code:00261e90 code:0027c5c0 int:256 str:igActor code:002519b0 code:0019c140 code:00281670 data:005bdbec int:0
0028f13e	igIniShaderManager	8	int:0 code:0028e670 code:0027bd50 code:00254dd0 int:8 str:igIniShaderManager code:00251170 code:001a4340 code:002264d0 data:005bda68 int:0
0028f18b	igAnimationDatabaseList	20	data:00471974 int:0 int:0 code:00276c00 int:20 str:igAnimationDatabaseList code:002518c0 code:001a4390 code:00223ef0 data:005bdb90 int:0
0028f321	igInverseKinematicsAnimation	176	data:0047197c int:0 code:0025fec0 code:00275cd0 int:176 str:igInverseKinematicsAnimation code:00250f60 code:00256d10 code:0028dce0 data:005bda4c int:0
0028f36b	igActorList	20	data:00471988 int:0 int:0 code:00281a30 int:20 str:igActorList code:002519e0 code:001a4390 code:00223ef0 data:005bdbe8 int:0
0028f84e	igInverseKinematicsSource	20	data:00471990 int:0 code:00254b20 code:0025fd30 int:20 str:igInverseKinematicsSource code:00250f90 code:00249250 code:00261980 data:005bda34 int:0
0028f8fe	igActorInfo	40	data:00471998 int:0 code:002570a0 code:00261e40 int:40 str:igActorInfo code:00251950 code:001a4510 code:002371d0 data:005bdbe4 int:0
0028f954	igCommonTraversal	472	data:004719b0 code:0028f8a0 code:00260be0 code:00255bb0 int:472 str:igCommonTraversal code:002502d0 code:00251b10 code:00288000 data:005bdaf4 int:0
0028f9b4	igFrustCullTraversal	560	data:00471a14 code:0028f860 code:002604b0 code:00275f80 int:560 str:igFrustCullTraversal code:00251260 code:00255190 code:0028f910 data:005bda98 int:0
0028f9fb	igActorInfoList	20	data:00471a20 int:0 int:0 code:00276f10 int:20 str:igActorInfoList code:00251980 code:001a4390 code:00223ef0 data:005bdbe0 int:0
0029b655	igMorphData	8	int:0 int:0 int:0 int:0 int:8 str:igMorphData code:00299e10 code:001a4340 code:002264d0 data:005be5b0 int:1
0029bf25	igAttrDefaultManager	8	int:0 int:0 int:0 int:0 int:8 str:igAttrDefaultManager code:00299530 code:001a4340 code:002264d0 data:005be690 int:1
0029d74e	igVisualContextAttrDefaultManager	12	data:00472db8 int:0 code:00290550 code:0029a890 int:12 str:igVisualContextAttrDefaultManager code:00299560 code:00290520 code:0029bef0 data:005be4cc int:0
0029d88e	igVector3MorphData	44	data:00472dc0 int:0 code:00296530 code:0029b5c0 int:44 str:igVector3MorphData code:00299ea0 code:0029b610 code:0029b620 data:005be5a4 int:0
0029d99e	igGeometryAttr1_5	52	data:00472dd4 int:0 code:00291db0 code:0029d910 int:52 str:igGeometryAttr1_5 code:0029fb60 code:0029be90 code:002a00c0 data:005be5fc int:0
0029d9e8	igGenericAttrDefaultManager	8	int:0 int:0 int:0 code:00296ff0 int:8 str:igGenericAttrDefaultManager code:0029a290 code:00290520 code:0029bef0 data:005be604 int:0
0029da38	igFileAttrDefaultManager	8	int:0 int:0 int:0 code:002971b0 int:8 str:igFileAttrDefaultManager code:0029a350 code:00290520 code:0029bef0 data:005be614 int:0
0029dc3b	igTextureMatrixAttrList	20	data:00472ddc int:0 int:0 code:0029dbd0 int:20 str:igTextureMatrixAttrList code:00299870 code:001a4390 code:00223ef0 data:005be508 int:0
0029dcbe	igTextureInfo	24	data:00472de4 int:0 code:00295830 code:0029dc50 int:24 str:igTextureInfo code:00299900 code:001a4510 code:002371d0 data:005be510 int:0
0029dd4b	igMorphDataList	20	data:00472dec int:0 int:0 code:0029dce0 int:20 str:igMorphDataList code:00299e40 code:001a4390 code:00223ef0 data:005be5ac int:0
0029e0ab	igNonRefCountedAttrList	20	data:00472e34 int:0 int:0 code:0029e040 int:20 str:igNonRefCountedAttrList code:00299500 code:001a43f0 code:00223f30 data:005be698 int:0
0029e12b	igAttrList	20	data:00472e3c int:0 int:0 code:0029e0c0 int:20 str:igAttrList code:002951b0 code:001a4390 code:00223ef0 data:005be69c int:0
0029e17b	igAttr	12	int:0 code:0029dad0 code:00292a30 int:0 int:12 str:igAttr code:002490f0 code:001a4340 code:002264d0 data:005be6a0 int:1
0029e1c5	igVisualAttribute	12	int:0 int:0 int:0 int:0 int:12 str:igVisualAttribute code:00299590 code:0029bf30 code:0029e140 data:005be4d0 int:1
0029e20e	igViewportAttr	40	data:00472e44 int:0 code:00290650 code:0029d760 int:40 str:igViewportAttr code:002995c0 code:00290530 code:0029e190 data:005be4d4 int:0
0029e25e	igVertexShaderBindAttr	16	data:00472e4c int:0 code:00295360 code:0029a900 int:16 str:igVertexShaderBindAttr code:002995f0 code:00290530 code:0029e190 data:005be4d8 int:0
0029e2ae	igVertexShaderAttr	60	data:00472e54 int:0 code:00290710 code:0029a930 int:60 str:igVertexShaderAttr code:00299620 code:00290530 code:0029e190 data:005be4dc int:0
0029e2fb	igVertexPipelineModeAttr	16	int:0 int:0 code:00290870 code:0029a990 int:16 str:igVertexPipelineModeAttr code:00299650 code:00290530 code:0029e190 data:005be4e0 int:0
0029e34b	igVertexBlendStateAttr	16	int:0 int:0 code:002908f0 code:0029a9c0 int:16 str:igVertexBlendStateAttr code:00299680 code:00290530 code:0029e190 data:005be4e4 int:0
0029e3a1	igVertexBlendMatrixListAttr	156	data:00472e70 int:0 code:00290940 code:0029a9f0 int:156 str:igVertexBlendMatrixListAttr code:00249160 code:00290530 code:0029e190 data:005be4e8 int:0
0029e41b	igVertexBlendMatrixAttrList	20	data:00472e78 int:0 int:0 code:0029e3b0 int:20 str:igVertexBlendMatrixAttrList code:002996e0 code:001a4390 code:00223ef0 data:005be4ec int:0
0029e46b	igVertexBlendMatrixAttr	80	int:0 int:0 code:0029aa90 code:0029aa60 int:80 str:igVertexBlendMatrixAttr code:002996b0 code:00290530 code:0029e190 data:005be4f0 int:0
0029e4bb	igTimeAttr	24	int:0 int:0 code:00290a70 code:0029ac00 int:24 str:igTimeAttr code:00299770 code:00290530 code:0029e190 data:005be4f8 int:0
0029e50e	igTextureUnloadAttr	20	data:00472e80 int:0 code:00295670 code:0029ac30 int:20 str:igTextureUnloadAttr code:00295270 code:00290530 code:0029e190 data:005be4fc int:0
0029e55b	igTextureStateAttr	20	int:0 int:0 code:00295720 code:0029ac60 int:20 str:igTextureStateAttr code:002997e0 code:00290530 code:0029e190 data:005be500 int:0
0029e5ab	igTextureMatrixStateAttr	20	int:0 int:0 code:002957a0 code:0029ac90 int:20 str:igTextureMatrixStateAttr code:00299810 code:00290530 code:0029e190 data:005be504 int:0
0029e5fb	igTextureMatrixAttr	84	int:0 int:0 code:0029ad00 code:0029acd0 int:84 str:igTextureMatrixAttr code:00299840 code:00290530 code:0029e190 data:005be50c int:0
0029e64e	igTextureFunctionAttr	40	int:0 code:002959d0 code:002958e0 code:0029ae20 int:40 str:igTextureFunctionAttr code:00299930 code:00290530 code:0029e190 data:005be518 int:0
0029e69b	igTextureCoordSourceAttr	24	int:0 int:0 code:00295a90 code:0029aea0 int:24 str:igTextureCoordSourceAttr code:00299990 code:00290530 code:0029e190 data:005be528 int:0
0029e6fb	igTextureAddressModeAttr	20	int:0 int:0 code:00290d00 code:0029af00 int:20 str:igTextureAddressModeAttr code:002999c0 code:00290530 code:0029e190 data:005be538 int:0
0029e74b	igTexGenMatrixAttr	80	int:0 int:0 code:0029af60 code:0029af30 int:80 str:igTexGenMatrixAttr code:002999f0 code:00290530 code:0029e190 data:005be53c int:0
0029e79b	igStencilStateAttr	16	int:0 int:0 code:00290e90 code:0029b0a0 int:16 str:igStencilStateAttr code:00299a50 code:00290530 code:0029e190 data:005be544 int:0
0029e7eb	igStencilFunctionAttr	40	int:0 int:0 code:00290ed0 code:0029b0d0 int:40 str:igStencilFunctionAttr code:00299a80 code:00290530 code:0029e190 data:005be548 int:0
0029e83e	igSpriteAttr	32	data:00472e88 int:0 code:00290fe0 code:0029b100 int:32 str:igSpriteAttr code:00299ab0 code:00290530 code:0029e190 data:005be54c int:0
0029e88b	igShadeModelAttr	16	int:0 int:0 code:00291080 code:0029b130 int:16 str:igShadeModelAttr code:00299ae0 code:00290530 code:0029e190 data:005be550 int:0
0029e8db	igScissorTypeAttr	16	int:0 int:0 code:00291130 code:0029b190 int:16 str:igScissorTypeAttr code:00299b40 code:00290530 code:0029e190 data:005be558 int:0
0029e92b	igScissorAttr	32	int:0 int:0 code:002911a0 code:0029b1c0 int:32 str:igScissorAttr code:00299b70 code:00290530 code:0029e190 data:005be55c int:0
0029e97b	igSceneAmbientColorAttr	28	int:0 int:0 code:00296030 code:0029b1f0 int:28 str:igSceneAmbientColorAttr code:00299ba0 code:00290530 code:0029e190 data:005be560 int:0
0029e9ce	igRenderListAttr	20	data:00472e90 int:0 code:00291250 code:0029b220 int:20 str:igRenderListAttr code:00299bd0 code:00290530 code:0029e190 data:005be564 int:0
0029ea1e	igRefVertexBlendMatrixAttr	20	data:00472e98 int:0 code:002960e0 code:0029b280 int:20 str:igRefVertexBlendMatrixAttr code:00299c00 code:00290530 code:0029e190 data:005be574 int:0
0029ea6b	igProjectionMatrixAttr	76	int:0 int:0 code:0029b2e0 code:0029b2b0 int:76 str:igProjectionMatrixAttr code:00249150 code:00290530 code:0029e190 data:005be578 int:0
0029eabb	igPolygonModeAttr	16	int:0 int:0 code:00291590 code:0029b3e0 int:16 str:igPolygonModeAttr code:00299c60 code:00290530 code:0029e190 data:005be57c int:0
0029eb0b	igPointSpriteSizeAttr	16	int:0 int:0 code:00291600 code:0029b410 int:16 str:igPointSpriteSizeAttr code:00299c90 code:00290530 code:0029e190 data:005be580 int:0
0029eb5e	igPixelShaderBindAttr	16	data:00472ea0 int:0 code:00296210 code:0029b440 int:16 str:igPixelShaderBindAttr code:00299cc0 code:00290530 code:0029e190 data:005be584 int:0
0029ebae	igPixelShaderAttr	52	data:00472ea8 int:0 code:00291660 code:0029b470 int:52 str:igPixelShaderAttr code:00299cf0 code:00290530 code:0029e190 data:005be588 int:0
0029ebfb	igPixelPipelineModeAttr	16	int:0 int:0 code:00291780 code:0029b4c0 int:16 str:igPixelPipelineModeAttr code:00299d20 code:00290530 code:0029e190 data:005be58c int:0
0029ec5e	igParticleAttr	48	data:00472ebc int:0 code:00291800 code:0029b500 int:48 str:igParticleAttr code:00299d50 code:00290530 code:0029e190 data:005be594 int:0
0029ecab	igNormalizeNormalsStateAttr	16	int:0 int:0 code:002918c0 code:0029b530 int:16 str:igNormalizeNormalsStateAttr code:00299db0 code:00290530 code:0029e190 data:005be598 int:0
0029ecfb	igMultiPassStateAttr	16	int:0 int:0 code:00291900 code:0029b560 int:16 str:igMultiPassStateAttr code:00299de0 code:00290530 code:0029e190 data:005be59c int:0
0029ed7b	igVec3fAlignedList	20	int:0 code:00296640 int:0 code:0029ed10 int:20 str:igVec3fAlignedList code:00299e70 code:001aa720 code:002460f0 data:005be5a8 int:0
0029edce	igModelViewMatrixAttr	76	int:0 code:0013d370 code:0029dd90 code:0029b670 int:76 str:igModelViewMatrixAttr code:00249140 code:00290530 code:0029e190 data:005be5b8 int:0
0029ee1b	igMipMapAttr	20	int:0 int:0 code:00291a50 code:0029b6a0 int:20 str:igMipMapAttr code:00299fc0 code:00290530 code:0029e190 data:005be5bc int:0
0029ee6b	igMatrixOptStateAttr	16	int:0 int:0 code:00291ae0 code:0029b6d0 int:16 str:igMatrixOptStateAttr code:00299ff0 code:00290530 code:0029e190 data:005be5c0 int:0
0029eebb	igMaterialModeAttr	16	int:0 int:0 code:00291b30 code:0029b730 int:16 str:igMaterialModeAttr code:0029a050 code:00290530 code:0029e190 data:005be5c8 int:0
0029ef0b	igMaterialAttr	84	int:0 int:0 code:00296790 code:0029b760 int:84 str:igMaterialAttr code:0019a9d0 code:00290530 code:0029e190 data:005be5cc int:0
0029ef5b	igMacroTextureRegionAttr	28	int:0 int:0 code:00291bb0 code:0029b790 int:28 str:igMacroTextureRegionAttr code:0029a080 code:00290530 code:0029e190 data:005be5d0 int:0
0029efab	igLineWidthAttr	16	int:0 int:0 code:00291bf0 code:0029b7c0 int:16 str:igLineWidthAttr code:0029a0b0 code:00290530 code:0029e190 data:005be5d4 int:0
0029effb	igLightingStateAttr	16	int:0 int:0 code:00291c40 code:0029b7f0 int:16 str:igLightingStateAttr code:0019a9f0 code:00290530 code:0029e190 data:005be5d8 int:0
0029f051	igLightAttr	148	data:00472ec4 int:0 code:00296a20 code:0029b870 int:148 str:igLightAttr code:002a0330 code:00290530 code:0029e190 data:005be5e8 int:0
0029f09e	igGeometrySetAttr	32	data:00472ecc int:0 code:00296d40 code:0029b8b0 int:32 str:igGeometrySetAttr code:002491f0 code:00290530 code:0029e190 data:005be5f0 int:0
0029f0eb	igGeometryMaskAttr	16	int:0 int:0 code:00291d60 code:0029b8e0 int:16 str:igGeometryMaskAttr code:0029a180 code:00290530 code:0029e190 data:005be5f4 int:0
0029f13e	igGeometryAttr2	44	data:00472ed8 int:0 code:00296e60 code:0029b910 int:44 str:igGeometryAttr2 code:0029a1b0 code:00290530 code:0029e190 data:005be5f8 int:0
0029f18b	igFogStateAttr	16	int:0 int:0 code:00291e70 code:0029b9a0 int:16 str:igFogStateAttr code:0029a2c0 code:00290530 code:0029e190 data:005be608 int:0
0029f1db	igFogAttr	44	int:0 int:0 code:00297040 code:0029b9d0 int:44 str:igFogAttr code:0029a2f0 code:00290530 code:0029e190 data:005be60c int:0
0029f22b	igDitherStateAttr	24	int:0 int:0 code:00291ec0 code:0029ba30 int:24 str:igDitherStateAttr code:0029a380 code:00290530 code:0029e190 data:005be618 int:0
0029f27e	igDisplayListAttr	16	data:00472ee8 int:0 code:00297210 code:0029ba60 int:16 str:igDisplayListAttr code:0029a3b0 code:0029bf30 code:0029e140 data:005be61c int:0
0029f2cb	igDestinationAlphaStateAttr	16	int:0 int:0 code:00291f60 code:0029ba90 int:16 str:igDestinationAlphaStateAttr code:0029a3e0 code:00290530 code:0029e190 data:005be620 int:0
0029f31b	igDestinationAlphaFunctionAttr	16	int:0 int:0 code:00291fb0 code:0029bac0 int:16 str:igDestinationAlphaFunctionAttr code:0029a410 code:00290530 code:0029e190 data:005be624 int:0
0029f36b	igDestinationAlphaAttr	16	int:0 int:0 code:00292000 code:0029baf0 int:16 str:igDestinationAlphaAttr code:0029a440 code:00290530 code:0029e190 data:005be628 int:0
0029f3bb	igDepthWriteStateAttr	16	int:0 int:0 code:00292090 code:0029bb20 int:16 str:igDepthWriteStateAttr code:0029a470 code:00290530 code:0029e190 data:005be62c int:0
0029f40b	igDepthStateAttr	16	int:0 int:0 code:002920e0 code:0029bb50 int:16 str:igDepthStateAttr code:0029a4a0 code:00290530 code:0029e190 data:005be630 int:0
0029f45b	igDepthFunctionAttr	16	int:0 int:0 code:00292130 code:0029bb80 int:16 str:igDepthFunctionAttr code:0029a4d0 code:00290530 code:0029e190 data:005be634 int:0
0029f4ab	igDecalAttr	16	int:0 int:0 code:002921a0 code:0029bbb0 int:16 str:igDecalAttr code:0029a500 code:00290530 code:0029e190 data:005be638 int:0
0029f4f5	igCustomStateCollectionAttr	12	int:0 int:0 int:0 int:0 int:12 str:igCustomStateCollectionAttr code:00299710 code:00290530 code:0029e190 data:005be63c int:1
0029f53b	igCullFaceAttr	20	int:0 int:0 code:00292220 code:0029bbe0 int:20 str:igCullFaceAttr code:00249550 code:00290530 code:0029e190 data:005be640 int:0
0029f58b	igColorScalerStateAttr	16	int:0 int:0 code:002923e0 code:0029bc60 int:16 str:igColorScalerStateAttr code:0029a560 code:00290530 code:0029e190 data:005be64c int:0
0029f5db	igColorMaskAttr	20	int:0 int:0 code:00292450 code:0029bc90 int:20 str:igColorMaskAttr code:0029a590 code:00290530 code:0029e190 data:005be650 int:0
0029f62b	igColorAttr	32	int:0 int:0 code:002974d0 code:0029bcc0 int:32 str:igColorAttr code:0019a9e0 code:00290530 code:0029e190 data:005be654 int:0
0029f67b	igClippingStateAttr	16	int:0 int:0 code:00292560 code:0029bcf0 int:16 str:igClippingStateAttr code:0029a5c0 code:00290530 code:0029e190 data:005be658 int:0
0029f6cb	igClearAttr	72	int:0 int:0 code:00297600 code:0029bd20 int:72 str:igClearAttr code:0024b9d0 code:00290530 code:0029e190 data:005be65c int:0
0029f71b	igBlendingCorrectionStateAttr	16	int:0 int:0 code:002925b0 code:0029bd50 int:16 str:igBlendingCorrectionStateAttr code:0029a5f0 code:00290530 code:0029e190 data:005be660 int:0
0029f76b	igBlendingControlStateAttr	16	int:0 int:0 code:002925f0 code:0029bd80 int:16 str:igBlendingControlStateAttr code:0029a620 code:00290530 code:0029e190 data:005be664 int:0
0029f7bb	igBlendStateAttr	16	int:0 int:0 code:00292670 code:0029bdb0 int:16 str:igBlendStateAttr code:0024a7b0 code:00290530 code:0029e190 data:005be668 int:0
0029f81b	igBlendMatrixPaletteAttr	28	int:0 int:0 code:00292730 code:0029bdf0 int:28 str:igBlendMatrixPaletteAttr code:0029a680 code:00290530 code:0029e190 data:005be670 int:0
0029f86b	igBlendMatricesAttr	24	int:0 int:0 code:002927c0 code:0029be20 int:24 str:igBlendMatricesAttr code:0029a650 code:00290530 code:0029e190 data:005be674 int:0
0029f8be	igBlendFunctionAttr	52	data:00472ef0 int:0 code:00297830 code:0029be50 int:52 str:igBlendFunctionAttr code:0029a6e0 code:00290530 code:0029e190 data:005be680 int:0
0029f91b	igAlphaStateAttr	16	int:0 int:0 code:00292a90 code:0029bf40 int:16 str:igAlphaStateAttr code:0029a710 code:00290530 code:0029e190 data:005be6a4 int:0
0029f96b	igAlphaFunctionAttr	20	int:0 int:0 code:00292ad0 code:0029bf70 int:20 str:igAlphaFunctionAttr code:0029a740 code:00290530 code:0029e190 data:005be6a8 int:0
0029f9bb	igVertexShaderStateAttr	16	int:0 int:0 code:00292b40 code:0029bfa0 int:16 str:igVertexShaderStateAttr code:0029a770 code:00290530 code:0029e190 data:005be6ac int:0
0029fa0b	igVertexShaderConstantAttr	80	int:0 int:0 code:00297b50 code:0029bfd0 int:80 str:igVertexShaderConstantAttr code:0029a7a0 code:00290530 code:0029e190 data:005be6b0 int:0
0029fa5b	igPixelShaderStateAttr	16	int:0 int:0 code:00292b80 code:0029c000 int:16 str:igPixelShaderStateAttr code:0029a7d0 code:00290530 code:0029e190 data:005be6b4 int:0
0029faab	igPixelShaderConstantAttr	32	int:0 int:0 code:00292bd0 code:0029c030 int:32 str:igPixelShaderConstantAttr code:0029a800 code:00290530 code:0029e190 data:005be6b8 int:0
0029fafb	igShadowFunctionAttr	16	int:0 int:0 code:00292c50 code:0029c060 int:16 str:igShadowFunctionAttr code:0029a830 code:00290530 code:0029e190 data:005be6c0 int:0
0029fb4b	igPolygonOffsetAttr	24	int:0 int:0 code:00292cc0 code:0029c090 int:24 str:igPolygonOffsetAttr code:0029a860 code:00290530 code:0029e190 data:005be6c4 int:0
0029fbcb	igVectorConstantAttr	32	int:0 int:0 code:002955e0 code:0029d7a0 int:32 str:igVectorConstantAttr code:00299740 code:00290540 code:0029f4c0 data:005be4f4 int:0
0029fc5b	igImageMipMapList	20	data:00472ef8 int:0 int:0 code:0029fbf0 int:20 str:igImageMipMapList code:00295210 code:001a4390 code:00223ef0 data:005be534 int:0
0029fcdb	igParticleAttrList	20	data:00472f00 int:0 int:0 code:0029fc70 int:20 str:igParticleAttrList code:00299d80 code:001a4390 code:00223ef0 data:005be590 int:0
0029fd3b	igMatrixConstantAttr	80	int:0 int:0 code:002966d0 code:0029b700 int:80 str:igMatrixConstantAttr code:0029a020 code:00290540 code:0029f4c0 data:005be5c4 int:0
0029fe7b	igFloatConstantAttr	20	int:0 int:0 code:00297160 code:0029ba00 int:20 str:igFloatConstantAttr code:0029a320 code:00290540 code:0029f4c0 data:005be610 int:0
0029fefb	igBlendMatrixPaletteAttrList	20	data:00472f98 int:0 int:0 code:0029fe90 int:20 str:igBlendMatrixPaletteAttrList code:0029a6b0 code:001a4390 code:00223ef0 data:005be66c int:0
0029ff4b	igAttrListList	20	data:00472fa0 int:0 int:0 code:0029e010 int:20 str:igAttrListList code:002951e0 code:001a4390 code:00223ef0 data:005be694 int:0
0029ffcb	igModelViewMatrixAttrList	20	data:00472fa8 int:0 int:0 code:0029dd60 int:20 str:igModelViewMatrixAttrList code:00299f90 code:001a4390 code:00223ef0 data:005be5b4 int:0
002a003e	igLightStateAttr	24	data:00472fb0 int:0 code:00296960 code:0029b830 int:24 str:igLightStateAttr code:00249130 code:00290530 code:0029e190 data:005be5e0 int:0
002a008b	igLightList	20	data:00472fbc int:0 int:0 code:0029ded0 int:20 str:igLightList code:0029a120 code:001a4390 code:00223ef0 data:005be5e4 int:0
002a00fb	igGeometryAttr	48	data:00472fc4 int:0 code:0029fd60 int:0 int:48 str:igGeometryAttr code:002491e0 code:00290530 code:0029e190 data:005be600 int:1
002a039e	igTextureAttr	72	data:00472fd8 int:0 code:00295bf0 code:00295ba0 int:72 str:igTextureAttr code:00295240 code:00290530 code:0029e190 data:005be530 int:0
002a040b	igGeometryAttrList	20	data:00472fec int:0 int:0 code:0029df30 int:20 str:igGeometryAttrList code:002998a0 code:001a4390 code:00223ef0 data:005be688 int:0
002a0461	igAttrPool	20	data:00472ff4 code:0013d370 code:0029df60 code:0029bea0 int:20 str:igAttrPool code:002952d0 code:001a4340 code:002264d0 data:005be68c int:0
002a051e	igTextureCubeAttr	104	data:00473000 int:0 code:00290be0 code:0029d7f0 int:104 str:igTextureCubeAttr code:00299960 code:0029be80 code:002a0360 data:005be524 int:0
002a057e	igRenderDestinationAttr	68	data:00473008 int:0 code:00291360 code:0029b250 int:68 str:igRenderDestinationAttr code:002952a0 code:00290530 code:0029e190 data:005be570 int:0
002a05ce	igMorphedGeometryAttr	20	data:00473014 int:0 code:002963f0 code:0029b590 int:20 str:igMorphedGeometryAttr code:00299f60 code:00290530 code:0029e190 data:005be5a0 int:0
002a061b	igLightStateAttrList	20	data:00473020 int:0 int:0 code:0029dea0 int:20 str:igLightStateAttrList code:0029a150 code:001a4390 code:00223ef0 data:005be5dc int:0
002a06db	igTextureList	20	data:00473028 int:0 int:0 code:0029df00 int:20 str:igTextureList code:002998d0 code:001a4390 code:00223ef0 data:005be684 int:0
002a0731	igTextureBindAttr	20	data:00473030 code:0013d370 code:00295b20 code:0029aed0 int:20 str:igTextureBindAttr code:00249820 code:00290530 code:0029e190 data:005be52c int:0
002a079b	igSubTextureBindAttr	44	int:0 int:0 code:00290dc0 code:0029b070 int:44 str:igSubTextureBindAttr code:00299a20 code:00295b10 code:002a06f0 data:005be540 int:0
002a07fe	igCopyRenderDestinationAttr	52	data:00473038 int:0 code:00292300 code:0029bc10 int:52 str:igCopyRenderDestinationAttr code:0029a530 code:00290530 code:0029e190 data:005be648 int:0
002a085e	igSetRenderDestinationAttr	16	data:00473048 int:0 code:00295f50 code:0029b160 int:16 str:igSetRenderDestinationAttr code:00299b10 code:00290530 code:0029e190 data:005be554 int:0
0030204e	igCollideHull	36	data:00476340 int:0 code:00301e70 code:00301fc0 int:36 str:igCollideHull code:00301ee0 code:001a4510 code:002371d0 data:005beba8 int:0
00302c78	igMovieCodec	12	int:0 int:0 int:0 code:00302c10 int:12 str:igMovieCodec code:003023a0 code:001a4460 code:00226510 data:005bec38 int:0
00302fbb	igTextureBindAttrList	20	data:00476540 int:0 int:0 code:00302f50 int:20 str:igTextureBindAttrList code:00302340 code:001a4390 code:00223ef0 data:005bec20 int:0
0030303b	igMovieCodecList	20	data:00476548 int:0 int:0 code:00302fd0 int:20 str:igMovieCodecList code:003023d0 code:001a4390 code:00223ef0 data:005bec34 int:0
003030ce	igMovieInfo	108	data:00476550 int:0 code:00302500 code:00302eb0 int:108 str:igMovieInfo code:00302310 code:001a4510 code:002371d0 data:005bec30 int:0
003031db	igMovieInfoList	20	data:0047656c int:0 int:0 code:00303050 int:20 str:igMovieInfoList code:00302370 code:001a4390 code:00223ef0 data:005bec1c int:0
0030404e	igMovieManagerNoInsight	28	data:00476574 int:0 code:00302420 code:00302e60 int:28 str:igMovieManagerNoInsight code:00302a30 code:001a4460 code:00226510 data:005bec18 int:0
003044eb	igCriMovieData	44	int:0 int:0 code:003042d0 code:00304480 int:44 str:igCriMovieData code:00304440 code:001a4340 code:002264d0 data:005bec74 int:0
00304bee	igCriMovieCodec	24	data:0047664c int:0 code:00304910 code:00304b60 int:24 str:igCriMovieCodec code:003048e0 code:00302060 code:00302c40 data:005bec70 int:0
0033da18	igAudioContext	12	int:0 int:0 code:0033d980 int:0 int:12 str:igAudioContext code:0033da50 code:001a4340 code:002264d0 data:005d98a8 int:1
0021ef9b	igRefMetaField	56	data:0046a98c int:0 code:0021eb90 int:0 int:56 str:igRefMetaField code:00219590 code:001a4350 code:00221cf0 data:005bc214 int:1
00243af0	igVectorMorphing	8	int:0 code:00240ce0 int:0 code:00240cb0 int:8 str:igVectorMorphing code:002408b0 code:001a4340 code:002264d0 data:005bc834 int:0
00244900	igVectorBlending	8	int:0 code:00243b00 int:0 code:00240cf0 int:8 str:igVectorBlending code:002408e0 code:001a4340 code:002264d0 data:005bc838 int:0
00248665	igEventProducer	8	int:0 int:0 int:0 int:0 int:8 str:igEventProducer code:00248510 code:001a4340 code:002264d0 data:005bcba4 int:1
00248748	igController	16	int:0 int:0 code:00247e30 int:0 int:16 str:igController code:00248540 code:00248ab0 code:00248630 data:005bcbc8 int:1
00248efb	igInterfaceManager	12	data:0046d620 int:0 code:00248e20 int:0 int:12 str:igInterfaceManager code:00248570 code:001a4340 code:002264d0 data:005bcb9c int:1
00245564	igGetCenterFunctionList	20	int:0 int:0 int:0 code:00244f00 int:20 str:igGetCenterFunctionList code:00240c70 code:001a4380 code:0021ee90 data:005bc8f0 int:0
002455c4	igIsEmptyFunctionList	20	int:0 int:0 int:0 code:00244f30 int:20 str:igIsEmptyFunctionList code:00240c40 code:001a4380 code:0021ee90 data:005bc8f4 int:0
00245624	igEmptyFunctionList	20	int:0 int:0 int:0 code:00244f60 int:20 str:igEmptyFunctionList code:00240c10 code:001a4380 code:0021ee90 data:005bc8f8 int:0
00245684	igTransformFunctionList	20	int:0 int:0 int:0 code:00244f90 int:20 str:igTransformFunctionList code:00240be0 code:001a4380 code:0021ee90 data:005bc8fc int:0
002456e4	igContainsVecFunctionList	20	int:0 int:0 int:0 code:00244fc0 int:20 str:igContainsVecFunctionList code:00240bb0 code:001a4380 code:0021ee90 data:005bc900 int:0
00245744	igExtendByVecFunctionList	20	int:0 int:0 int:0 code:00244ff0 int:20 str:igExtendByVecFunctionList code:00240b80 code:001a4380 code:0021ee90 data:005bc904 int:0
002457a4	igContainsRayFunctionList	20	int:0 int:0 int:0 code:00245020 int:20 str:igContainsRayFunctionList code:00240b50 code:001a4380 code:0021ee90 data:005bc908 int:0
00245804	igExtendByRayFunctionList	20	int:0 int:0 int:0 code:00245050 int:20 str:igExtendByRayFunctionList code:00240b20 code:001a4380 code:0021ee90 data:005bc90c int:0
00245864	igRayIntersectionFunctionList	20	int:0 int:0 int:0 code:00245080 int:20 str:igRayIntersectionFunctionList code:00240af0 code:001a4380 code:0021ee90 data:005bc910 int:0
002458c4	igContainsFunctionList	20	int:0 int:0 int:0 code:002450b0 int:20 str:igContainsFunctionList code:00240ac0 code:001a4380 code:0021ee90 data:005bc914 int:0
00245924	igExtendByFunctionList	20	int:0 int:0 int:0 code:002450e0 int:20 str:igExtendByFunctionList code:00240a90 code:001a4380 code:0021ee90 data:005bc918 int:0
00245984	igIntersectionFunctionList	20	int:0 int:0 int:0 code:00245110 int:20 str:igIntersectionFunctionList code:00240a60 code:001a4380 code:0021ee90 data:005bc91c int:0
00248bfb	igControllerList	20	data:0046d5f8 int:0 int:0 code:00248b90 int:20 str:igControllerList code:00247da0 code:001a4390 code:00223ef0 data:005bcbb4 int:0
002487ce	igXboxWindow	28	data:0046d5f0 int:0 code:00247f10 code:00248760 int:28 str:igXboxWindow code:00248c10 code:00247690 code:00248dd0 data:005bcbd0 int:0
00248d88	igXboxControllerManager	12	int:0 int:0 int:0 code:00248b50 int:12 str:igXboxControllerManager code:002485d0 code:002476b0 code:00248d00 data:005bcbd4 int:0
0033d0ae	igDx8AudioContext	28	data:00479fd4 int:0 code:0033da80 code:0033d040 int:28 str:igDx8AudioContext code:0033d950 code:0033cb20 code:0033d9e0 data:005d98b4 int:0
002453da	igVec4fArrayMetaField	56	data:0046d2f0 int:0 code:0023b330 code:00243b80 int:56 str:igVec4fArrayMetaField code:00240940 code:001aa760 code:00245320 data:005bc854 int:0
00248cbb	igEventProducerList	20	data:0046d600 int:0 int:0 code:00248c50 int:20 str:igEventProducerList code:00247d70 code:001a4390 code:00223ef0 data:005bcba0 int:0
0033d938	igDx8AudioSourceList	20	int:0 int:0 int:0 code:0033d8d0 int:20 str:igDx8AudioSourceList code:0033d010 code:001a4380 code:0021ee90 data:005d98b8 int:0
00245fc7	igMatrix44fList	20	int:0 int:0 code:00245a00 code:00245140 int:20 str:igMatrix44fList code:00243a80 code:001a4380 code:0021ee90 data:005bc924 int:0
00246657	igVec3fListList	20	data:0046d3b0 int:0 int:0 code:00245c00 int:20 str:igVec3fListList code:00243a20 code:001a4390 code:00223ef0 data:005bc93c int:0
00246767	igRayList	20	data:0046d3c0 int:0 int:0 code:00244ed0 int:20 str:igRayList code:002439f0 code:001a4390 code:00223ef0 data:005bc8c0 int:0
