addr	bucket	code_units	status	name
00040e60	GAME_UNIQUE	2072	UNNAMED	FUN_00040e60
0001a5f0	GAME_UNIQUE	1524	UNNAMED	FUN_0001a5f0
000c1f40	GAME_UNIQUE	1516	UNNAMED	FUN_000c1f40
00115830	GAME_UNIQUE	1409	UNNAMED	FUN_00115830
00016b00	GAME_UNIQUE	1342	UNNAMED	FUN_00016b00
000f4b50	GAME_UNIQUE	1215	named	CAIPattern::vfunc7
00080df0	GAME_UNIQUE	1205	named	IMap::vfunc60
00061040	GAME_UNIQUE	1096	UNNAMED	FUN_00061040
000ef390	GAME_UNIQUE	1035	named	CAIRangedAttackHandler::vfunc0
00303210	GAME_UNIQUE	986	UNNAMED	FUN_00303210
000955c0	GAME_UNIQUE	981	UNNAMED	FUN_000955c0
000afd70	GAME_UNIQUE	970	UNNAMED	FUN_000afd70
0012b350	GAME_UNIQUE	960	UNNAMED	FUN_0012b350
00062f10	GAME_UNIQUE	906	UNNAMED	FUN_00062f10
000ffa60	GAME_UNIQUE	879	UNNAMED	FUN_000ffa60
001093d0	GAME_UNIQUE	845	UNNAMED	FUN_001093d0
001ff070	GAME_UNIQUE	840	UNNAMED	FUN_001ff070
000dff10	GAME_UNIQUE	832	named	CCHJumpLiftAttack::vfunc511
00045260	GAME_UNIQUE	823	UNNAMED	FUN_00045260
00282f50	GAME_UNIQUE	810	UNNAMED	FUN_00282f50
00211530	GAME_UNIQUE	804	UNNAMED	FUN_00211530
00110890	GAME_UNIQUE	798	UNNAMED	FUN_00110890
00024380	GAME_UNIQUE	775	UNNAMED	FUN_00024380
0005af10	GAME_UNIQUE	769	named	CCombatSystem::vfunc10
00114d30	GAME_UNIQUE	756	UNNAMED	FUN_00114d30
000e2610	GAME_UNIQUE	740	UNNAMED	FUN_000e2610
0015ad50	GAME_UNIQUE	733	UNNAMED	FUN_0015ad50
00283a40	GAME_UNIQUE	733	UNNAMED	FUN_00283a40
000e6040	GAME_UNIQUE	728	UNNAMED	FUN_000e6040
00112b20	GAME_UNIQUE	727	UNNAMED	FUN_00112b20
000bb850	GAME_UNIQUE	724	UNNAMED	FUN_000bb850
00096ba0	GAME_UNIQUE	716	named	CProjectileEntity::vfunc71
002c21ae	GAME_UNIQUE	711	UNNAMED	FUN_002c21ae
0027e700	GAME_UNIQUE	700	UNNAMED	FUN_0027e700
003addc9	GAME_UNIQUE	698	UNNAMED	FUN_003addc9
000f2990	GAME_UNIQUE	696	named	CAIShadesNoWingAttackHandler::vfunc25
00166b50	GAME_UNIQUE	684	UNNAMED	FUN_00166b50
000ccf60	GAME_UNIQUE	680	UNNAMED	FUN_000ccf60
00196690	GAME_UNIQUE	675	UNNAMED	FUN_00196690
000d3270	GAME_UNIQUE	674	named	CCEAtkTeleport::vfunc237
00169200	GAME_UNIQUE	657	UNNAMED	FUN_00169200
00018cf0	GAME_UNIQUE	647	UNNAMED	FUN_00018cf0
00022400	GAME_UNIQUE	647	named	CFxDLightPrimitive::vfunc174
001753b0	GAME_UNIQUE	642	named	CMenuItemCharacters::vfunc3
0015d620	GAME_UNIQUE	631	UNNAMED	FUN_0015d620
0020efd0	GAME_UNIQUE	630	UNNAMED	FUN_0020efd0
000eea60	GAME_UNIQUE	627	named	CAIStandardAttackHandler::vfunc0
00119ad0	GAME_UNIQUE	619	UNNAMED	FUN_00119ad0
0008b360	GAME_UNIQUE	617	named	CMultiplayer::vfunc20
001e2860	GAME_UNIQUE	616	UNNAMED	FUN_001e2860
001db2e0	GAME_UNIQUE	613	UNNAMED	FUN_001db2e0
0020c540	GAME_UNIQUE	611	UNNAMED	FUN_0020c540
0014c930	GAME_UNIQUE	610	UNNAMED	FUN_0014c930
002392e0	GAME_UNIQUE	610	UNNAMED	FUN_002392e0
00091560	GAME_UNIQUE	609	named	tmpl__AV_COnlyOneEvent_VCActor_VEFirstEquipment_::vfunc91
002c87d6	GAME_UNIQUE	609	UNNAMED	FUN_002c87d6
0015b9b0	GAME_UNIQUE	607	UNNAMED	FUN_0015b9b0
002106b0	GAME_UNIQUE	599	UNNAMED	FUN_002106b0
000622f0	GAME_UNIQUE	591	named	CConversationSystem::vfunc4
00347ed0	GAME_UNIQUE	591	UNNAMED	FUN_00347ed0
0034960f	GAME_UNIQUE	588	UNNAMED	FUN_0034960f
0004f3e0	GAME_UNIQUE	583	UNNAMED	FUN_0004f3e0
00271b50	GAME_UNIQUE	574	UNNAMED	FUN_00271b50
003b4449	GAME_UNIQUE	570	UNNAMED	FUN_003b4449
000c51b0	GAME_UNIQUE	561	UNNAMED	FUN_000c51b0
003b2295	GAME_UNIQUE	561	UNNAMED	FUN_003b2295
00227560	GAME_UNIQUE	552	UNNAMED	FUN_00227560
0010b9f0	GAME_UNIQUE	551	UNNAMED	FUN_0010b9f0
00044630	GAME_UNIQUE	550	UNNAMED	FUN_00044630
00285040	GAME_UNIQUE	539	UNNAMED	FUN_00285040
0025bb90	GAME_UNIQUE	532	UNNAMED	FUN_0025bb90
000c5f80	GAME_UNIQUE	531	UNNAMED	FUN_000c5f80
000214c0	GAME_UNIQUE	530	named	CFxLinePrimitive::vfunc59
003ae85a	GAME_UNIQUE	524	UNNAMED	FUN_003ae85a
000c3b90	GAME_UNIQUE	521	UNNAMED	FUN_000c3b90
00108710	GAME_UNIQUE	521	UNNAMED	FUN_00108710
00161450	GAME_UNIQUE	517	named	CMenu::vfunc22
000207a0	GAME_UNIQUE	514	named	CFxTextPrimitive::vfunc0
000c8790	GAME_UNIQUE	514	UNNAMED	FUN_000c8790
0028eaa0	GAME_UNIQUE	514	UNNAMED	FUN_0028eaa0
0010ad70	GAME_UNIQUE	513	UNNAMED	FUN_0010ad70
0019abb0	GAME_UNIQUE	509	UNNAMED	FUN_0019abb0
0038478b	GAME_UNIQUE	507	UNNAMED	FUN_0038478b
000f1890	GAME_UNIQUE	504	named	CAISentinelAttackHandler::vfunc0
002bb260	GAME_UNIQUE	504	UNNAMED	FUN_002bb260
003b557a	XMEN_SERIES	492	UNNAMED	FUN_003b557a
000e8e10	GAME_UNIQUE	489	named	tmpl__AV_tree_base_U_value_semantics_node_V_handle_str_02_0BH_Vtree_node_ratl_storage_ratl_ratl_::vfunc13
002bbdf0	GAME_UNIQUE	489	UNNAMED	FUN_002bbdf0
00056220	GAME_UNIQUE	488	named	tmpl__AV_map_vs_V_handle_str_0A_E_0PP_ratl_::vfunc10
003b0ded	GAME_UNIQUE	488	UNNAMED	FUN_003b0ded
00092220	GAME_UNIQUE	487	named	tmpl__AV_COnlyOneEvent_VCActor_VEFirstEquipment_::vfunc62
000d99d0	GAME_UNIQUE	486	named	CCombatNodeHandler::vfunc51
003b2b58	GAME_UNIQUE	486	UNNAMED	FUN_003b2b58
0027fd60	GAME_UNIQUE	481	UNNAMED	FUN_0027fd60
0003f980	GAME_UNIQUE	476	UNNAMED	FUN_0003f980
0008e6b0	GAME_UNIQUE	475	named	CPathGrid::vfunc0
00021d10	GAME_UNIQUE	474	named	CFxLightningPrimitive::vfunc59
0013e300	GAME_UNIQUE	473	UNNAMED	FUN_0013e300
003af9ba	GAME_UNIQUE	471	UNNAMED	FUN_003af9ba
0001e200	GAME_UNIQUE	470	UNNAMED	FUN_0001e200
00083c80	GAME_UNIQUE	469	UNNAMED	FUN_00083c80
00236930	GAME_UNIQUE	469	UNNAMED	FUN_00236930
002d7b00	GAME_UNIQUE	469	UNNAMED	FUN_002d7b00
002baac0	GAME_UNIQUE	467	UNNAMED	FUN_002baac0
000403c0	GAME_UNIQUE	461	UNNAMED	FUN_000403c0
00169b60	GAME_UNIQUE	459	UNNAMED	FUN_00169b60
0003bad0	GAME_UNIQUE	456	UNNAMED	FUN_0003bad0
00033cd0	GAME_UNIQUE	455	UNNAMED	FUN_00033cd0
000287a0	GAME_UNIQUE	451	UNNAMED	FUN_000287a0
000d0460	GAME_UNIQUE	451	named	CCEAtkSpawnProjectile::vfunc96
001e22e0	GAME_UNIQUE	451	UNNAMED	FUN_001e22e0
00073930	GAME_UNIQUE	443	UNNAMED	FUN_00073930
0010eed0	GAME_UNIQUE	443	UNNAMED	FUN_0010eed0
0014dc10	GAME_UNIQUE	443	UNNAMED	FUN_0014dc10
00269a00	GAME_UNIQUE	442	UNNAMED	FUN_00269a00
000f3410	GAME_UNIQUE	439	named	CAIHeroIdleHandler::vfunc0
002bcab0	GAME_UNIQUE	437	UNNAMED	FUN_002bcab0
00036f60	GAME_UNIQUE	436	UNNAMED	FUN_00036f60
00087f90	GAME_UNIQUE	436	named	CMoverEntity::vfunc71
000a9000	GAME_UNIQUE	436	UNNAMED	FUN_000a9000
00113e80	GAME_UNIQUE	431	UNNAMED	FUN_00113e80
000fb010	GAME_UNIQUE	430	UNNAMED	FUN_000fb010
0007b790	GAME_UNIQUE	427	named	CGuidedProjectileEntity::vfunc71
00179560	GAME_UNIQUE	427	named	CMenuItemListBox::vfunc3
00073190	GAME_UNIQUE	425	named	CGame::vfunc67
0003edd0	GAME_UNIQUE	424	UNNAMED	FUN_0003edd0
00105be0	GAME_UNIQUE	424	UNNAMED	FUN_00105be0
00035370	GAME_UNIQUE	418	UNNAMED	FUN_00035370
000359f0	GAME_UNIQUE	415	UNNAMED	FUN_000359f0
001007b0	GAME_UNIQUE	415	UNNAMED	FUN_001007b0
0010c290	GAME_UNIQUE	413	UNNAMED	FUN_0010c290
003605d0	GAME_UNIQUE	410	named	D3D8__CDevice_InitializeFrameBuffers
000c8130	GAME_UNIQUE	409	UNNAMED	FUN_000c8130
003b678b	GAME_UNIQUE	409	UNNAMED	FUN_003b678b
0005dd30	GAME_UNIQUE	408	named	CCombatSystem::vfunc13
0007d6a0	GAME_UNIQUE	407	named	CInventoryEntity::vfunc51
00111520	GAME_UNIQUE	405	UNNAMED	FUN_00111520
00078e60	GAME_UNIQUE	404	UNNAMED	FUN_00078e60
0024efe0	XMEN_SERIES	403	UNNAMED	FUN_0024efe0
0001d930	GAME_UNIQUE	402	named	CFxCylinderPrimitive::vfunc59
0003e7b0	GAME_UNIQUE	401	UNNAMED	FUN_0003e7b0
000d56b0	GAME_UNIQUE	395	UNNAMED	FUN_000d56b0
00104d90	GAME_UNIQUE	394	UNNAMED	FUN_00104d90
001190b0	GAME_UNIQUE	393	UNNAMED	FUN_001190b0
00097650	GAME_UNIQUE	392	named	CProjectileEntity::vfunc5
00106500	GAME_UNIQUE	391	UNNAMED	FUN_00106500
0012d4a0	GAME_UNIQUE	391	named	CAnimMotion::vfunc5
00159280	GAME_UNIQUE	390	UNNAMED	FUN_00159280
0001f260	GAME_UNIQUE	389	named	CFxSpritePrimitive::vfunc0
000d2190	GAME_UNIQUE	387	named	CCEAtkSpawn::vfunc4
0015cac0	GAME_UNIQUE	387	UNNAMED	FUN_0015cac0
000fba70	GAME_UNIQUE	385	UNNAMED	FUN_000fba70
0011a900	GAME_UNIQUE	382	UNNAMED	FUN_0011a900
00369c70	GAME_UNIQUE	382	UNNAMED	FUN_00369c70
003a5913	GAME_UNIQUE	380	UNNAMED	FUN_003a5913
001189f0	GAME_UNIQUE	379	UNNAMED	FUN_001189f0
0001fdc0	GAME_UNIQUE	378	named	CFxTessMeshPrimitive::vfunc59
00070fb0	GAME_UNIQUE	377	named	CGame::vfunc108
00173890	GAME_UNIQUE	376	named	CMenuItem::vfunc12
001d4b10	GAME_UNIQUE	376	UNNAMED	FUN_001d4b10
002c91fa	GAME_UNIQUE	376	UNNAMED	FUN_002c91fa
0015a320	GAME_UNIQUE	375	named	CHudCharacter::vfunc3
000984f0	GAME_UNIQUE	374	UNNAMED	FUN_000984f0
00064060	GAME_UNIQUE	369	UNNAMED	FUN_00064060
00093320	GAME_UNIQUE	369	named	tmpl__AV_COnlyOneEvent_VCActor_VEFirstEquipment_::vfunc25
000c4220	GAME_UNIQUE	367	UNNAMED	FUN_000c4220
000c6770	GAME_UNIQUE	367	UNNAMED	FUN_000c6770
0026a130	GAME_UNIQUE	367	UNNAMED	FUN_0026a130
00284500	GAME_UNIQUE	367	UNNAMED	FUN_00284500
001988b0	GAME_UNIQUE	365	UNNAMED	FUN_001988b0
000f1110	GAME_UNIQUE	361	named	CAIShadesNoWingAttackHandler::vfunc0
0001c530	GAME_UNIQUE	360	named	tmpl__AV_tree_base_U_value_semantics_node_USFxFileRecord_CFxTemplateManager_0KP_Vtree_node_ratl_stora::vfunc15
00159850	GAME_UNIQUE	359	named	CHudCharacter::vfunc38
001865a0	GAME_UNIQUE	358	UNNAMED	FUN_001865a0
000df740	GAME_UNIQUE	357	UNNAMED	FUN_000df740
00189610	GAME_UNIQUE	356	named	CHudComponent::vfunc12
001c9b80	GAME_UNIQUE	354	UNNAMED	FUN_001c9b80
000d4f20	GAME_UNIQUE	353	named	CCEAtkTeleport::vfunc34
0003db50	GAME_UNIQUE	352	UNNAMED	FUN_0003db50
0007c6b0	GAME_UNIQUE	352	UNNAMED	FUN_0007c6b0
000cf6b0	GAME_UNIQUE	350	named	CCEAtk::vfunc4
0010a5a0	GAME_UNIQUE	350	UNNAMED	FUN_0010a5a0
00194330	GAME_UNIQUE	350	UNNAMED	FUN_00194330
0006af70	GAME_UNIQUE	349	named	CEntityGrid::vfunc10
000a8a90	GAME_UNIQUE	349	UNNAMED	FUN_000a8a90
00161f00	GAME_UNIQUE	349	UNNAMED	FUN_00161f00
001e4c30	GAME_UNIQUE	349	UNNAMED	FUN_001e4c30
000673f0	GAME_UNIQUE	348	UNNAMED	FUN_000673f0
000c1970	GAME_UNIQUE	347	UNNAMED	FUN_000c1970
00162b00	GAME_UNIQUE	347	UNNAMED	FUN_00162b00
000906b0	GAME_UNIQUE	346	UNNAMED	FUN_000906b0
000f3ed0	GAME_UNIQUE	346	named	CPatternNodeMoveTo::vfunc15
00191130	GAME_UNIQUE	345	UNNAMED	FUN_00191130
0018af60	GAME_UNIQUE	344	named	CProcText::vfunc0
00050be0	GAME_UNIQUE	343	UNNAMED	FUN_00050be0
000f9ec0	GAME_UNIQUE	343	UNNAMED	FUN_000f9ec0
003a52ee	GAME_UNIQUE	342	UNNAMED	FUN_003a52ee
000b8b20	GAME_UNIQUE	341	named	CWaterGeometryGenerator::vfunc0
00092c20	GAME_UNIQUE	340	named	CScanEntity::vfunc128
00253810	GAME_UNIQUE	340	UNNAMED	FUN_00253810
0001f8f0	GAME_UNIQUE	338	named	CFxScreenFlashPrimitive::vfunc59
0005aa10	GAME_UNIQUE	338	named	CCombatSystem::vfunc8
00170230	GAME_UNIQUE	338	UNNAMED	FUN_00170230
000689a0	GAME_UNIQUE	337	named	IEntityDefinitions::vfunc26
0015f660	GAME_UNIQUE	337	named	CHudCharacter::vfunc23
00020310	GAME_UNIQUE	336	named	CFxOrientedSpritePrimitive::vfunc59
003b7afe	GAME_UNIQUE	336	UNNAMED	FUN_003b7afe
00020ff0	GAME_UNIQUE	333	named	CFxTextPrimitive::vfunc63
000a64b0	GAME_UNIQUE	332	UNNAMED	FUN_000a64b0
002c81bc	GAME_UNIQUE	332	UNNAMED	FUN_002c81bc
00187d90	GAME_UNIQUE	331	named	CHudInputMap::vfunc11
00019700	GAME_UNIQUE	330	UNNAMED	FUN_00019700
00023bc0	GAME_UNIQUE	330	UNNAMED	FUN_00023bc0
0002aa90	GAME_UNIQUE	330	UNNAMED	FUN_0002aa90
00107920	GAME_UNIQUE	330	UNNAMED	FUN_00107920
0012c120	GAME_UNIQUE	330	UNNAMED	FUN_0012c120
001577f0	GAME_UNIQUE	329	UNNAMED	FUN_001577f0
0016e490	GAME_UNIQUE	329	UNNAMED	FUN_0016e490
00128fe0	GAME_UNIQUE	328	UNNAMED	FUN_00128fe0
00086c70	GAME_UNIQUE	327	UNNAMED	FUN_00086c70
0010e7a0	GAME_UNIQUE	327	UNNAMED	FUN_0010e7a0
00043fa0	GAME_UNIQUE	326	UNNAMED	FUN_00043fa0
000fecb0	GAME_UNIQUE	326	UNNAMED	FUN_000fecb0
001994f0	GAME_UNIQUE	325	UNNAMED	FUN_001994f0
001d1520	GAME_UNIQUE	325	UNNAMED	FUN_001d1520
0038401b	GAME_UNIQUE	325	UNNAMED	FUN_0038401b
00153950	GAME_UNIQUE	324	named	CFontMgr::vfunc0
000c3370	GAME_UNIQUE	323	UNNAMED	FUN_000c3370
00270d40	GAME_UNIQUE	323	UNNAMED	FUN_00270d40
0005c590	GAME_UNIQUE	321	named	CCombatSystem::vfunc20
0016fc10	GAME_UNIQUE	321	UNNAMED	FUN_0016fc10
00065860	GAME_UNIQUE	319	named	CConversationSystem::vfunc3
00064ba0	GAME_UNIQUE	318	UNNAMED	FUN_00064ba0
000d6030	GAME_UNIQUE	318	UNNAMED	FUN_000d6030
00024bf0	GAME_UNIQUE	315	UNNAMED	FUN_00024bf0
000d25c0	GAME_UNIQUE	315	named	CCEAtkSpawn::vfunc10
000e39a0	GAME_UNIQUE	315	UNNAMED	FUN_000e39a0
0006d1d0	GAME_UNIQUE	314	named	IEntityVisibility::vfunc10
00064610	GAME_UNIQUE	312	named	CBlock::vfunc4
000ab710	GAME_UNIQUE	311	UNNAMED	FUN_000ab710
001a06e8	GAME_UNIQUE	310	UNNAMED	FUN_001a06e8
00360b70	GAME_UNIQUE	309	UNNAMED	FUN_00360b70
0008fc40	GAME_UNIQUE	308	UNNAMED	FUN_0008fc40
000c7050	GAME_UNIQUE	308	UNNAMED	FUN_000c7050
002472c0	XMEN_SERIES	308	UNNAMED	FUN_002472c0
00257a60	GAME_UNIQUE	308	UNNAMED	FUN_00257a60
000ce1d0	GAME_UNIQUE	307	named	CCEAtkTeleport::vfunc204
001e13d0	GAME_UNIQUE	307	UNNAMED	FUN_001e13d0
0001bf90	GAME_UNIQUE	306	named	tmpl__AV_tree_base_U_value_semantics_node_USFxFileRecord_CFxTemplateManager_0KP_Vtree_node_ratl_stora::vfunc24
0007b300	GAME_UNIQUE	306	UNNAMED	FUN_0007b300
000b4250	GAME_UNIQUE	306	UNNAMED	FUN_000b4250
001a7e40	GAME_UNIQUE	306	UNNAMED	FUN_001a7e40
003640a0	XMEN_SERIES	305	UNNAMED	FUN_003640a0
0005ba90	GAME_UNIQUE	304	named	CCombatSystem::vfunc11
0010cbb0	GAME_UNIQUE	304	UNNAMED	FUN_0010cbb0
000d77f0	GAME_UNIQUE	301	named	CCEPowerup::vfunc2
0037f3c5	GAME_UNIQUE	301	UNNAMED	FUN_0037f3c5
003a92b3	GAME_UNIQUE	301	UNNAMED	FUN_003a92b3
0004e590	GAME_UNIQUE	297	UNNAMED	FUN_0004e590
000829e0	GAME_UNIQUE	297	UNNAMED	FUN_000829e0
000a38a0	GAME_UNIQUE	297	named	CRequire::vfunc1
0017bd70	GAME_UNIQUE	297	UNNAMED	FUN_0017bd70
000babe0	GAME_UNIQUE	296	UNNAMED	FUN_000babe0
0010b5c0	GAME_UNIQUE	296	UNNAMED	FUN_0010b5c0
00172240	GAME_UNIQUE	296	UNNAMED	FUN_00172240
00279680	GAME_UNIQUE	296	UNNAMED	FUN_00279680
001764e0	GAME_UNIQUE	295	UNNAMED	FUN_001764e0
00045e20	GAME_UNIQUE	294	UNNAMED	FUN_00045e20
0015d130	GAME_UNIQUE	294	UNNAMED	FUN_0015d130
0007f100	GAME_UNIQUE	293	UNNAMED	FUN_0007f100
000ba420	GAME_UNIQUE	293	UNNAMED	FUN_000ba420
00156eb0	GAME_UNIQUE	293	named	CHud::vfunc13
00252f10	GAME_UNIQUE	293	UNNAMED	FUN_00252f10
0009f4a0	GAME_UNIQUE	292	UNNAMED	FUN_0009f4a0
000b9e40	GAME_UNIQUE	291	named	CWeaponInfo::vfunc16
00398eb5	GAME_UNIQUE	291	UNNAMED	FUN_00398eb5
00071cf0	GAME_UNIQUE	290	named	CGame::vfunc68
001ed310	GAME_UNIQUE	290	UNNAMED	FUN_001ed310
0017c8c0	GAME_UNIQUE	289	named	CMenuItemShop::vfunc13
001fd530	GAME_UNIQUE	289	UNNAMED	FUN_001fd530
00065080	GAME_UNIQUE	288	named	CConversationSystem::vfunc5
0008d750	GAME_UNIQUE	288	UNNAMED	FUN_0008d750
000b6cc0	GAME_UNIQUE	288	UNNAMED	FUN_000b6cc0
003af0cd	GAME_UNIQUE	288	UNNAMED	FUN_003af0cd
00036570	GAME_UNIQUE	287	UNNAMED	FUN_00036570
00063a50	GAME_UNIQUE	287	UNNAMED	FUN_00063a50
00117ec0	GAME_UNIQUE	287	UNNAMED	FUN_00117ec0
00039d00	GAME_UNIQUE	286	UNNAMED	FUN_00039d00
00066270	GAME_UNIQUE	286	named	tmpl__AV_CEntityFactory_VCDoorEntity_VCPhysicalEntity_::vfunc56
000fa5f0	GAME_UNIQUE	286	UNNAMED	FUN_000fa5f0
00103ab0	GAME_UNIQUE	286	UNNAMED	FUN_00103ab0
00111ef0	GAME_UNIQUE	286	UNNAMED	FUN_00111ef0
000708e0	GAME_UNIQUE	284	named	CGame::vfunc74
001c97b0	GAME_UNIQUE	284	UNNAMED	FUN_001c97b0
001399d0	GAME_UNIQUE	283	named	CModelIGB::vfunc49
0015ec30	GAME_UNIQUE	283	named	CHudInputMap::vfunc3
0003e170	GAME_UNIQUE	281	UNNAMED	FUN_0003e170
00102420	GAME_UNIQUE	280	UNNAMED	FUN_00102420
00158b50	GAME_UNIQUE	279	named	CHud::vfunc5
00190770	GAME_UNIQUE	279	UNNAMED	FUN_00190770
00034f40	GAME_UNIQUE	278	UNNAMED	FUN_00034f40
000439a0	GAME_UNIQUE	278	UNNAMED	FUN_000439a0
0037ccfa	GAME_UNIQUE	278	UNNAMED	FUN_0037ccfa
00089500	GAME_UNIQUE	277	named	CMultipart::vfunc4
00104460	GAME_UNIQUE	277	UNNAMED	FUN_00104460
000fd330	GAME_UNIQUE	276	UNNAMED	FUN_000fd330
001ca3f0	GAME_UNIQUE	276	UNNAMED	FUN_001ca3f0
003145f0	GAME_UNIQUE	275	UNNAMED	FUN_003145f0
003baa4f	GAME_UNIQUE	275	UNNAMED	FUN_003baa4f
00105340	GAME_UNIQUE	272	UNNAMED	FUN_00105340
0002da60	GAME_UNIQUE	271	UNNAMED	FUN_0002da60
000b2490	GAME_UNIQUE	271	UNNAMED	FUN_000b2490
000d5c80	GAME_UNIQUE	271	UNNAMED	FUN_000d5c80
00284d00	GAME_UNIQUE	271	UNNAMED	FUN_00284d00
001316b0	GAME_UNIQUE	270	UNNAMED	FUN_001316b0
000ac180	GAME_UNIQUE	268	UNNAMED	FUN_000ac180
001ca050	GAME_UNIQUE	268	UNNAMED	FUN_001ca050
0027e350	GAME_UNIQUE	268	UNNAMED	FUN_0027e350
00152b20	GAME_UNIQUE	267	UNNAMED	FUN_00152b20
002156e0	GAME_UNIQUE	267	UNNAMED	FUN_002156e0
0016b970	GAME_UNIQUE	266	UNNAMED	FUN_0016b970
00398b60	GAME_UNIQUE	266	UNNAMED	FUN_00398b60
00111ab0	GAME_UNIQUE	265	UNNAMED	FUN_00111ab0
0018f6f0	GAME_UNIQUE	265	UNNAMED	FUN_0018f6f0
002c0e66	GAME_UNIQUE	265	UNNAMED	FUN_002c0e66
000e7040	GAME_UNIQUE	264	named	CCombatNodeHandler::vfunc5
000e7460	GAME_UNIQUE	264	named	CCombatNodeHandler::vfunc6
00186e60	GAME_UNIQUE	264	named	CPopupDialog::vfunc19
000a6ce0	GAME_UNIQUE	263	UNNAMED	FUN_000a6ce0
001842f0	GAME_UNIQUE	262	named	tmpl__AV_tree_base_U_value_semantics_node_V_handle_str_01_00Vtree_node_ratl_storage_ratl_ratl_::vfunc97
000db950	GAME_UNIQUE	261	named	CCombatNodeHandler::vfunc488
000ace00	GAME_UNIQUE	260	named	CShadowMgr::vfunc0
000b1f20	GAME_UNIQUE	260	UNNAMED	FUN_000b1f20
000f09a0	GAME_UNIQUE	260	UNNAMED	FUN_000f09a0
00131eb0	GAME_UNIQUE	260	named	CIGBInfoCache2::vfunc5
00148a80	GAME_UNIQUE	260	UNNAMED	FUN_00148a80
0015e480	GAME_UNIQUE	260	named	CHudCharacter::vfunc45
00168240	GAME_UNIQUE	258	UNNAMED	FUN_00168240
00023070	GAME_UNIQUE	257	named	CFxDLightPrimitive::vfunc176
0006b780	GAME_UNIQUE	257	named	CEntityGrid::vfunc16
0025b3a0	GAME_UNIQUE	257	UNNAMED	FUN_0025b3a0
0014c060	GAME_UNIQUE	256	UNNAMED	FUN_0014c060
002752d0	GAME_UNIQUE	256	UNNAMED	FUN_002752d0
00112800	GAME_UNIQUE	255	UNNAMED	FUN_00112800
00187460	GAME_UNIQUE	255	named	CPopupDialog::vfunc1
00399343	GAME_UNIQUE	255	UNNAMED	FUN_00399343
000ed780	GAME_UNIQUE	254	UNNAMED	FUN_000ed780
0028e250	GAME_UNIQUE	254	UNNAMED	FUN_0028e250
0001ed30	GAME_UNIQUE	253	named	CFxSpritePrimitive::vfunc59
000ddf80	GAME_UNIQUE	253	named	CCombatNodeHandler::vfunc455
00167570	GAME_UNIQUE	252	UNNAMED	FUN_00167570
0035b6c0	GAME_UNIQUE	252	named	D3D8__D3DDevice_CopyRects
000654d0	GAME_UNIQUE	251	UNNAMED	FUN_000654d0
000db250	GAME_UNIQUE	250	named	CCombatNodeHandler::vfunc186
002a7110	GAME_UNIQUE	250	UNNAMED	FUN_002a7110
000f6160	GAME_UNIQUE	249	named	CPatternNodeMoveTo::vfunc2
001cd970	GAME_UNIQUE	249	UNNAMED	FUN_001cd970
00085290	GAME_UNIQUE	248	UNNAMED	FUN_00085290
00032a20	GAME_UNIQUE	247	named	CActor::vfunc5
00163520	GAME_UNIQUE	247	named	CMenu::vfunc16
001a1ff4	GAME_UNIQUE	247	named	XAPILIB__XapiMapLetterToDirectory
0004cf00	GAME_UNIQUE	246	UNNAMED	FUN_0004cf00
0004dee0	GAME_UNIQUE	246	named	CCamera::vfunc25
000ba850	GAME_UNIQUE	246	UNNAMED	FUN_000ba850
001d0220	GAME_UNIQUE	246	UNNAMED	FUN_001d0220
0035e7f0	XMEN_SERIES	246	named	D3D8__D3D_CommonSetMultiSampleModeAndScale
00011a60	GAME_UNIQUE	245	named	validate_memory_state
000f0d80	GAME_UNIQUE	245	named	CAIFlyNoNavAttackHandler::vfunc0
0010d980	GAME_UNIQUE	244	UNNAMED	FUN_0010d980
0003c260	GAME_UNIQUE	243	UNNAMED	FUN_0003c260
0006a460	GAME_UNIQUE	242	named	IEntityDefinitions::vfunc31
0009f110	GAME_UNIQUE	242	UNNAMED	FUN_0009f110
00105850	GAME_UNIQUE	242	UNNAMED	FUN_00105850
002b5880	GAME_UNIQUE	242	UNNAMED	FUN_002b5880
003698f0	GAME_UNIQUE	242	UNNAMED	FUN_003698f0
0017b1b0	GAME_UNIQUE	241	UNNAMED	FUN_0017b1b0
0019b3c0	GAME_UNIQUE	241	UNNAMED	FUN_0019b3c0
0025ce20	XMEN_SERIES	241	UNNAMED	FUN_0025ce20
00164e30	GAME_UNIQUE	240	UNNAMED	FUN_00164e30
00028420	GAME_UNIQUE	239	UNNAMED	FUN_00028420
00059d50	GAME_UNIQUE	239	UNNAMED	FUN_00059d50
000b7730	GAME_UNIQUE	239	UNNAMED	FUN_000b7730
0016c800	GAME_UNIQUE	239	UNNAMED	FUN_0016c800
00050880	GAME_UNIQUE	238	UNNAMED	FUN_00050880
00129650	GAME_PORTABLE	238	UNNAMED	FUN_00129650
0021a3d0	GAME_UNIQUE	238	UNNAMED	FUN_0021a3d0
0027d6c0	GAME_UNIQUE	238	UNNAMED	FUN_0027d6c0
000715a0	GAME_UNIQUE	237	named	CGame::vfunc109
000b6970	GAME_UNIQUE	237	UNNAMED	FUN_000b6970
0013f350	GAME_UNIQUE	237	named	tmpl__AV_tree_base_U_value_semantics_node_V_string_vs_0BAA_ratl_00Vtree_node_2_storage_ratl_ratl_::vfunc9
0016c4a0	GAME_UNIQUE	237	UNNAMED	FUN_0016c4a0
00188f20	GAME_UNIQUE	237	named	CProcIcons::vfunc0
0006bb20	GAME_UNIQUE	236	named	CEntityGrid::vfunc1
001806c0	GAME_UNIQUE	236	UNNAMED	FUN_001806c0
002865f0	GAME_UNIQUE	236	UNNAMED	FUN_002865f0
00043210	GAME_UNIQUE	235	UNNAMED	FUN_00043210
00380960	GAME_UNIQUE	235	UNNAMED	FUN_00380960
000588d0	GAME_UNIQUE	234	named	CCollide::vfunc4
00146e10	GAME_UNIQUE	234	named	tmpl__AV_ISafeResMgr_VITexture_::vfunc33
0001e960	GAME_UNIQUE	233	UNNAMED	FUN_0001e960
0004fe80	GAME_UNIQUE	233	UNNAMED	FUN_0004fe80
000bc700	GAME_UNIQUE	233	UNNAMED	FUN_000bc700
0010d1b0	GAME_UNIQUE	233	UNNAMED	FUN_0010d1b0
00368f70	GAME_UNIQUE	233	UNNAMED	FUN_00368f70
00123770	GAME_UNIQUE	232	UNNAMED	FUN_00123770
0012f4a0	GAME_UNIQUE	232	named	ICollideHull::vfunc13
001803c0	GAME_UNIQUE	232	UNNAMED	FUN_001803c0
000ee260	GAME_UNIQUE	231	named	CAIStandardAttackHandler::vfunc3
0017a3b0	GAME_UNIQUE	230	UNNAMED	FUN_0017a3b0
002b6110	GAME_UNIQUE	229	UNNAMED	FUN_002b6110
000ec680	GAME_UNIQUE	228	UNNAMED	FUN_000ec680
0015c4f0	GAME_UNIQUE	228	UNNAMED	FUN_0015c4f0
00154eb0	GAME_UNIQUE	227	named	CHud::vfunc41
0006a900	GAME_PORTABLE	226	UNNAMED	FUN_0006a900
00364fa0	GAME_UNIQUE	226	UNNAMED	FUN_00364fa0
00188a10	GAME_UNIQUE	225	UNNAMED	FUN_00188a10
0005c240	GAME_UNIQUE	224	UNNAMED	FUN_0005c240
0005ebc0	GAME_UNIQUE	223	named	CConversationSystem::vfunc1
001228b0	GAME_UNIQUE	223	UNNAMED	FUN_001228b0
0014a130	GAME_UNIQUE	223	named	CXmlCache::vfunc5
000772b0	GAME_UNIQUE	222	named	tmpl__AV_COnlyOneEvent_VCActor_VEFirstEquipment_::vfunc35
00129920	GAME_UNIQUE	222	UNNAMED	FUN_00129920
0028fa30	GAME_UNIQUE	222	UNNAMED	FUN_0028fa30
000f2610	GAME_UNIQUE	221	named	CAIShadesNoWingAttackHandler::vfunc27
001124b0	GAME_UNIQUE	221	UNNAMED	FUN_001124b0
001293d0	GAME_PORTABLE	221	UNNAMED	FUN_001293d0
003ac908	GAME_UNIQUE	221	UNNAMED	FUN_003ac908
0006fd70	GAME_UNIQUE	220	named	CGame::vfunc76
00174530	GAME_UNIQUE	220	UNNAMED	FUN_00174530
00274ed0	GAME_UNIQUE	220	UNNAMED	FUN_00274ed0
0032d0d0	GAME_UNIQUE	220	UNNAMED	FUN_0032d0d0
000264b0	GAME_UNIQUE	219	UNNAMED	FUN_000264b0
000fe6d0	GAME_UNIQUE	219	UNNAMED	FUN_000fe6d0
00179ce0	GAME_UNIQUE	219	named	CMenuItemListBox::vfunc12
002705a0	GAME_UNIQUE	219	UNNAMED	FUN_002705a0
002ef0e2	XMEN_SERIES	219	UNNAMED	FUN_002ef0e2
0002b270	GAME_UNIQUE	218	UNNAMED	FUN_0002b270
000e35c0	GAME_UNIQUE	217	UNNAMED	FUN_000e35c0
000dad20	GAME_UNIQUE	216	named	CCombatNodeHandler::vfunc215
0003a950	GAME_UNIQUE	215	UNNAMED	FUN_0003a950
0006c830	GAME_UNIQUE	215	UNNAMED	FUN_0006c830
000b90c0	GAME_UNIQUE	215	UNNAMED	FUN_000b90c0
000db640	GAME_UNIQUE	215	named	CCombatNodeHandler::vfunc470
0034ca53	GAME_UNIQUE	215	UNNAMED	FUN_0034ca53
000795a0	GAME_UNIQUE	213	UNNAMED	FUN_000795a0
00097bc0	GAME_UNIQUE	212	named	CProjectileEntity::vfunc111
000b1ca0	GAME_UNIQUE	212	UNNAMED	FUN_000b1ca0
000b7160	GAME_UNIQUE	212	UNNAMED	FUN_000b7160
000dbd30	GAME_UNIQUE	212	named	CCombatNodeHandler::vfunc497
002ac0e0	GAME_UNIQUE	212	UNNAMED	FUN_002ac0e0
000cea90	GAME_UNIQUE	211	named	CCEAtkTeleport::vfunc226
00102c90	GAME_UNIQUE	211	UNNAMED	FUN_00102c90
0010ff10	GAME_UNIQUE	211	UNNAMED	FUN_0010ff10
00072150	GAME_UNIQUE	210	named	CGame::vfunc96
001149a0	GAME_UNIQUE	210	UNNAMED	FUN_001149a0
000c3840	GAME_UNIQUE	209	UNNAMED	FUN_000c3840
000d1bf0	GAME_UNIQUE	209	named	CCEAtkSpawnProjectile::vfunc59
00203c20	GAME_UNIQUE	209	UNNAMED	FUN_00203c20
002715b0	GAME_UNIQUE	209	UNNAMED	FUN_002715b0
0027df50	GAME_UNIQUE	209	UNNAMED	FUN_0027df50
00288950	GAME_UNIQUE	208	UNNAMED	FUN_00288950
00279090	GAME_UNIQUE	207	UNNAMED	FUN_00279090
00079b60	GAME_UNIQUE	206	UNNAMED	FUN_00079b60
001019e0	GAME_UNIQUE	206	UNNAMED	FUN_001019e0
0027f080	GAME_UNIQUE	206	UNNAMED	FUN_0027f080
0010dcb0	GAME_UNIQUE	205	UNNAMED	FUN_0010dcb0
0017c480	GAME_UNIQUE	205	UNNAMED	FUN_0017c480
00267120	GAME_UNIQUE	205	UNNAMED	FUN_00267120
000fe9c0	GAME_UNIQUE	204	UNNAMED	FUN_000fe9c0
0016cb80	GAME_UNIQUE	204	UNNAMED	FUN_0016cb80
000b59d0	GAME_UNIQUE	203	UNNAMED	FUN_000b59d0
00011390	GAME_UNIQUE	202	named	CClient::vfunc3
0006e2d0	GAME_UNIQUE	202	UNNAMED	FUN_0006e2d0
0002a7b0	GAME_UNIQUE	201	UNNAMED	FUN_0002a7b0
00044fb0	GAME_UNIQUE	201	UNNAMED	FUN_00044fb0
001027d0	GAME_UNIQUE	201	UNNAMED	FUN_001027d0
00159f80	GAME_UNIQUE	201	UNNAMED	FUN_00159f80
00189d10	GAME_UNIQUE	201	UNNAMED	FUN_00189d10
001e4730	GAME_UNIQUE	201	UNNAMED	FUN_001e4730
00282ce0	GAME_UNIQUE	201	UNNAMED	FUN_00282ce0
000253d0	GAME_UNIQUE	200	UNNAMED	FUN_000253d0
00049ec0	GAME_UNIQUE	200	UNNAMED	FUN_00049ec0
0016b650	GAME_UNIQUE	200	named	CMenuBlackbird::vfunc4
0028fd60	GAME_UNIQUE	200	UNNAMED	FUN_0028fd60
0033f0c0	GAME_UNIQUE	200	UNNAMED	FUN_0033f0c0
00084a30	GAME_UNIQUE	199	UNNAMED	FUN_00084a30
000cdf10	GAME_UNIQUE	199	named	CCEAtkTeleport::vfunc193
001138a0	GAME_UNIQUE	199	UNNAMED	FUN_001138a0
0018d6d0	GAME_UNIQUE	199	UNNAMED	FUN_0018d6d0
00306590	GAME_UNIQUE	199	UNNAMED	FUN_00306590
003acc1e	GAME_UNIQUE	199	UNNAMED	FUN_003acc1e
0008f360	GAME_UNIQUE	198	UNNAMED	FUN_0008f360
000b3720	GAME_UNIQUE	198	UNNAMED	FUN_000b3720
000f64e0	GAME_UNIQUE	198	named	CPatternNodeMoveTo::vfunc43
00278470	GAME_UNIQUE	198	UNNAMED	FUN_00278470
002aedc0	GAME_UNIQUE	198	UNNAMED	FUN_002aedc0
002cce5b	GAME_UNIQUE	198	UNNAMED	FUN_002cce5b
00058380	GAME_UNIQUE	197	UNNAMED	FUN_00058380
000ec2d0	GAME_UNIQUE	197	UNNAMED	FUN_000ec2d0
000faad0	GAME_UNIQUE	197	UNNAMED	FUN_000faad0
0010fb00	GAME_UNIQUE	197	UNNAMED	FUN_0010fb00
0014d910	GAME_UNIQUE	197	UNNAMED	FUN_0014d910
00152010	GAME_UNIQUE	197	named	CAutoMap::vfunc10
0035c440	GAME_UNIQUE	197	named	D3D8__D3DDevice_SetScissors
000856a0	GAME_UNIQUE	196	named	CMissionMgr::vfunc0
000b7470	GAME_UNIQUE	196	UNNAMED	FUN_000b7470
002fe982	GAME_UNIQUE	196	UNNAMED	FUN_002fe982
00073fa0	GAME_UNIQUE	195	UNNAMED	FUN_00073fa0
0029d290	GAME_UNIQUE	195	UNNAMED	FUN_0029d290
00279330	GAME_UNIQUE	194	UNNAMED	FUN_00279330
00362430	GAME_UNIQUE	194	named	D3D8__D3DDevice_Clear
001775c0	GAME_UNIQUE	193	UNNAMED	FUN_001775c0
00262d40	GAME_UNIQUE	193	UNNAMED	FUN_00262d40
0033c4d0	XMEN_SERIES	193	UNNAMED	FUN_0033c4d0
00046570	GAME_UNIQUE	192	UNNAMED	FUN_00046570
003aaba4	GAME_UNIQUE	192	UNNAMED	FUN_003aaba4
00101280	GAME_UNIQUE	191	UNNAMED	FUN_00101280
0010e230	GAME_UNIQUE	191	UNNAMED	FUN_0010e230
0003d260	GAME_UNIQUE	190	UNNAMED	FUN_0003d260
000d9740	GAME_UNIQUE	190	named	CCombatNodeHandler::vfunc430
0011f570	GAME_UNIQUE	190	named	CMemoryCardXBox::vfunc22
0012f7f0	GAME_UNIQUE	190	named	ICollideHull::vfunc14
001535e0	GAME_UNIQUE	190	named	CFontMgr::vfunc12
00051160	GAME_UNIQUE	189	named	CCamera::vfunc28
000697a0	GAME_UNIQUE	189	UNNAMED	FUN_000697a0
000ce600	GAME_UNIQUE	189	named	CCEAtkTeleport::vfunc207
003adaa8	GAME_UNIQUE	189	UNNAMED	FUN_003adaa8
00078640	GAME_UNIQUE	188	named	tmpl__AV_COnlyOneEvent_VCActor_VEFirstEquipment_::vfunc56
0013ae50	GAME_UNIQUE	188	UNNAMED	FUN_0013ae50
00163080	GAME_UNIQUE	188	UNNAMED	FUN_00163080
001827a0	GAME_UNIQUE	188	UNNAMED	FUN_001827a0
0004c290	GAME_UNIQUE	187	UNNAMED	FUN_0004c290
0008b0a0	GAME_UNIQUE	187	named	CMultiplayer::vfunc24
0016d8d0	GAME_UNIQUE	187	UNNAMED	FUN_0016d8d0
0019d4cf	GAME_UNIQUE	187	UNNAMED	FUN_0019d4cf
00273020	GAME_UNIQUE	187	UNNAMED	FUN_00273020
0003d650	GAME_UNIQUE	186	UNNAMED	FUN_0003d650
0009ff10	GAME_UNIQUE	186	UNNAMED	FUN_0009ff10
000abec0	GAME_UNIQUE	186	UNNAMED	FUN_000abec0
000b62d0	GAME_UNIQUE	186	UNNAMED	FUN_000b62d0
000d4250	GAME_UNIQUE	186	named	CCEAtkTeleport::vfunc4
001588c0	GAME_UNIQUE	186	UNNAMED	FUN_001588c0
001716f0	GAME_UNIQUE	186	named	CMenuDangerRoom::vfunc16
003694e0	GAME_UNIQUE	186	named	D3D8__D3DDevice_SetPixelShaderConstant
00086260	GAME_UNIQUE	185	UNNAMED	FUN_00086260
000a87c0	GAME_UNIQUE	185	named	CScanEntity::vfunc113
000552f0	GAME_UNIQUE	184	UNNAMED	FUN_000552f0
00067ad0	GAME_UNIQUE	184	UNNAMED	FUN_00067ad0
00255fc0	GAME_UNIQUE	184	UNNAMED	FUN_00255fc0
00039a30	GAME_UNIQUE	183	UNNAMED	FUN_00039a30
000a2390	GAME_UNIQUE	183	named	CStaticQuery::vfunc24
000ab420	GAME_UNIQUE	183	UNNAMED	FUN_000ab420
000d2cd0	GAME_UNIQUE	183	named	CCEAtkSpawnProjectile::vfunc35
000d5430	GAME_UNIQUE	183	UNNAMED	FUN_000d5430
0012e9c0	GAME_UNIQUE	183	named	ICacheBase::vfunc9
0027cd30	GAME_UNIQUE	183	UNNAMED	FUN_0027cd30
00367b90	GAME_UNIQUE	183	named	D3D8__D3DDevice_DrawIndexedVertices
003ba20f	GAME_UNIQUE	183	UNNAMED	FUN_003ba20f
000311a0	GAME_UNIQUE	182	UNNAMED	FUN_000311a0
000ee810	GAME_UNIQUE	182	named	CAIStandardAttackHandler::vfunc19
000fd7e0	GAME_UNIQUE	182	UNNAMED	FUN_000fd7e0
002235d0	GAME_UNIQUE	182	UNNAMED	FUN_002235d0
00236500	GAME_UNIQUE	182	UNNAMED	FUN_00236500
00030f00	GAME_UNIQUE	181	UNNAMED	FUN_00030f00
000c12a0	GAME_UNIQUE	181	UNNAMED	FUN_000c12a0
001919d0	GAME_UNIQUE	181	UNNAMED	FUN_001919d0
00058060	GAME_UNIQUE	180	UNNAMED	FUN_00058060
000dfc80	GAME_UNIQUE	180	named	CCHJumpLiftAttack::vfunc506
0013ca90	GAME_UNIQUE	180	UNNAMED	FUN_0013ca90
00157530	GAME_UNIQUE	180	UNNAMED	FUN_00157530
00018550	GAME_UNIQUE	179	UNNAMED	FUN_00018550
0011fe50	GAME_UNIQUE	179	UNNAMED	FUN_0011fe50
0012c520	GAME_UNIQUE	179	UNNAMED	FUN_0012c520
00157280	GAME_UNIQUE	179	UNNAMED	FUN_00157280
00052600	GAME_UNIQUE	178	UNNAMED	FUN_00052600
00053f10	GAME_UNIQUE	178	UNNAMED	FUN_00053f10
000ab120	GAME_PORTABLE	178	UNNAMED	FUN_000ab120
00103850	GAME_UNIQUE	178	UNNAMED	FUN_00103850
002805b0	GAME_UNIQUE	178	UNNAMED	FUN_002805b0
000eb700	GAME_UNIQUE	177	UNNAMED	FUN_000eb700
00127510	GAME_UNIQUE	177	UNNAMED	FUN_00127510
002a7740	GAME_UNIQUE	177	UNNAMED	FUN_002a7740
0001df80	GAME_UNIQUE	176	UNNAMED	FUN_0001df80
000a4211	GAME_UNIQUE	176	UNNAMED	FUN_000a4211
000b3030	GAME_UNIQUE	176	named	tmpl__AV_tree_base_U_value_semantics_node_G_0CBG_Vtree_node_ratl_storage_ratl_ratl_::vfunc12
00106d70	GAME_UNIQUE	176	UNNAMED	FUN_00106d70
0012cc90	GAME_UNIQUE	176	UNNAMED	FUN_0012cc90
002a7490	GAME_UNIQUE	176	UNNAMED	FUN_002a7490
0035b3f0	GAME_UNIQUE	176	named	D3D8__D3DDevice_SetRenderTarget
0002ca20	GAME_UNIQUE	175	UNNAMED	FUN_0002ca20
000d80d0	GAME_UNIQUE	175	named	CCEAtkTeleport::vfunc292
0011ee40	GAME_UNIQUE	175	UNNAMED	FUN_0011ee40
0032d680	GAME_UNIQUE	175	UNNAMED	FUN_0032d680
000cc490	GAME_UNIQUE	174	UNNAMED	FUN_000cc490
000d1200	GAME_UNIQUE	174	named	CCEAtkTeleport::vfunc106
000f1640	GAME_UNIQUE	174	named	CAIShadesWingAttackHandler::vfunc0
001062b0	GAME_UNIQUE	174	UNNAMED	FUN_001062b0
00184d10	GAME_UNIQUE	174	named	tmpl__AV_tree_base_U_value_semantics_node_V_handle_str_01_00Vtree_node_ratl_storage_ratl_ratl_::vfunc36
00272e00	GAME_UNIQUE	174	UNNAMED	FUN_00272e00
00077840	GAME_UNIQUE	173	named	tmpl__AV_COnlyOneEvent_VCActor_VEFirstEquipment_::vfunc100
0007d020	GAME_UNIQUE	173	UNNAMED	FUN_0007d020
0008ada0	GAME_UNIQUE	173	named	CMultiplayer::vfunc19
000d3030	GAME_UNIQUE	173	named	CCEAtkTeleport::vfunc240
000d6b10	GAME_UNIQUE	173	named	CCEAtkTeleport::vfunc273
000f0530	GAME_UNIQUE	173	named	CAIArtilleryAttackHandler::vfunc4
00104b40	GAME_UNIQUE	173	UNNAMED	FUN_00104b40
00129ba0	GAME_PORTABLE	173	UNNAMED	FUN_00129ba0
0012d270	GAME_UNIQUE	173	named	CAnimMotion::vfunc4
00168820	GAME_UNIQUE	173	UNNAMED	FUN_00168820
00204bd0	GAME_UNIQUE	173	UNNAMED	FUN_00204bd0
00038960	GAME_UNIQUE	172	UNNAMED	FUN_00038960
00058e30	GAME_UNIQUE	172	UNNAMED	FUN_00058e30
000f2010	GAME_UNIQUE	172	named	CAIStandardAttackHandler::vfunc23
00145f40	GAME_UNIQUE	172	named	tmpl__AV_CSafeResMgrI_VIPlayfield_04_0CLDI_::vfunc12
00176280	GAME_UNIQUE	172	UNNAMED	FUN_00176280
0017b5c0	GAME_UNIQUE	172	UNNAMED	FUN_0017b5c0
00286e80	GAME_UNIQUE	172	UNNAMED	FUN_00286e80
002fe462	GAME_UNIQUE	172	UNNAMED	FUN_002fe462
003b899b	GAME_UNIQUE	172	UNNAMED	FUN_003b899b
00038700	GAME_UNIQUE	171	UNNAMED	FUN_00038700
000fc990	GAME_UNIQUE	171	UNNAMED	FUN_000fc990
0010d4f0	GAME_UNIQUE	171	UNNAMED	FUN_0010d4f0
0014d1b0	GAME_UNIQUE	171	named	CZonePlayfield::vfunc46
00078930	GAME_UNIQUE	170	named	tmpl__AV_COnlyOneEvent_VCActor_VEFirstEquipment_::vfunc27
00158330	GAME_UNIQUE	170	UNNAMED	FUN_00158330
0017d250	GAME_UNIQUE	170	UNNAMED	FUN_0017d250
0018ab00	GAME_UNIQUE	170	UNNAMED	FUN_0018ab00
00271820	GAME_UNIQUE	170	UNNAMED	FUN_00271820
0002cf80	GAME_UNIQUE	169	UNNAMED	FUN_0002cf80
00052e00	GAME_UNIQUE	169	UNNAMED	FUN_00052e00
00055bc0	GAME_UNIQUE	169	named	tmpl__AV_map_vs_V_handle_str_0A_E_0PP_ratl_::vfunc59
000bd170	GAME_UNIQUE	169	named	CWeapons::vfunc0
0011f170	GAME_UNIQUE	169	named	CMemoryCardXBox::vfunc8
00239f40	GAME_UNIQUE	169	UNNAMED	FUN_00239f40
0002f7d0	GAME_UNIQUE	168	UNNAMED	FUN_0002f7d0
000327a0	GAME_UNIQUE	168	UNNAMED	FUN_000327a0
0009b8a0	GAME_UNIQUE	168	UNNAMED	FUN_0009b8a0
001cd570	GAME_UNIQUE	168	UNNAMED	FUN_001cd570
00296a20	GAME_UNIQUE	168	UNNAMED	FUN_00296a20
003ba489	GAME_UNIQUE	168	UNNAMED	FUN_003ba489
0003d010	GAME_UNIQUE	167	UNNAMED	FUN_0003d010
0008abb0	XMEN_SERIES	167	named	CMultiplayer::vfunc18
000ff840	GAME_UNIQUE	167	UNNAMED	FUN_000ff840
00149b40	GAME_UNIQUE	167	named	CXmlCache::vfunc3
00192060	GAME_UNIQUE	167	UNNAMED	FUN_00192060
001ed160	GAME_UNIQUE	167	UNNAMED	FUN_001ed160
002056d0	GAME_UNIQUE	167	UNNAMED	FUN_002056d0
00033270	GAME_UNIQUE	166	UNNAMED	FUN_00033270
0017b880	GAME_UNIQUE	166	UNNAMED	FUN_0017b880
002766a0	GAME_UNIQUE	166	UNNAMED	FUN_002766a0
0007f4d0	GAME_UNIQUE	165	named	CInventorySystem::vfunc46
000807f0	GAME_UNIQUE	165	named	IMap::vfunc55
001081f0	GAME_UNIQUE	165	UNNAMED	FUN_001081f0
000953a0	GAME_UNIQUE	164	UNNAMED	FUN_000953a0
0013b9d0	GAME_UNIQUE	164	named	CModelParticleCloud::vfunc8
0015e9b0	GAME_UNIQUE	164	named	CHudInputMap::vfunc2
0032d3b0	GAME_UNIQUE	164	UNNAMED	FUN_0032d3b0
00062050	GAME_UNIQUE	163	UNNAMED	FUN_00062050
000fadc0	GAME_UNIQUE	163	UNNAMED	FUN_000fadc0
00104830	GAME_UNIQUE	163	UNNAMED	FUN_00104830
0014ffb0	GAME_UNIQUE	163	UNNAMED	FUN_0014ffb0
00038ef0	GAME_UNIQUE	162	UNNAMED	FUN_00038ef0
00075d00	GAME_UNIQUE	162	UNNAMED	FUN_00075d00
000ac670	GAME_UNIQUE	162	UNNAMED	FUN_000ac670
0017ada0	GAME_UNIQUE	162	UNNAMED	FUN_0017ada0
0018bdf0	GAME_UNIQUE	162	UNNAMED	FUN_0018bdf0
00262a70	GAME_UNIQUE	162	UNNAMED	FUN_00262a70
00280380	GAME_UNIQUE	162	UNNAMED	FUN_00280380
0003f730	GAME_UNIQUE	161	UNNAMED	FUN_0003f730
000bdd50	GAME_UNIQUE	161	named	IWorld::vfunc52
000c16a0	GAME_UNIQUE	161	UNNAMED	FUN_000c16a0
000d0e80	GAME_UNIQUE	161	named	CCEAtkSpawnProjectile::vfunc71
00270850	GAME_UNIQUE	161	UNNAMED	FUN_00270850
00029fd0	GAME_UNIQUE	160	UNNAMED	FUN_00029fd0
000c7900	GAME_UNIQUE	160	UNNAMED	FUN_000c7900
00149f00	GAME_UNIQUE	160	UNNAMED	FUN_00149f00
00398799	GAME_UNIQUE	160	UNNAMED	FUN_00398799
0004d4e0	GAME_UNIQUE	159	UNNAMED	FUN_0004d4e0
000b5620	GAME_UNIQUE	159	named	CTalentSystem::vfunc10
000b8100	GAME_UNIQUE	159	named	tmpl__AV_tree_base_U_value_semantics_node_V_handle_str_0A_0HI_Vtree_node_ratl_storage_ratl_ratl_::vfunc12
000cf250	GAME_UNIQUE	159	UNNAMED	FUN_000cf250
0021f330	GAME_UNIQUE	159	UNNAMED	FUN_0021f330
000d19f0	GAME_UNIQUE	158	named	CCEAtkSpawnProjectile::vfunc34
001241e0	GAME_UNIQUE	158	UNNAMED	FUN_001241e0
0016c050	GAME_UNIQUE	158	UNNAMED	FUN_0016c050
0016f4e0	GAME_UNIQUE	158	UNNAMED	FUN_0016f4e0
00271110	GAME_UNIQUE	158	UNNAMED	FUN_00271110
0004a580	GAME_UNIQUE	157	UNNAMED	FUN_0004a580
0004fc50	GAME_UNIQUE	157	UNNAMED	FUN_0004fc50
000bb4b0	GAME_UNIQUE	157	named	CWeaponInfo::vfunc19
00100dd0	GAME_UNIQUE	157	UNNAMED	FUN_00100dd0
00167e2d	GAME_UNIQUE	157	UNNAMED	FUN_00167e2d
0021ae90	GAME_UNIQUE	157	UNNAMED	FUN_0021ae90
002fe248	GAME_UNIQUE	157	UNNAMED	FUN_002fe248
003bf68c	GAME_UNIQUE	157	UNNAMED	FUN_003bf68c
0002a220	GAME_UNIQUE	156	UNNAMED	FUN_0002a220
0004d7e0	GAME_UNIQUE	156	UNNAMED	FUN_0004d7e0
0008daf0	GAME_UNIQUE	156	named	CPathGrid::vfunc9
000abc40	GAME_UNIQUE	156	UNNAMED	FUN_000abc40
000b9570	GAME_UNIQUE	156	UNNAMED	FUN_000b9570
00048950	GAME_UNIQUE	155	UNNAMED	FUN_00048950
000591b0	GAME_UNIQUE	155	UNNAMED	FUN_000591b0
000878d0	GAME_UNIQUE	155	UNNAMED	FUN_000878d0
0008c620	GAME_UNIQUE	155	UNNAMED	FUN_0008c620
00128900	GAME_UNIQUE	155	named	TiXmlElement::vfunc4
001a8a16	GAME_UNIQUE	155	UNNAMED	FUN_001a8a16
00030890	GAME_UNIQUE	154	UNNAMED	FUN_00030890
00057dc0	GAME_UNIQUE	154	named	CCollide::vfunc2
00084740	GAME_UNIQUE	154	UNNAMED	FUN_00084740
00086a10	GAME_UNIQUE	154	UNNAMED	FUN_00086a10
000aeec0	GAME_UNIQUE	154	UNNAMED	FUN_000aeec0
0012c8f0	GAME_UNIQUE	154	UNNAMED	FUN_0012c8f0
00151390	GAME_UNIQUE	154	UNNAMED	FUN_00151390
0039abb6	GAME_UNIQUE	154	UNNAMED	FUN_0039abb6
0003b6d0	GAME_UNIQUE	153	UNNAMED	FUN_0003b6d0
00040b90	GAME_UNIQUE	153	UNNAMED	FUN_00040b90
000542f0	GAME_UNIQUE	153	UNNAMED	FUN_000542f0
000a36c0	GAME_UNIQUE	153	UNNAMED	FUN_000a36c0
00104020	GAME_UNIQUE	153	UNNAMED	FUN_00104020
00107db0	GAME_UNIQUE	153	UNNAMED	FUN_00107db0
0033bdb0	XMEN_SERIES	153	UNNAMED	FUN_0033bdb0
003aff41	GAME_UNIQUE	153	UNNAMED	FUN_003aff41
003b0a71	GAME_UNIQUE	153	UNNAMED	FUN_003b0a71
0003e5b0	GAME_UNIQUE	152	UNNAMED	FUN_0003e5b0
0007c070	GAME_UNIQUE	152	UNNAMED	FUN_0007c070
0008f6f0	GAME_UNIQUE	152	named	CPathGrid::vfunc1
001307e0	GAME_UNIQUE	152	UNNAMED	FUN_001307e0
00143ee0	GAME_UNIQUE	152	UNNAMED	FUN_00143ee0
001ee620	GAME_UNIQUE	152	UNNAMED	FUN_001ee620
002b5ca0	GAME_UNIQUE	152	UNNAMED	FUN_002b5ca0
0033e550	GAME_UNIQUE	152	UNNAMED	FUN_0033e550
00398973	GAME_UNIQUE	152	UNNAMED	FUN_00398973
000aa960	GAME_UNIQUE	151	named	tmpl__AV_CEntityFactory_VCScriptTriggerEntity_VCGameEntity_::vfunc8
00124930	GAME_UNIQUE	151	named	tmpl__AV_tree_base_U_value_semantics_node_V_string_vs_0BAA_ratl_04Vtree_node_2_storage_ratl_ratl_::vfunc35
00170c20	GAME_UNIQUE	151	named	CMenuDangerRoom::vfunc11
00170e90	GAME_UNIQUE	151	UNNAMED	FUN_00170e90
0028b440	GAME_UNIQUE	151	UNNAMED	FUN_0028b440
0004c620	GAME_UNIQUE	150	named	CCamera::vfunc52
000575f0	GAME_UNIQUE	150	named	CCheats::vfunc0
00077be0	GAME_UNIQUE	150	UNNAMED	FUN_00077be0
00093e50	GAME_UNIQUE	150	UNNAMED	FUN_00093e50
000b7f00	GAME_UNIQUE	150	named	tmpl__AV_tree_base_U_value_semantics_node_V_handle_str_0A_0HI_Vtree_node_ratl_storage_ratl_ratl_::vfunc15
00102a90	GAME_UNIQUE	150	UNNAMED	FUN_00102a90
00148200	GAME_UNIQUE	150	UNNAMED	FUN_00148200
00185110	GAME_UNIQUE	150	UNNAMED	FUN_00185110
00362d50	GAME_UNIQUE	150	UNNAMED	FUN_00362d50
00044410	GAME_UNIQUE	149	UNNAMED	FUN_00044410
0004e380	GAME_UNIQUE	149	UNNAMED	FUN_0004e380
00085a60	GAME_UNIQUE	149	UNNAMED	FUN_00085a60
000a1970	GAME_UNIQUE	149	named	CStaticQuery::vfunc6
0012a450	GAME_UNIQUE	149	UNNAMED	FUN_0012a450
00172d70	GAME_UNIQUE	149	named	CMenuItem::vfunc13
001fc620	GAME_UNIQUE	149	UNNAMED	FUN_001fc620
000b0f20	GAME_UNIQUE	148	UNNAMED	FUN_000b0f20
00113c50	GAME_UNIQUE	148	UNNAMED	FUN_00113c50
00155da0	GAME_UNIQUE	148	named	CHud::vfunc42
00194890	GAME_UNIQUE	148	named	CDisplay::vfunc0
00042f60	GAME_UNIQUE	147	UNNAMED	FUN_00042f60
00090c50	GAME_UNIQUE	147	named	CPath::vfunc0
000dd530	GAME_UNIQUE	147	named	CCombatNodeHandler::vfunc218
0010d750	GAME_UNIQUE	147	UNNAMED	FUN_0010d750
0008de20	GAME_UNIQUE	146	named	CPathGrid::vfunc12
003b9bd8	GAME_UNIQUE	146	UNNAMED	FUN_003b9bd8
0005c020	GAME_UNIQUE	145	UNNAMED	FUN_0005c020
000a1b30	GAME_UNIQUE	145	named	CStaticQuery::vfunc7
000a83e0	GAME_UNIQUE	145	named	CScanEntity::vfunc5
000cdca0	GAME_UNIQUE	145	named	CCEAtkTeleport::vfunc196
000d8840	GAME_UNIQUE	145	named	CCEAtkTeleport::vfunc416
00166880	GAME_UNIQUE	145	UNNAMED	FUN_00166880
00197c50	GAME_PORTABLE	145	UNNAMED	FUN_00197c50
003bad8f	GAME_UNIQUE	145	UNNAMED	FUN_003bad8f
0007f8b0	GAME_UNIQUE	144	UNNAMED	FUN_0007f8b0
000b53a0	GAME_UNIQUE	144	named	CTalentSystem::vfunc3
00128010	GAME_UNIQUE	144	UNNAMED	FUN_00128010
0015c260	GAME_UNIQUE	144	UNNAMED	FUN_0015c260
00270b80	GAME_UNIQUE	144	UNNAMED	FUN_00270b80
0002af30	GAME_UNIQUE	143	UNNAMED	FUN_0002af30
000400a0	GAME_UNIQUE	143	UNNAMED	FUN_000400a0
00103050	GAME_UNIQUE	143	UNNAMED	FUN_00103050
0010cfc0	GAME_UNIQUE	143	UNNAMED	FUN_0010cfc0
00150e70	GAME_UNIQUE	143	UNNAMED	FUN_00150e70
00175f60	GAME_UNIQUE	143	named	CMenuItemCharacters::vfunc7
0032a840	GAME_UNIQUE	143	UNNAMED	FUN_0032a840
00069590	GAME_UNIQUE	142	named	IEntityDefinitions::vfunc25
0006ec10	GAME_UNIQUE	142	UNNAMED	FUN_0006ec10
000d4ad0	GAME_UNIQUE	142	UNNAMED	FUN_000d4ad0
000e3fb0	GAME_UNIQUE	142	named	CCombatNodeEvent::vfunc4
001da030	GAME_UNIQUE	142	UNNAMED	FUN_001da030
00345b7f	GAME_UNIQUE	142	UNNAMED	FUN_00345b7f
003652f0	GAME_UNIQUE	142	UNNAMED	FUN_003652f0
003b9dbb	GAME_UNIQUE	142	UNNAMED	FUN_003b9dbb
0004d2e0	GAME_UNIQUE	141	UNNAMED	FUN_0004d2e0
0007ac50	GAME_UNIQUE	141	named	CSoundDebounce::vfunc9
000ebf20	GAME_UNIQUE	141	UNNAMED	FUN_000ebf20
00110540	GAME_UNIQUE	141	UNNAMED	FUN_00110540
001ca790	GAME_UNIQUE	141	UNNAMED	FUN_001ca790
0025d1e0	XMEN_SERIES	141	UNNAMED	FUN_0025d1e0
002696b0	GAME_UNIQUE	141	UNNAMED	FUN_002696b0
00049280	GAME_UNIQUE	140	UNNAMED	FUN_00049280
00072470	GAME_UNIQUE	140	named	CGame::vfunc56
000c48f0	GAME_UNIQUE	140	UNNAMED	FUN_000c48f0
000fb810	GAME_UNIQUE	140	UNNAMED	FUN_000fb810
0010ab20	GAME_UNIQUE	140	UNNAMED	FUN_0010ab20
00117cc0	GAME_UNIQUE	140	named	CInput::vfunc4
00364420	GAME_UNIQUE	140	UNNAMED	FUN_00364420
00034bb0	GAME_UNIQUE	139	UNNAMED	FUN_00034bb0
000ce8f0	GAME_UNIQUE	139	named	CCEAtkTeleport::vfunc229
000fcbf0	GAME_UNIQUE	139	UNNAMED	FUN_000fcbf0
001fc3c0	GAME_UNIQUE	139	UNNAMED	FUN_001fc3c0
00284b40	GAME_UNIQUE	139	UNNAMED	FUN_00284b40
003ba000	GAME_UNIQUE	139	UNNAMED	FUN_003ba000
0004cb60	GAME_UNIQUE	138	UNNAMED	FUN_0004cb60
000c7700	GAME_UNIQUE	138	UNNAMED	FUN_000c7700
000e3150	GAME_UNIQUE	138	named	CExtrnalCombatNodeInterface::vfunc13
000f07c0	XMEN_SERIES	138	named	CAISentinelAttackHandler::vfunc4
00117030	GAME_UNIQUE	138	UNNAMED	FUN_00117030
00155840	GAME_UNIQUE	138	UNNAMED	FUN_00155840
00178770	GAME_UNIQUE	138	named	CMenuItemListBox::vfunc88
0018e680	GAME_UNIQUE	138	UNNAMED	FUN_0018e680
0037ece7	GAME_UNIQUE	138	UNNAMED	FUN_0037ece7
00029dc0	GAME_UNIQUE	137	UNNAMED	FUN_00029dc0
00033a70	GAME_UNIQUE	137	UNNAMED	FUN_00033a70
000595c0	GAME_UNIQUE	137	UNNAMED	FUN_000595c0
000af160	GAME_UNIQUE	137	UNNAMED	FUN_000af160
000d4660	GAME_UNIQUE	137	UNNAMED	FUN_000d4660
00114650	GAME_UNIQUE	137	UNNAMED	FUN_00114650
0016e280	GAME_UNIQUE	137	named	CMenuCredits::vfunc13
0025a610	GAME_UNIQUE	137	UNNAMED	FUN_0025a610
00269510	GAME_UNIQUE	137	UNNAMED	FUN_00269510
00286a00	GAME_UNIQUE	137	UNNAMED	FUN_00286a00
003b0210	GAME_UNIQUE	137	UNNAMED	FUN_003b0210
000189a0	GAME_UNIQUE	136	named	tmpl__AV_tree_base_U_value_semantics_node_USFxFileRecord_CFxTemplateManager_0KP_Vtree_node_ratl_stora::vfunc27
0007c440	GAME_UNIQUE	136	UNNAMED	FUN_0007c440
00093cb0	GAME_UNIQUE	136	UNNAMED	FUN_00093cb0
000c4dc0	GAME_UNIQUE	136	UNNAMED	FUN_000c4dc0
000c5a30	GAME_UNIQUE	136	UNNAMED	FUN_000c5a30
000cbe40	GAME_UNIQUE	136	UNNAMED	FUN_000cbe40
000f6e60	GAME_UNIQUE	136	named	CAIPattern::vfunc5
0032db10	GAME_UNIQUE	136	UNNAMED	FUN_0032db10
00051750	GAME_UNIQUE	135	UNNAMED	FUN_00051750
00072df0	GAME_UNIQUE	135	named	CGame::vfunc80
0007b120	GAME_UNIQUE	135	named	CGuidedProjectileEntity::vfunc5
000876a0	GAME_UNIQUE	135	named	CMoverEntity::vfunc51
00094850	GAME_UNIQUE	135	UNNAMED	FUN_00094850
0009eaf0	GAME_UNIQUE	135	UNNAMED	FUN_0009eaf0
000b66d0	GAME_UNIQUE	135	UNNAMED	FUN_000b66d0
000ee630	GAME_UNIQUE	135	named	CAIStandardAttackHandler::vfunc10
00123e90	GAME_UNIQUE	135	UNNAMED	FUN_00123e90
0013a0a0	GAME_UNIQUE	135	named	CModelIGB::vfunc3
00150710	GAME_UNIQUE	135	named	tmpl__AV_tree_base_U_value_semantics_node_USFileRecord_CSoundSystem_0BCC_Vtree_node_ratl_storage_ratl::vfunc85
00166160	GAME_UNIQUE	135	UNNAMED	FUN_00166160
00172a30	GAME_UNIQUE	135	named	CMenuImageViewer::vfunc16
001f14d0	GAME_UNIQUE	135	UNNAMED	FUN_001f14d0
00043780	GAME_UNIQUE	134	UNNAMED	FUN_00043780
0005d210	GAME_UNIQUE	134	UNNAMED	FUN_0005d210
00077680	GAME_UNIQUE	134	named	tmpl__AV_COnlyOneEvent_VCActor_VEFirstEquipment_::vfunc111
00091ee0	GAME_UNIQUE	134	named	tmpl__AV_COnlyOneEvent_VCActor_VEFirstEquipment_::vfunc71
000eb320	GAME_UNIQUE	134	named	CFightStyle::vfunc5
0011e980	GAME_UNIQUE	134	UNNAMED	FUN_0011e980
00139320	GAME_UNIQUE	134	UNNAMED	FUN_00139320
001533b0	GAME_UNIQUE	134	named	CFontMgr::vfunc13
00180aa0	GAME_UNIQUE	134	named	CMenuReviewPaths::vfunc13
003b0905	GAME_UNIQUE	133	UNNAMED	FUN_003b0905
00070350	GAME_UNIQUE	132	named	CGame::vfunc101
0009ae60	GAME_UNIQUE	132	UNNAMED	FUN_0009ae60
000bfaf0	GAME_UNIQUE	132	UNNAMED	FUN_000bfaf0
000dc1c0	GAME_UNIQUE	132	named	CCombatNodeHandler::vfunc268
000e2390	GAME_UNIQUE	132	UNNAMED	FUN_000e2390
000ea210	GAME_UNIQUE	132	named	CFightStyle::vfunc17
00101e60	GAME_UNIQUE	132	UNNAMED	FUN_00101e60
00121b90	GAME_UNIQUE	132	UNNAMED	FUN_00121b90
00165680	GAME_UNIQUE	132	UNNAMED	FUN_00165680
001664a0	GAME_UNIQUE	132	UNNAMED	FUN_001664a0
0017fe00	GAME_UNIQUE	132	UNNAMED	FUN_0017fe00
00238410	GAME_UNIQUE	132	UNNAMED	FUN_00238410
00319080	GAME_UNIQUE	132	UNNAMED	FUN_00319080
00365f04	GAME_UNIQUE	132	UNNAMED	FUN_00365f04
003ba73b	GAME_UNIQUE	132	UNNAMED	FUN_003ba73b
00053650	XMEN_SERIES	131	UNNAMED	FUN_00053650
00070d30	GAME_UNIQUE	131	named	CGame::vfunc58
000d1470	GAME_UNIQUE	131	named	CCEAtkTeleport::vfunc130
0014b6d0	GAME_UNIQUE	131	UNNAMED	FUN_0014b6d0
00195010	GAME_PORTABLE	131	UNNAMED	FUN_00195010
002318e0	GAME_UNIQUE	131	UNNAMED	FUN_002318e0
00366ed1	GAME_UNIQUE	131	UNNAMED	FUN_00366ed1
0004d9e0	GAME_UNIQUE	130	UNNAMED	FUN_0004d9e0
00094a70	GAME_UNIQUE	130	UNNAMED	FUN_00094a70
000a7de0	GAME_UNIQUE	130	UNNAMED	FUN_000a7de0
000aaf80	GAME_UNIQUE	130	UNNAMED	FUN_000aaf80
000ae8a0	GAME_UNIQUE	130	UNNAMED	FUN_000ae8a0
000ecfe0	GAME_UNIQUE	130	UNNAMED	FUN_000ecfe0
001aff50	GAME_UNIQUE	130	UNNAMED	FUN_001aff50
00272520	GAME_UNIQUE	130	UNNAMED	FUN_00272520
00030ba0	GAME_UNIQUE	129	UNNAMED	FUN_00030ba0
00058c60	GAME_UNIQUE	129	UNNAMED	FUN_00058c60
0018e3e0	GAME_UNIQUE	129	UNNAMED	FUN_0018e3e0
0004ea70	GAME_UNIQUE	128	named	CCamera::vfunc44
000ad920	GAME_UNIQUE	128	UNNAMED	FUN_000ad920
000d29b0	GAME_UNIQUE	128	named	CCEAtkSpawn::vfunc5
000fdf90	GAME_UNIQUE	128	UNNAMED	FUN_000fdf90
0010c8d0	GAME_UNIQUE	128	UNNAMED	FUN_0010c8d0
001444e0	GAME_UNIQUE	128	UNNAMED	FUN_001444e0
0016a860	GAME_UNIQUE	128	UNNAMED	FUN_0016a860
00183640	GAME_UNIQUE	128	UNNAMED	FUN_00183640
002f23bf	GAME_UNIQUE	128	UNNAMED	FUN_002f23bf
00368720	XMEN_SERIES	128	UNNAMED	FUN_00368720
000539f0	GAME_UNIQUE	127	UNNAMED	FUN_000539f0
000a4d90	GAME_UNIQUE	127	named	CReviewPaths::vfunc0
000b86a0	GAME_UNIQUE	127	UNNAMED	FUN_000b86a0
001707d0	GAME_UNIQUE	127	UNNAMED	FUN_001707d0
0018da90	GAME_UNIQUE	127	UNNAMED	FUN_0018da90
001ee3c0	GAME_UNIQUE	127	UNNAMED	FUN_001ee3c0
00271a00	XMEN_SERIES	127	UNNAMED	FUN_00271a00
00364610	GAME_UNIQUE	127	UNNAMED	FUN_00364610
00375487	GAME_UNIQUE	127	UNNAMED	FUN_00375487
00046f10	GAME_UNIQUE	126	named	CAffectableHarmEntity::vfunc5
0007ec90	GAME_UNIQUE	126	UNNAMED	FUN_0007ec90
0009e180	GAME_UNIQUE	126	UNNAMED	FUN_0009e180
000a3220	GAME_UNIQUE	126	named	CRequire::vfunc4
000a56f0	GAME_UNIQUE	126	UNNAMED	FUN_000a56f0
000c0920	GAME_UNIQUE	126	UNNAMED	FUN_000c0920
000c0b90	GAME_UNIQUE	126	UNNAMED	FUN_000c0b90
000deb10	GAME_UNIQUE	126	named	CCombatNodeHandler::vfunc358
0016d5b0	GAME_UNIQUE	126	named	CMenuCodex::vfunc4
002a0900	GAME_UNIQUE	126	UNNAMED	FUN_002a0900
0032c8d0	GAME_UNIQUE	126	UNNAMED	FUN_0032c8d0
0004ecc0	GAME_UNIQUE	125	UNNAMED	FUN_0004ecc0
0005fa10	GAME_UNIQUE	125	UNNAMED	FUN_0005fa10
00090180	GAME_UNIQUE	125	UNNAMED	FUN_00090180
000ecb00	GAME_UNIQUE	125	UNNAMED	FUN_000ecb00
00124fb0	GAME_UNIQUE	125	named	tmpl__AV_tree_base_U_value_semantics_node_V_string_vs_0BAA_ratl_04Vtree_node_2_storage_ratl_ratl_::vfunc20
00167940	GAME_UNIQUE	125	UNNAMED	FUN_00167940
001ee0e0	GAME_UNIQUE	125	UNNAMED	FUN_001ee0e0
00365570	GAME_UNIQUE	125	named	D3D8__CDevice_SetStateVB
00027f30	GAME_UNIQUE	124	UNNAMED	FUN_00027f30
0003c720	GAME_UNIQUE	124	UNNAMED	FUN_0003c720
0003cb50	GAME_UNIQUE	124	named	CActor::vfunc81
000c5000	GAME_UNIQUE	124	UNNAMED	FUN_000c5000
000d70d0	GAME_UNIQUE	124	named	CCEAtkTeleport::vfunc262
00107fc0	GAME_UNIQUE	124	UNNAMED	FUN_00107fc0
0015e2c0	GAME_UNIQUE	124	UNNAMED	FUN_0015e2c0
0002d1e0	GAME_UNIQUE	123	UNNAMED	FUN_0002d1e0
0003f410	GAME_UNIQUE	123	UNNAMED	FUN_0003f410
0009c910	GAME_UNIQUE	123	UNNAMED	FUN_0009c910
000bcba0	GAME_UNIQUE	123	named	CWeaponMode::vfunc16
000ea750	GAME_UNIQUE	123	UNNAMED	FUN_000ea750
001854c0	GAME_UNIQUE	123	named	CMenuTrivia::vfunc13
00185c30	GAME_UNIQUE	123	named	CPopupDialog::vfunc6
0018b9e0	GAME_UNIQUE	123	UNNAMED	FUN_0018b9e0
0019a060	GAME_UNIQUE	123	UNNAMED	FUN_0019a060
001aade0	GAME_UNIQUE	123	UNNAMED	FUN_001aade0
00377c7a	GAME_UNIQUE	123	UNNAMED	FUN_00377c7a
003aa823	GAME_UNIQUE	123	UNNAMED	FUN_003aa823
0003b960	GAME_UNIQUE	122	UNNAMED	FUN_0003b960
0009e000	GAME_UNIQUE	122	UNNAMED	FUN_0009e000
000d16a0	GAME_UNIQUE	122	named	CCEAtkTeleport::vfunc58
000dd960	GAME_UNIQUE	122	named	CCombatNodeHandler::vfunc109
00103590	GAME_UNIQUE	122	UNNAMED	FUN_00103590
00128690	GAME_UNIQUE	122	UNNAMED	FUN_00128690
001302d0	GAME_UNIQUE	122	UNNAMED	FUN_001302d0
001524d0	GAME_UNIQUE	122	UNNAMED	FUN_001524d0
001823f0	GAME_UNIQUE	122	UNNAMED	FUN_001823f0
002aec50	GAME_UNIQUE	122	UNNAMED	FUN_002aec50
0004db90	XMEN_SERIES	121	UNNAMED	FUN_0004db90
0006fbd0	GAME_UNIQUE	121	named	CGame::vfunc75
00076420	GAME_UNIQUE	121	UNNAMED	FUN_00076420
000d0bd0	GAME_UNIQUE	121	named	CCEAtkTeleport::vfunc190
0011b840	GAME_UNIQUE	121	UNNAMED	FUN_0011b840
0012ecf0	GAME_UNIQUE	121	UNNAMED	FUN_0012ecf0
0014a850	GAME_UNIQUE	121	UNNAMED	FUN_0014a850
00153080	GAME_UNIQUE	121	named	CFontMgr::vfunc11
00163a30	GAME_UNIQUE	121	named	CMenu::vfunc19
001d30e0	GAME_UNIQUE	121	UNNAMED	FUN_001d30e0
002761a0	GAME_UNIQUE	121	UNNAMED	FUN_002761a0
00033890	GAME_UNIQUE	120	UNNAMED	FUN_00033890
00048510	GAME_UNIQUE	120	UNNAMED	FUN_00048510
0004cd10	GAME_UNIQUE	120	named	CCamera::vfunc89
00063eb0	GAME_UNIQUE	120	named	CBlock::vfunc2
00074370	GAME_UNIQUE	120	UNNAMED	FUN_00074370
000cef40	GAME_UNIQUE	120	named	CCEAtk::vfunc3
000ff260	GAME_UNIQUE	120	UNNAMED	FUN_000ff260
00138f40	GAME_UNIQUE	120	named	CModelIGB::vfunc51
0013b6d0	GAME_UNIQUE	120	named	CModelParticleCloud::vfunc6
00156810	GAME_UNIQUE	120	named	CHud::vfunc4
0016b0f0	GAME_UNIQUE	120	UNNAMED	FUN_0016b0f0
00251ba0	GAME_UNIQUE	120	UNNAMED	FUN_00251ba0
00038d30	GAME_UNIQUE	119	UNNAMED	FUN_00038d30
0005e460	GAME_UNIQUE	119	UNNAMED	FUN_0005e460
000cf110	GAME_UNIQUE	119	named	CCEAtk::vfunc10
0011fa90	GAME_UNIQUE	119	named	CMemoryCardXBox::vfunc11
0012dfa0	GAME_UNIQUE	119	UNNAMED	FUN_0012dfa0
00361040	GAME_UNIQUE	119	UNNAMED	FUN_00361040
003692e0	GAME_UNIQUE	119	named	D3D8__D3DDevice_SetPixelShader
003ad640	GAME_UNIQUE	119	UNNAMED	FUN_003ad640
003b07cd	GAME_UNIQUE	119	UNNAMED	FUN_003b07cd
00014390	GAME_UNIQUE	118	named	Particle_Update
000260b0	GAME_UNIQUE	118	UNNAMED	FUN_000260b0
0004b7b0	GAME_UNIQUE	118	UNNAMED	FUN_0004b7b0
00077f90	GAME_UNIQUE	118	UNNAMED	FUN_00077f90
000793f0	GAME_UNIQUE	118	named	tmpl__AV_COnlyOneEvent_VCActor_VEFirstEquipment_::vfunc80
000b1640	GAME_UNIQUE	118	UNNAMED	FUN_000b1640
000cc310	GAME_PORTABLE	118	UNNAMED	FUN_000cc310
000dcd40	GAME_UNIQUE	118	named	CCombatNodeHandler::vfunc293
00148fd0	GAME_UNIQUE	118	UNNAMED	FUN_00148fd0
00152690	GAME_UNIQUE	118	named	CAutoMap::vfunc3
001563b0	GAME_UNIQUE	118	UNNAMED	FUN_001563b0
00266a90	GAME_UNIQUE	118	UNNAMED	FUN_00266a90
0033c100	XMEN_SERIES	118	UNNAMED	FUN_0033c100
0037d6ca	GAME_UNIQUE	118	UNNAMED	FUN_0037d6ca
003ad43c	GAME_UNIQUE	118	UNNAMED	FUN_003ad43c
0002c6a0	GAME_UNIQUE	117	UNNAMED	FUN_0002c6a0
0004ac00	GAME_UNIQUE	117	UNNAMED	FUN_0004ac00
000845c0	GAME_UNIQUE	117	UNNAMED	FUN_000845c0
000e6da0	GAME_PORTABLE	117	UNNAMED	FUN_000e6da0
0011e7a0	GAME_UNIQUE	117	UNNAMED	FUN_0011e7a0
00123a90	GAME_UNIQUE	117	UNNAMED	FUN_00123a90
0017e840	GAME_UNIQUE	117	named	CMenuMain::vfunc13
00181ea0	GAME_UNIQUE	117	UNNAMED	FUN_00181ea0
00184890	GAME_UNIQUE	117	UNNAMED	FUN_00184890
001bda40	GAME_UNIQUE	117	UNNAMED	FUN_001bda40
0021d8d0	GAME_UNIQUE	117	UNNAMED	FUN_0021d8d0
0006c560	GAME_UNIQUE	116	UNNAMED	FUN_0006c560
000de8f0	GAME_UNIQUE	116	UNNAMED	FUN_000de8f0
000fe550	GAME_UNIQUE	116	UNNAMED	FUN_000fe550
001136f0	GAME_UNIQUE	116	UNNAMED	FUN_001136f0
0017d080	GAME_UNIQUE	116	named	CMenuItemText::vfunc12
0020ea70	GAME_UNIQUE	116	UNNAMED	FUN_0020ea70
00224bc0	GAME_UNIQUE	116	UNNAMED	FUN_00224bc0
00255d70	GAME_UNIQUE	116	UNNAMED	FUN_00255d70
003684a0	GAME_UNIQUE	116	UNNAMED	FUN_003684a0
003c2f9d	GAME_UNIQUE	116	UNNAMED	FUN_003c2f9d
00039680	GAME_UNIQUE	115	UNNAMED	FUN_00039680
000f7c20	XMEN_SERIES	115	named	CAI::vfunc128
00191790	GAME_UNIQUE	115	UNNAMED	FUN_00191790
00270a20	GAME_UNIQUE	115	UNNAMED	FUN_00270a20
002fc139	GAME_UNIQUE	115	UNNAMED	FUN_002fc139
0033bfa0	XMEN_SERIES	115	UNNAMED	FUN_0033bfa0
003b0c38	GAME_UNIQUE	115	UNNAMED	FUN_003b0c38
0003d9b0	XMEN_SERIES	114	UNNAMED	FUN_0003d9b0
0005cca0	GAME_UNIQUE	114	UNNAMED	FUN_0005cca0
00076290	GAME_UNIQUE	114	UNNAMED	FUN_00076290
00083090	GAME_UNIQUE	114	named	IMap::vfunc86
0008f980	GAME_UNIQUE	114	UNNAMED	FUN_0008f980
000ff6a0	GAME_UNIQUE	114	UNNAMED	FUN_000ff6a0
00129d80	GAME_UNIQUE	114	UNNAMED	FUN_00129d80
001785b0	GAME_UNIQUE	114	named	CMenuItemListBox::vfunc76
0035e4d0	GAME_UNIQUE	114	UNNAMED	FUN_0035e4d0
00036b00	GAME_UNIQUE	113	UNNAMED	FUN_00036b00
0003b150	GAME_UNIQUE	113	UNNAMED	FUN_0003b150
000530f0	XMEN_SERIES	113	UNNAMED	FUN_000530f0
0005a670	GAME_UNIQUE	113	UNNAMED	FUN_0005a670
000784c0	GAME_UNIQUE	113	named	tmpl__AV_COnlyOneEvent_VCActor_VEFirstEquipment_::vfunc93
0007fbb0	GAME_UNIQUE	113	named	CInventorySystem::vfunc9
00082810	GAME_UNIQUE	113	UNNAMED	FUN_00082810
000a1ea0	GAME_UNIQUE	113	UNNAMED	FUN_000a1ea0
000ae210	GAME_UNIQUE	113	UNNAMED	FUN_000ae210
000ea5c0	GAME_UNIQUE	113	UNNAMED	FUN_000ea5c0
00106b00	GAME_UNIQUE	113	UNNAMED	FUN_00106b00
0010e5f0	GAME_UNIQUE	113	UNNAMED	FUN_0010e5f0
00114830	GAME_UNIQUE	113	UNNAMED	FUN_00114830
00155560	GAME_UNIQUE	113	UNNAMED	FUN_00155560
0015c8f0	GAME_UNIQUE	113	UNNAMED	FUN_0015c8f0
0016f2e0	GAME_UNIQUE	113	UNNAMED	FUN_0016f2e0
001710f0	GAME_UNIQUE	113	UNNAMED	FUN_001710f0
0017bb20	GAME_UNIQUE	113	UNNAMED	FUN_0017bb20
001ecf10	GAME_UNIQUE	113	UNNAMED	FUN_001ecf10
00231400	GAME_UNIQUE	113	UNNAMED	FUN_00231400
00286ce0	GAME_UNIQUE	113	UNNAMED	FUN_00286ce0
00367840	XMEN_SERIES	113	named	D3D8__D3DDevice_DrawVerticesUP
00380441	GAME_UNIQUE	113	UNNAMED	FUN_00380441
00026890	GAME_UNIQUE	112	UNNAMED	FUN_00026890
00057b10	GAME_UNIQUE	112	named	CCollide::vfunc1
00079990	GAME_UNIQUE	112	UNNAMED	FUN_00079990
00107270	GAME_UNIQUE	112	UNNAMED	FUN_00107270
0013b540	GAME_UNIQUE	112	named	CModelParticleCloud::vfunc5
0014e810	GAME_PORTABLE	112	UNNAMED	FUN_0014e810
001d50b0	GAME_UNIQUE	112	UNNAMED	FUN_001d50b0
00030300	GAME_UNIQUE	111	UNNAMED	FUN_00030300
0003aec0	GAME_UNIQUE	111	UNNAMED	FUN_0003aec0
000533b0	GAME_UNIQUE	111	UNNAMED	FUN_000533b0
00060c20	GAME_UNIQUE	111	UNNAMED	FUN_00060c20
00076cf0	GAME_UNIQUE	111	UNNAMED	FUN_00076cf0
0009d5a0	GAME_UNIQUE	111	UNNAMED	FUN_0009d5a0
000a3eb0	GAME_UNIQUE	111	named	CRequire::vfunc3
000ae3b0	GAME_UNIQUE	111	UNNAMED	FUN_000ae3b0
000b8920	GAME_UNIQUE	111	UNNAMED	FUN_000b8920
000fe330	GAME_UNIQUE	111	UNNAMED	FUN_000fe330
0012c7b0	GAME_UNIQUE	111	UNNAMED	FUN_0012c7b0
0016a360	GAME_UNIQUE	111	UNNAMED	FUN_0016a360
0016a590	GAME_UNIQUE	111	named	CMenuBlackbird::vfunc16
0017f130	GAME_UNIQUE	111	named	CMenuObjectives::vfunc4
001846c0	GAME_UNIQUE	111	UNNAMED	FUN_001846c0
001a3392	GAME_UNIQUE	111	UNNAMED	FUN_001a3392
0034a876	GAME_UNIQUE	111	named	_raise
00074520	GAME_UNIQUE	110	UNNAMED	FUN_00074520
0009d100	GAME_UNIQUE	110	UNNAMED	FUN_0009d100
000cff10	GAME_UNIQUE	110	named	CCEAtkSpawnProjectile::vfunc22
000f70b0	GAME_UNIQUE	110	named	CPatternNodeMoveTo::vfunc8
0017ffd0	GAME_UNIQUE	110	named	CMenuPlayers::vfunc13
0018fb10	GAME_UNIQUE	110	UNNAMED	FUN_0018fb10
00259e90	GAME_UNIQUE	110	UNNAMED	FUN_00259e90
002673c0	GAME_UNIQUE	110	UNNAMED	FUN_002673c0
002c7fc9	GAME_UNIQUE	110	UNNAMED	FUN_002c7fc9
003a0ee6	GAME_UNIQUE	110	UNNAMED	FUN_003a0ee6
00048d50	GAME_UNIQUE	109	UNNAMED	FUN_00048d50
000dc720	GAME_UNIQUE	109	named	CCHGuardDecide::vfunc509
00152970	GAME_UNIQUE	109	named	CFontMgr::vfunc14
0015f2f0	GAME_UNIQUE	109	named	CHudComponent::vfunc8
00160d10	GAME_UNIQUE	109	named	CMenu::vfunc21
0017ec00	GAME_UNIQUE	109	UNNAMED	FUN_0017ec00
0018a7a0	GAME_UNIQUE	109	UNNAMED	FUN_0018a7a0
0019a200	GAME_UNIQUE	109	named	Raven::SceneLib::igFakePointLightPool::vfunc9
0035d760	GAME_UNIQUE	109	named	D3D8__D3DDevice_SetVertexShader
00046880	GAME_UNIQUE	108	UNNAMED	FUN_00046880
00059b50	GAME_UNIQUE	108	named	CCombatSystem::vfunc0
0009cac0	GAME_UNIQUE	108	UNNAMED	FUN_0009cac0
000af4e0	GAME_UNIQUE	108	UNNAMED	FUN_000af4e0
000dcbc0	GAME_UNIQUE	108	named	CCombatNodeHandler::vfunc281
00120400	GAME_UNIQUE	108	UNNAMED	FUN_00120400
00128cc0	GAME_UNIQUE	108	UNNAMED	FUN_00128cc0
00177f40	GAME_UNIQUE	108	named	CMenuItemListBox::vfunc11
000394e0	GAME_UNIQUE	107	UNNAMED	FUN_000394e0
000726a0	GAME_UNIQUE	107	named	CGame::vfunc38
000867c0	GAME_UNIQUE	107	UNNAMED	FUN_000867c0
000a69d0	GAME_UNIQUE	107	UNNAMED	FUN_000a69d0
000d3e20	GAME_UNIQUE	107	named	CCEAtkSpawn::vfunc6
001cd340	GAME_UNIQUE	107	UNNAMED	FUN_001cd340
0034d085	GAME_UNIQUE	107	named	__flswbuf
00028100	GAME_UNIQUE	106	UNNAMED	FUN_00028100
000398d0	GAME_UNIQUE	106	UNNAMED	FUN_000398d0
0004ca00	XMEN_SERIES	106	UNNAMED	FUN_0004ca00
0004f240	GAME_UNIQUE	106	UNNAMED	FUN_0004f240
000dd1f0	GAME_UNIQUE	106	named	CCombatNodeHandler::vfunc31
001177e0	GAME_UNIQUE	106	named	CInput::vfunc7
00164240	GAME_UNIQUE	106	UNNAMED	FUN_00164240
00197640	GAME_PORTABLE	106	named	Rascl::CRuntime::vfunc13
0022eb70	GAME_UNIQUE	106	UNNAMED	FUN_0022eb70
0028e030	GAME_UNIQUE	106	UNNAMED	FUN_0028e030
000479d0	GAME_UNIQUE	105	UNNAMED	FUN_000479d0
00086560	GAME_UNIQUE	105	named	CMissionMgr::vfunc17
000af370	GAME_UNIQUE	105	UNNAMED	FUN_000af370
000ed390	GAME_UNIQUE	105	UNNAMED	FUN_000ed390
00128b60	GAME_UNIQUE	105	UNNAMED	FUN_00128b60
0013ea40	GAME_UNIQUE	105	named	tmpl__AV_tree_base_U_value_semantics_node_V_string_vs_0BAA_ratl_00Vtree_node_2_storage_ratl_ratl_::vfunc7
0014f790	GAME_UNIQUE	105	named	tmpl__AV_tree_base_U_value_semantics_node_USFileRecord_CSoundSystem_0BCC_Vtree_node_ratl_storage_ratl::vfunc104
001d3450	GAME_UNIQUE	105	UNNAMED	FUN_001d3450
00215b20	GAME_UNIQUE	105	UNNAMED	FUN_00215b20
0025ab90	GAME_UNIQUE	105	UNNAMED	FUN_0025ab90
003144f0	GAME_UNIQUE	105	UNNAMED	FUN_003144f0
0002a4b0	GAME_UNIQUE	104	UNNAMED	FUN_0002a4b0
000490f0	GAME_UNIQUE	104	UNNAMED	FUN_000490f0
0004c010	GAME_UNIQUE	104	UNNAMED	FUN_0004c010
00053ce0	GAME_UNIQUE	104	UNNAMED	FUN_00053ce0
00057090	GAME_UNIQUE	104	named	tmpl__AV_map_vs_V_handle_str_0A_E_0PP_ratl_::vfunc16
000b22d0	GAME_UNIQUE	104	UNNAMED	FUN_000b22d0
00101050	GAME_UNIQUE	104	UNNAMED	FUN_00101050
00144340	GAME_UNIQUE	104	UNNAMED	FUN_00144340
001624a0	GAME_UNIQUE	104	named	CMenu::vfunc20
00174dd0	GAME_UNIQUE	104	UNNAMED	FUN_00174dd0
0019b250	GAME_UNIQUE	104	UNNAMED	FUN_0019b250
0022e8f0	GAME_UNIQUE	104	UNNAMED	FUN_0022e8f0
002a6fb0	GAME_UNIQUE	104	UNNAMED	FUN_002a6fb0
003c2389	GAME_UNIQUE	104	UNNAMED	FUN_003c2389
0001a130	GAME_UNIQUE	103	named	tmpl__AV_tree_base_U_value_semantics_node_USFxFileRecord_CFxTemplateManager_0KP_Vtree_node_ratl_stora::vfunc37
0001a380	GAME_UNIQUE	103	named	tmpl__AV_tree_base_U_value_semantics_node_USFxFileRecord_CFxTemplateManager_0KP_Vtree_node_ratl_stora::vfunc38
00068420	GAME_UNIQUE	103	named	IEntityAllocator::vfunc10
0009dc40	GAME_UNIQUE	103	UNNAMED	FUN_0009dc40
000bb6f0	GAME_UNIQUE	103	UNNAMED	FUN_000bb6f0
000bf350	GAME_UNIQUE	103	UNNAMED	FUN_000bf350
000d6480	GAME_UNIQUE	103	named	CCEAtkTeleport::vfunc142
000dca60	GAME_UNIQUE	103	named	CCHBoredLoop::vfunc506
000e1380	GAME_UNIQUE	103	named	CCHMoveStandard::vfunc507
001819e0	GAME_UNIQUE	103	named	tmpl__AV_tree_base_U_value_semantics_node_V_handle_str_01_00Vtree_node_ratl_storage_ratl_ratl_::vfunc120
00187b10	GAME_UNIQUE	103	named	CPopupDialog::vfunc21
001894c0	GAME_UNIQUE	103	UNNAMED	FUN_001894c0
001ee500	GAME_UNIQUE	103	UNNAMED	FUN_001ee500
00276450	GAME_UNIQUE	103	UNNAMED	FUN_00276450
000282b0	GAME_UNIQUE	102	UNNAMED	FUN_000282b0
00047cc0	GAME_UNIQUE	102	UNNAMED	FUN_00047cc0
00060810	GAME_UNIQUE	102	UNNAMED	FUN_00060810
00071a20	GAME_UNIQUE	102	named	CGame::vfunc49
0009e3d0	GAME_UNIQUE	102	UNNAMED	FUN_0009e3d0
000b2b00	GAME_UNIQUE	102	UNNAMED	FUN_000b2b00
00126120	GAME_UNIQUE	102	named	TiXmlElement::vfunc1
00143830	GAME_UNIQUE	102	UNNAMED	FUN_00143830
0014ac60	GAME_UNIQUE	102	UNNAMED	FUN_0014ac60
00156550	GAME_UNIQUE	102	named	CHud::vfunc9
0017f440	GAME_UNIQUE	102	named	CMenuItemShop::vfunc31
0017f5e0	GAME_UNIQUE	102	named	CMenuItemShop::vfunc43
001a8250	GAME_UNIQUE	102	UNNAMED	FUN_001a8250
001a9420	GAME_UNIQUE	102	UNNAMED	FUN_001a9420
00298af0	GAME_UNIQUE	102	UNNAMED	FUN_00298af0
002f05e2	GAME_UNIQUE	102	UNNAMED	FUN_002f05e2
003ba8fa	GAME_UNIQUE	102	UNNAMED	FUN_003ba8fa
0001cfa0	GAME_UNIQUE	101	named	CFxPrimitiveBase::vfunc33
00069310	GAME_PORTABLE	101	named	IEntityDefinitions::vfunc28
000c0320	GAME_PORTABLE	101	UNNAMED	FUN_000c0320
000d8a40	GAME_UNIQUE	101	named	CCEAtkTeleport::vfunc413
000d9330	GAME_UNIQUE	101	named	CCombatNodeHandler::vfunc13
00124d40	GAME_UNIQUE	101	UNNAMED	FUN_00124d40
00163d40	GAME_UNIQUE	101	UNNAMED	FUN_00163d40
00168b50	GAME_UNIQUE	101	UNNAMED	FUN_00168b50
00178f40	GAME_UNIQUE	101	named	CMenuItemListBox::vfunc15
001ecdc0	GAME_UNIQUE	101	UNNAMED	FUN_001ecdc0
0037cb50	GAME_UNIQUE	101	UNNAMED	FUN_0037cb50
0005e900	GAME_UNIQUE	100	UNNAMED	FUN_0005e900
00067870	GAME_UNIQUE	100	UNNAMED	FUN_00067870
000f02c0	GAME_UNIQUE	100	named	CAIRangedAttackHandler::vfunc4
000fb660	GAME_PORTABLE	100	UNNAMED	FUN_000fb660
001021a0	GAME_UNIQUE	100	UNNAMED	FUN_001021a0
001659e0	GAME_UNIQUE	100	UNNAMED	FUN_001659e0
0016fa70	GAME_UNIQUE	100	UNNAMED	FUN_0016fa70
0018f060	GAME_UNIQUE	100	UNNAMED	FUN_0018f060
0027e210	GAME_UNIQUE	100	UNNAMED	FUN_0027e210
0027f930	GAME_UNIQUE	100	UNNAMED	FUN_0027f930
0032ce90	GAME_UNIQUE	100	UNNAMED	FUN_0032ce90
00347d29	GAME_UNIQUE	100	named	__flsbuf
003b0410	GAME_UNIQUE	100	UNNAMED	FUN_003b0410
00018ba0	GAME_UNIQUE	99	UNNAMED	FUN_00018ba0
000251f0	GAME_UNIQUE	99	UNNAMED	FUN_000251f0
00051970	GAME_UNIQUE	99	UNNAMED	FUN_00051970
00072ff0	GAME_UNIQUE	99	named	CGame::vfunc88
0007dd30	GAME_UNIQUE	99	named	CInventoryEntity::vfunc111
000888d0	GAME_UNIQUE	99	UNNAMED	FUN_000888d0
000a61c0	GAME_UNIQUE	99	UNNAMED	FUN_000a61c0
000d0340	GAME_UNIQUE	99	named	CCEAtkSpawnProjectile::vfunc90
000dd7b0	GAME_UNIQUE	99	named	CCombatNodeHandler::vfunc227
001056f0	GAME_UNIQUE	99	UNNAMED	FUN_001056f0
0010ed60	GAME_UNIQUE	99	UNNAMED	FUN_0010ed60
00112370	GAME_UNIQUE	99	UNNAMED	FUN_00112370
0011d560	GAME_UNIQUE	99	named	CConfigSystem::vfunc1
0013ce40	GAME_UNIQUE	99	named	CMotionPath::vfunc10
001d3330	GAME_UNIQUE	99	UNNAMED	FUN_001d3330
00271350	XMEN_SERIES	99	UNNAMED	FUN_00271350
0030ca30	GAME_UNIQUE	99	UNNAMED	FUN_0030ca30
003679b0	XMEN_SERIES	99	named	D3D8__D3DDevice_DrawIndexedVerticesUP
000a55a0	GAME_UNIQUE	98	UNNAMED	FUN_000a55a0
000aac30	GAME_UNIQUE	98	named	CShadowMgr::vfunc1
000d4cb0	GAME_UNIQUE	98	UNNAMED	FUN_000d4cb0
00128400	GAME_UNIQUE	98	named	TiXmlComment::vfunc16
0013fa50	GAME_UNIQUE	98	UNNAMED	FUN_0013fa50
0014d4d0	GAME_UNIQUE	98	UNNAMED	FUN_0014d4d0
001686a0	GAME_UNIQUE	98	UNNAMED	FUN_001686a0
001712c0	GAME_UNIQUE	98	UNNAMED	FUN_001712c0
00171490	GAME_UNIQUE	98	named	CMenuDangerRoom::vfunc13
001e85e0	GAME_UNIQUE	98	UNNAMED	FUN_001e85e0
00246b90	GAME_UNIQUE	98	UNNAMED	FUN_00246b90
002f36c0	GAME_UNIQUE	98	UNNAMED	FUN_002f36c0
003ae70e	GAME_UNIQUE	98	UNNAMED	FUN_003ae70e
0002d690	GAME_UNIQUE	97	UNNAMED	FUN_0002d690
00033030	GAME_UNIQUE	97	UNNAMED	FUN_00033030
0007a300	GAME_UNIQUE	97	UNNAMED	FUN_0007a300
00088fa0	GAME_UNIQUE	97	UNNAMED	FUN_00088fa0
00090060	GAME_UNIQUE	97	named	CPathGrid::vfunc3
001017e0	GAME_UNIQUE	97	UNNAMED	FUN_001017e0
0011f400	GAME_UNIQUE	97	UNNAMED	FUN_0011f400
001282c0	GAME_UNIQUE	97	UNNAMED	FUN_001282c0
00130d10	GAME_UNIQUE	97	UNNAMED	FUN_00130d10
001365a0	GAME_UNIQUE	97	UNNAMED	FUN_001365a0
00143b10	GAME_UNIQUE	97	UNNAMED	FUN_00143b10
00144e10	GAME_UNIQUE	97	named	IPlayfield::vfunc32
00175df0	GAME_UNIQUE	97	named	CMenuItemCharacters::vfunc6
0029cd70	GAME_UNIQUE	97	UNNAMED	FUN_0029cd70
00363f30	XMEN_SERIES	97	named	D3D8__D3D_LazySetPointParams
0001a260	GAME_UNIQUE	96	named	tmpl__AV_tree_base_U_value_semantics_node_USFxFileRecord_CFxTemplateManager_0KP_Vtree_node_ratl_stora::vfunc39
00034940	GAME_UNIQUE	96	UNNAMED	FUN_00034940
0003c960	GAME_UNIQUE	96	named	CActor::vfunc73
0006d720	GAME_UNIQUE	96	UNNAMED	FUN_0006d720
00088bd0	GAME_UNIQUE	96	UNNAMED	FUN_00088bd0
000a25d0	GAME_UNIQUE	96	named	CStaticQuery::vfunc32
000ae5f0	GAME_UNIQUE	96	UNNAMED	FUN_000ae5f0
000aea90	GAME_UNIQUE	96	UNNAMED	FUN_000aea90
000aec00	GAME_UNIQUE	96	UNNAMED	FUN_000aec00
000b4870	GAME_UNIQUE	96	named	CTalentSystem::vfunc0
000c5e00	GAME_UNIQUE	96	UNNAMED	FUN_000c5e00
000d2bc0	GAME_UNIQUE	96	named	CCEAtkSpawnProjectile::vfunc28
00114500	GAME_UNIQUE	96	UNNAMED	FUN_00114500
0011e650	XMEN_SERIES	96	UNNAMED	FUN_0011e650
001256e0	GAME_UNIQUE	96	UNNAMED	FUN_001256e0
0013fb60	GAME_UNIQUE	96	UNNAMED	FUN_0013fb60
00155c30	GAME_UNIQUE	96	named	CHud::vfunc29
0016ac60	GAME_UNIQUE	96	UNNAMED	FUN_0016ac60
0020b100	GAME_UNIQUE	96	UNNAMED	FUN_0020b100
0024e4b0	GAME_UNIQUE	96	UNNAMED	FUN_0024e4b0
003ad309	GAME_UNIQUE	96	UNNAMED	FUN_003ad309
003b051e	GAME_UNIQUE	96	UNNAMED	FUN_003b051e
003b9a97	GAME_UNIQUE	96	UNNAMED	FUN_003b9a97
0001d7c0	GAME_UNIQUE	95	UNNAMED	FUN_0001d7c0
000322d0	GAME_UNIQUE	95	UNNAMED	FUN_000322d0
000470c0	GAME_UNIQUE	95	UNNAMED	FUN_000470c0
000478b0	GAME_UNIQUE	95	UNNAMED	FUN_000478b0
0004b230	GAME_UNIQUE	95	UNNAMED	FUN_0004b230
0005d6b0	GAME_UNIQUE	95	UNNAMED	FUN_0005d6b0
0006b3a0	GAME_UNIQUE	95	UNNAMED	FUN_0006b3a0
00072bc0	GAME_PORTABLE	95	named	CGame::vfunc41
000a4970	GAME_UNIQUE	95	UNNAMED	FUN_000a4970
000d10c0	GAME_UNIQUE	95	named	CCEAtkTeleport::vfunc94
001313d0	GAME_UNIQUE	95	UNNAMED	FUN_001313d0
001335a0	GAME_UNIQUE	95	UNNAMED	FUN_001335a0
00150960	GAME_UNIQUE	95	UNNAMED	FUN_00150960
00164800	GAME_UNIQUE	95	UNNAMED	FUN_00164800
0017ee30	GAME_UNIQUE	95	named	CMenuMovie::vfunc26
0017fb20	GAME_UNIQUE	95	UNNAMED	FUN_0017fb20
00183eb0	GAME_UNIQUE	95	named	tmpl__AV_tree_base_U_value_semantics_node_V_handle_str_01_00Vtree_node_ratl_storage_ratl_ratl_::vfunc30
001d9d00	GAME_UNIQUE	95	UNNAMED	FUN_001d9d00
00317ad0	GAME_UNIQUE	95	UNNAMED	FUN_00317ad0
0001a020	GAME_UNIQUE	94	named	tmpl__AV_tree_base_U_value_semantics_node_USFxFileRecord_CFxTemplateManager_0KP_Vtree_node_ratl_stora::vfunc36
0002fa50	GAME_UNIQUE	94	UNNAMED	FUN_0002fa50
0004ee50	GAME_UNIQUE	94	UNNAMED	FUN_0004ee50
00054580	GAME_UNIQUE	94	UNNAMED	FUN_00054580
0006ada0	GAME_UNIQUE	94	named	CEntityGrid::vfunc9
0006f5f0	GAME_UNIQUE	94	named	CGame::vfunc43
000f7420	GAME_UNIQUE	94	UNNAMED	FUN_000f7420
0011d6c0	GAME_UNIQUE	94	named	CConfigSystem::vfunc10
001333f0	GAME_UNIQUE	94	UNNAMED	FUN_001333f0
00173710	GAME_UNIQUE	94	UNNAMED	FUN_00173710
001f5120	GAME_UNIQUE	94	UNNAMED	FUN_001f5120
003049a0	GAME_UNIQUE	94	UNNAMED	FUN_003049a0
00019f10	GAME_UNIQUE	93	named	tmpl__AV_tree_base_U_value_semantics_node_USFxFileRecord_CFxTemplateManager_0KP_Vtree_node_ratl_stora::vfunc34
0002fba0	GAME_UNIQUE	93	UNNAMED	FUN_0002fba0
00031f90	GAME_UNIQUE	93	UNNAMED	FUN_00031f90
000347f0	GAME_UNIQUE	93	named	CActor::vfunc91
00050640	GAME_UNIQUE	93	named	CCamera::vfunc47
000548a0	GAME_UNIQUE	93	UNNAMED	FUN_000548a0
0005d9d0	GAME_UNIQUE	93	UNNAMED	FUN_0005d9d0
0005dbf0	GAME_UNIQUE	93	UNNAMED	FUN_0005dbf0
00076b40	GAME_UNIQUE	93	UNNAMED	FUN_00076b40
000887d0	GAME_UNIQUE	93	UNNAMED	FUN_000887d0
00096220	GAME_UNIQUE	93	UNNAMED	FUN_00096220
000a0e90	GAME_UNIQUE	93	UNNAMED	FUN_000a0e90
000a5e50	GAME_UNIQUE	93	named	CSaveLoad::vfunc0
000a73d0	GAME_UNIQUE	93	UNNAMED	FUN_000a73d0
000a8600	GAME_UNIQUE	93	UNNAMED	FUN_000a8600
000be480	GAME_UNIQUE	93	named	IWorld::vfunc49
000de560	GAME_UNIQUE	93	named	CCHCharge::vfunc506
000e7850	GAME_UNIQUE	93	UNNAMED	FUN_000e7850
000e8c50	GAME_UNIQUE	93	UNNAMED	FUN_000e8c50
000f7520	GAME_PORTABLE	93	UNNAMED	FUN_000f7520
000fc000	GAME_UNIQUE	93	UNNAMED	FUN_000fc000
00110710	GAME_UNIQUE	93	UNNAMED	FUN_00110710
0011dd50	GAME_PORTABLE	93	UNNAMED	FUN_0011dd50
0012e300	GAME_PORTABLE	93	UNNAMED	FUN_0012e300
00138260	GAME_UNIQUE	93	UNNAMED	FUN_00138260
0013c780	GAME_PORTABLE	93	UNNAMED	FUN_0013c780
00145240	GAME_UNIQUE	93	UNNAMED	FUN_00145240
00147d80	GAME_UNIQUE	93	UNNAMED	FUN_00147d80
00164a30	GAME_UNIQUE	93	UNNAMED	FUN_00164a30
00164c80	GAME_UNIQUE	93	UNNAMED	FUN_00164c80
00174400	GAME_UNIQUE	93	UNNAMED	FUN_00174400
001752b0	GAME_UNIQUE	93	UNNAMED	FUN_001752b0
0018c4f0	GAME_UNIQUE	93	UNNAMED	FUN_0018c4f0
00271480	GAME_UNIQUE	93	UNNAMED	FUN_00271480
000162e0	GAME_UNIQUE	92	named	SpatialPool_InitLinksAndBuffers_588
00072ab0	GAME_UNIQUE	92	named	CGame::vfunc39
00085cf0	GAME_UNIQUE	92	UNNAMED	FUN_00085cf0
000a70e0	GAME_UNIQUE	92	UNNAMED	FUN_000a70e0
000a7540	GAME_UNIQUE	92	UNNAMED	FUN_000a7540
000c6dc0	GAME_UNIQUE	92	UNNAMED	FUN_000c6dc0
0014bc00	GAME_UNIQUE	92	UNNAMED	FUN_0014bc00
00168f90	GAME_UNIQUE	92	UNNAMED	FUN_00168f90
001cd220	GAME_UNIQUE	92	UNNAMED	FUN_001cd220
00055f70	GAME_UNIQUE	91	UNNAMED	FUN_00055f70
00066e90	GAME_UNIQUE	91	UNNAMED	FUN_00066e90
000c9820	GAME_PORTABLE	91	UNNAMED	FUN_000c9820
000d6f30	GAME_UNIQUE	91	named	CCEAtkTeleport::vfunc259
000ee150	GAME_UNIQUE	91	UNNAMED	FUN_000ee150
000f7800	GAME_PORTABLE	91	named	CAI::vfunc133
0013aac0	GAME_UNIQUE	91	UNNAMED	FUN_0013aac0
0013de30	GAME_PORTABLE	91	UNNAMED	FUN_0013de30
00154d70	GAME_UNIQUE	91	named	CHud::vfunc17
00173020	GAME_UNIQUE	91	named	CMenuItem::vfunc3
0018c680	GAME_UNIQUE	91	UNNAMED	FUN_0018c680
003407a0	GAME_UNIQUE	91	UNNAMED	FUN_003407a0
0034b90a	GAME_UNIQUE	91	UNNAMED	FUN_0034b90a
0037908e	GAME_UNIQUE	91	UNNAMED	FUN_0037908e
000392a0	GAME_UNIQUE	90	UNNAMED	FUN_000392a0
00046cc0	GAME_UNIQUE	90	named	CAffectableHarmEntity::vfunc51
0007e5a0	GAME_UNIQUE	90	named	CInventorySystem::vfunc0
0007fa70	GAME_UNIQUE	90	named	CInventorySystem::vfunc47
00085e60	GAME_UNIQUE	90	UNNAMED	FUN_00085e60
0008dd20	GAME_UNIQUE	90	named	CPathGrid::vfunc10
0008dfe0	GAME_UNIQUE	90	named	CPathGrid::vfunc11
00093880	GAME_UNIQUE	90	UNNAMED	FUN_00093880
000c9910	GAME_UNIQUE	90	UNNAMED	FUN_000c9910
000d6850	GAME_UNIQUE	90	UNNAMED	FUN_000d6850
000dc920	GAME_UNIQUE	90	named	CCHBoredLoop::vfunc509
000ed500	GAME_UNIQUE	90	UNNAMED	FUN_000ed500
000fc260	GAME_UNIQUE	90	UNNAMED	FUN_000fc260
0013b410	XMEN_SERIES	90	named	CModelParticleCloud::vfunc4
00144730	GAME_UNIQUE	90	UNNAMED	FUN_00144730
00149d80	GAME_UNIQUE	90	named	CXmlCache::vfunc4
00165cc0	GAME_UNIQUE	90	UNNAMED	FUN_00165cc0
00176900	GAME_UNIQUE	90	UNNAMED	FUN_00176900
00269890	GAME_UNIQUE	90	UNNAMED	FUN_00269890
002be3b0	GAME_UNIQUE	90	UNNAMED	FUN_002be3b0
003ac7ed	GAME_UNIQUE	90	UNNAMED	FUN_003ac7ed
003c3238	GAME_UNIQUE	90	UNNAMED	FUN_003c3238
00048690	GAME_UNIQUE	89	UNNAMED	FUN_00048690
00049a20	GAME_UNIQUE	89	UNNAMED	FUN_00049a20
00052a80	GAME_UNIQUE	89	UNNAMED	FUN_00052a80
0006ea10	GAME_PORTABLE	89	UNNAMED	FUN_0006ea10
0007cc20	GAME_UNIQUE	89	UNNAMED	FUN_0007cc20
0007d290	GAME_UNIQUE	89	UNNAMED	FUN_0007d290
0008d490	GAME_UNIQUE	89	UNNAMED	FUN_0008d490
000d75a0	GAME_UNIQUE	89	UNNAMED	FUN_000d75a0
000d8590	GAME_UNIQUE	89	named	CCEAtkTeleport::vfunc427
00108600	GAME_UNIQUE	89	UNNAMED	FUN_00108600
001336a0	GAME_PORTABLE	89	UNNAMED	FUN_001336a0
00135c90	GAME_UNIQUE	89	named	CModelIGB::vfunc34
001485d0	GAME_UNIQUE	89	UNNAMED	FUN_001485d0
0016d450	GAME_PORTABLE	89	UNNAMED	FUN_0016d450
0019aa90	GAME_UNIQUE	89	UNNAMED	FUN_0019aa90
00205a30	GAME_UNIQUE	89	UNNAMED	FUN_00205a30
00259fd0	GAME_UNIQUE	89	UNNAMED	FUN_00259fd0
00290710	GAME_UNIQUE	89	UNNAMED	FUN_00290710
00365710	GAME_UNIQUE	89	named	D3D8__CDevice_SetStateUP
003724a9	GAME_UNIQUE	89	UNNAMED	FUN_003724a9
00028dc0	GAME_UNIQUE	88	UNNAMED	FUN_00028dc0
00046dd0	GAME_UNIQUE	88	named	CAffectableHarmEntity::vfunc42
00067df0	GAME_UNIQUE	88	UNNAMED	FUN_00067df0
00075ba0	GAME_UNIQUE	88	named	tmpl__AV_COnlyOneEvent_VCActor_VEFirstEquipment_::vfunc112
00099be0	GAME_UNIQUE	88	named	CPythonGameInterface::vfunc12
000a5a50	GAME_UNIQUE	88	UNNAMED	FUN_000a5a50
000f2350	GAME_UNIQUE	88	UNNAMED	FUN_000f2350
00126480	GAME_UNIQUE	88	named	TiXmlComment::vfunc13
0013d050	GAME_UNIQUE	88	named	CMotionPath::vfunc11
00144c60	GAME_UNIQUE	88	UNNAMED	FUN_00144c60
002570a0	GAME_UNIQUE	88	UNNAMED	FUN_002570a0
00295400	GAME_UNIQUE	88	UNNAMED	FUN_00295400
002fb395	GAME_UNIQUE	88	UNNAMED	FUN_002fb395
003bf580	GAME_UNIQUE	88	named	XAPILIB__MU_Init
000301e0	GAME_UNIQUE	87	UNNAMED	FUN_000301e0
0003f5f0	GAME_UNIQUE	87	UNNAMED	FUN_0003f5f0
000672d0	GAME_UNIQUE	87	named	tmpl__AV_COnlyOneEvent_VCActor_VEFirstEquipment_::vfunc52
000746e0	GAME_UNIQUE	87	UNNAMED	FUN_000746e0
000ae780	GAME_UNIQUE	87	UNNAMED	FUN_000ae780
000b5e00	GAME_UNIQUE	87	named	CTalent::vfunc11
000bfd60	GAME_UNIQUE	87	UNNAMED	FUN_000bfd60
000cb550	GAME_UNIQUE	87	UNNAMED	FUN_000cb550
000d65c0	GAME_UNIQUE	87	named	CCEAtkTeleport::vfunc28
000e2220	GAME_UNIQUE	87	UNNAMED	FUN_000e2220
0010e4e0	GAME_UNIQUE	87	UNNAMED	FUN_0010e4e0
00127240	GAME_UNIQUE	87	named	TiXmlElement::vfunc3
0012de80	GAME_UNIQUE	87	UNNAMED	FUN_0012de80
00131500	GAME_UNIQUE	87	UNNAMED	FUN_00131500
0017a900	GAME_UNIQUE	87	named	CMenuItemModel::vfunc14
00181450	GAME_UNIQUE	87	named	tmpl__AV_tree_base_U_value_semantics_node_V_handle_str_01_00Vtree_node_ratl_storage_ratl_ratl_::vfunc80
0019d802	GAME_UNIQUE	87	UNNAMED	FUN_0019d802
00249ad0	GAME_UNIQUE	87	UNNAMED	FUN_00249ad0
0024e720	GAME_UNIQUE	87	UNNAMED	FUN_0024e720
002a6de0	GAME_UNIQUE	87	UNNAMED	FUN_002a6de0
00364e60	GAME_UNIQUE	87	UNNAMED	FUN_00364e60
0003b2e0	GAME_UNIQUE	86	UNNAMED	FUN_0003b2e0
00056f10	GAME_UNIQUE	86	named	tmpl__AV_map_vs_V_handle_str_0A_E_0PP_ratl_::vfunc45
000769f0	GAME_UNIQUE	86	UNNAMED	FUN_000769f0
000afa90	GAME_UNIQUE	86	UNNAMED	FUN_000afa90
000d8ec0	GAME_UNIQUE	86	named	CCEAtkTeleport::vfunc446
000ddb40	GAME_UNIQUE	86	named	CCombatNodeHandler::vfunc233
000ecdf0	GAME_UNIQUE	86	UNNAMED	FUN_000ecdf0
00118450	GAME_UNIQUE	86	named	IInput::vfunc38
001247e0	GAME_UNIQUE	86	named	tmpl__AV_tree_base_U_value_semantics_node_V_string_vs_0BAA_ratl_04Vtree_node_2_storage_ratl_ratl_::vfunc36
00130150	GAME_UNIQUE	86	UNNAMED	FUN_00130150
001475c0	GAME_UNIQUE	86	named	tmpl__AV_ISafeResMgr_VITexture_::vfunc32
00148e30	GAME_UNIQUE	86	UNNAMED	FUN_00148e30
00173630	GAME_UNIQUE	86	named	CMenuItem::vfunc16
00186140	GAME_UNIQUE	86	UNNAMED	FUN_00186140
0018bc10	GAME_UNIQUE	86	UNNAMED	FUN_0018bc10
0019d2f2	GAME_UNIQUE	86	UNNAMED	FUN_0019d2f2
00225e00	GAME_UNIQUE	86	UNNAMED	FUN_00225e00
0001f140	GAME_UNIQUE	85	named	SpatialEntity_IntegrateAndDisplace
00032dd0	GAME_UNIQUE	85	named	CActor::vfunc32
0004f0d0	GAME_UNIQUE	85	named	CCamera::vfunc88
00052920	GAME_UNIQUE	85	UNNAMED	FUN_00052920
00058660	GAME_UNIQUE	85	UNNAMED	FUN_00058660
000826f0	GAME_UNIQUE	85	UNNAMED	FUN_000826f0
00089290	GAME_UNIQUE	85	UNNAMED	FUN_00089290
000da570	GAME_UNIQUE	85	named	CCombatNodeHandler::vfunc195
000e2f20	GAME_UNIQUE	85	named	CCombatNode::vfunc63
000f7ae0	GAME_UNIQUE	85	named	CAI::vfunc3
000fa450	GAME_UNIQUE	85	UNNAMED	FUN_000fa450
000ff4d0	GAME_UNIQUE	85	UNNAMED	FUN_000ff4d0
0013bd90	GAME_UNIQUE	85	named	CModelParticleCloud::vfunc11
00165250	GAME_UNIQUE	85	UNNAMED	FUN_00165250
0016af80	GAME_UNIQUE	85	UNNAMED	FUN_0016af80
00179300	GAME_UNIQUE	85	UNNAMED	FUN_00179300
0017dfb0	GAME_UNIQUE	85	UNNAMED	FUN_0017dfb0
0018e210	GAME_UNIQUE	85	named	CUICommands::vfunc0
001ee2e0	GAME_UNIQUE	85	UNNAMED	FUN_001ee2e0
002758b0	GAME_UNIQUE	85	UNNAMED	FUN_002758b0
002af250	GAME_UNIQUE	85	UNNAMED	FUN_002af250
002fbaa6	GAME_UNIQUE	85	UNNAMED	FUN_002fbaa6
003ac580	GAME_UNIQUE	85	UNNAMED	FUN_003ac580
003ad1f8	GAME_UNIQUE	85	UNNAMED	FUN_003ad1f8
00011810	GAME_UNIQUE	84	named	engine_shutdown
000606d0	GAME_UNIQUE	84	named	CConversationSystem::vfunc12
000671d0	GAME_UNIQUE	84	UNNAMED	FUN_000671d0
0006cdb0	GAME_UNIQUE	84	UNNAMED	FUN_0006cdb0
00096370	GAME_UNIQUE	84	UNNAMED	FUN_00096370
000b6520	GAME_UNIQUE	84	UNNAMED	FUN_000b6520
000d8d20	XMEN_SERIES	84	named	CCEAtkTeleport::vfunc424
000de740	GAME_UNIQUE	84	named	CCombatNodeHandler::vfunc55
000e41d0	GAME_UNIQUE	84	named	CCEAtkSpawnProjectile::vfunc18
000fa310	GAME_UNIQUE	84	UNNAMED	FUN_000fa310
00124e90	GAME_UNIQUE	84	named	tmpl__AV_tree_base_U_value_semantics_node_V_string_vs_0BAA_ratl_04Vtree_node_2_storage_ratl_ratl_::vfunc33
00146530	GAME_UNIQUE	84	UNNAMED	FUN_00146530
00164510	GAME_UNIQUE	84	UNNAMED	FUN_00164510
00177b00	GAME_PORTABLE	84	UNNAMED	FUN_00177b00
0017d8b0	GAME_UNIQUE	84	UNNAMED	FUN_0017d8b0
001d3580	GAME_UNIQUE	84	UNNAMED	FUN_001d3580
001f7b90	GAME_UNIQUE	84	UNNAMED	FUN_001f7b90
00226ed0	GAME_UNIQUE	84	UNNAMED	FUN_00226ed0
00281c10	GAME_UNIQUE	84	UNNAMED	FUN_00281c10
002992c0	GAME_UNIQUE	84	UNNAMED	FUN_002992c0
003b8f9c	GAME_UNIQUE	84	UNNAMED	FUN_003b8f9c
003c4eb5	GAME_UNIQUE	84	UNNAMED	FUN_003c4eb5
00023a10	GAME_UNIQUE	83	UNNAMED	FUN_00023a10
0002cca0	GAME_UNIQUE	83	UNNAMED	FUN_0002cca0
0002e6f0	GAME_UNIQUE	83	UNNAMED	FUN_0002e6f0
00049b50	GAME_UNIQUE	83	UNNAMED	FUN_00049b50
00053270	XMEN_SERIES	83	UNNAMED	FUN_00053270
0005ff50	GAME_UNIQUE	83	UNNAMED	FUN_0005ff50
00060f00	GAME_UNIQUE	83	UNNAMED	FUN_00060f00
00065e30	GAME_UNIQUE	83	named	tmpl__AV_CEntityFactory_VCDoorEntity_VCPhysicalEntity_::vfunc10
0009eff0	GAME_UNIQUE	83	UNNAMED	FUN_0009eff0
000ac910	GAME_UNIQUE	83	UNNAMED	FUN_000ac910
000c90b0	GAME_UNIQUE	83	UNNAMED	FUN_000c90b0
000d8fe0	GAME_UNIQUE	83	named	CCEAtkTeleport::vfunc328
000dc3b0	GAME_UNIQUE	83	named	CCombatNodeHandler::vfunc272
000e1f70	GAME_PORTABLE	83	UNNAMED	FUN_000e1f70
001016c0	GAME_UNIQUE	83	UNNAMED	FUN_001016c0
00102300	GAME_UNIQUE	83	UNNAMED	FUN_00102300
0015aa30	GAME_UNIQUE	83	UNNAMED	FUN_0015aa30
001751d0	GAME_UNIQUE	83	UNNAMED	FUN_001751d0
0017b060	GAME_UNIQUE	83	named	CMenuItemShop::vfunc26
001815f0	GAME_UNIQUE	83	named	tmpl__AV_tree_base_U_value_semantics_node_V_handle_str_01_00Vtree_node_ratl_storage_ratl_ratl_::vfunc76
002039a0	GAME_UNIQUE	83	UNNAMED	FUN_002039a0
00284410	GAME_UNIQUE	83	UNNAMED	FUN_00284410
000255f0	GAME_PORTABLE	82	named	BitArray10_ScanAndClear
000476e0	GAME_PORTABLE	82	UNNAMED	FUN_000476e0
00047f80	GAME_UNIQUE	82	UNNAMED	FUN_00047f80
00051dd0	GAME_UNIQUE	82	UNNAMED	FUN_00051dd0
00053800	GAME_UNIQUE	82	UNNAMED	FUN_00053800
0005a8f0	GAME_UNIQUE	82	UNNAMED	FUN_0005a8f0
0007e6e0	GAME_UNIQUE	82	named	CInventorySystem::vfunc1
000a0490	GAME_UNIQUE	82	UNNAMED	FUN_000a0490
000a4fc0	GAME_UNIQUE	82	UNNAMED	FUN_000a4fc0
000be730	GAME_UNIQUE	82	named	IWorld::vfunc50
000c9a00	GAME_UNIQUE	82	UNNAMED	FUN_000c9a00
000cbb30	GAME_UNIQUE	82	UNNAMED	FUN_000cbb30
000d1ef0	GAME_UNIQUE	82	UNNAMED	FUN_000d1ef0
000df4a0	GAME_UNIQUE	82	UNNAMED	FUN_000df4a0
000ea080	GAME_UNIQUE	82	UNNAMED	FUN_000ea080
0011bb70	GAME_UNIQUE	82	UNNAMED	FUN_0011bb70
0011c240	GAME_UNIQUE	82	UNNAMED	FUN_0011c240
001214a0	GAME_UNIQUE	82	UNNAMED	FUN_001214a0
00121580	GAME_PORTABLE	82	UNNAMED	FUN_00121580
0012c020	GAME_UNIQUE	82	UNNAMED	FUN_0012c020
0013d630	GAME_PORTABLE	82	UNNAMED	FUN_0013d630
0014af60	GAME_UNIQUE	82	UNNAMED	FUN_0014af60
0014b040	GAME_PORTABLE	82	UNNAMED	FUN_0014b040
001501c0	GAME_UNIQUE	82	UNNAMED	FUN_001501c0
00163f20	GAME_UNIQUE	82	UNNAMED	FUN_00163f20
0016b400	GAME_UNIQUE	82	UNNAMED	FUN_0016b400
001c3dc0	GAME_UNIQUE	82	UNNAMED	FUN_001c3dc0
002536a0	GAME_UNIQUE	82	UNNAMED	FUN_002536a0
002701e0	GAME_UNIQUE	82	UNNAMED	FUN_002701e0
0029cc80	GAME_UNIQUE	82	UNNAMED	FUN_0029cc80
0035cec0	XMEN_SERIES	82	UNNAMED	FUN_0035cec0
00070570	GAME_UNIQUE	81	named	CGame::vfunc102
00078d40	GAME_UNIQUE	81	UNNAMED	FUN_00078d40
0007a910	GAME_UNIQUE	81	named	CSoundDebounce::vfunc6
0009aa80	GAME_UNIQUE	81	named	CPythonGameInterface::vfunc3
0009c780	GAME_UNIQUE	81	UNNAMED	FUN_0009c780
000add50	GAME_UNIQUE	81	UNNAMED	FUN_000add50
000af720	GAME_UNIQUE	81	UNNAMED	FUN_000af720
000c5ce0	GAME_UNIQUE	81	UNNAMED	FUN_000c5ce0
000d0d6c	GAME_UNIQUE	81	UNNAMED	FUN_000d0d6c
000d4830	GAME_UNIQUE	81	UNNAMED	FUN_000d4830
000d6970	GAME_UNIQUE	81	named	CCEAtkTeleport::vfunc270
000f0420	GAME_UNIQUE	81	named	CAIRangedAttackHandler::vfunc30
00125360	GAME_UNIQUE	81	named	tmpl__AV_tree_base_U_value_semantics_node_V_string_vs_0BAA_ratl_04Vtree_node_2_storage_ratl_ratl_::vfunc29
0013fdd0	GAME_UNIQUE	81	named	INodeCaches::vfunc13
00145150	GAME_UNIQUE	81	UNNAMED	FUN_00145150
00165ed0	GAME_UNIQUE	81	UNNAMED	FUN_00165ed0
00168ce0	GAME_UNIQUE	81	UNNAMED	FUN_00168ce0
0016aa60	GAME_UNIQUE	81	UNNAMED	FUN_0016aa60
0016dc20	GAME_UNIQUE	81	named	CMenuCodex::vfunc13
00176c20	GAME_UNIQUE	81	UNNAMED	FUN_00176c20
00184100	GAME_UNIQUE	81	UNNAMED	FUN_00184100
0019cb9e	GAME_UNIQUE	81	UNNAMED	FUN_0019cb9e
0026dc50	GAME_UNIQUE	81	UNNAMED	FUN_0026dc50
00284a30	GAME_UNIQUE	81	UNNAMED	FUN_00284a30
002f2710	GAME_UNIQUE	81	UNNAMED	FUN_002f2710
00326050	GAME_UNIQUE	81	UNNAMED	FUN_00326050
00363070	GAME_UNIQUE	81	UNNAMED	FUN_00363070
0002a630	GAME_UNIQUE	80	UNNAMED	FUN_0002a630
00043650	GAME_UNIQUE	80	UNNAMED	FUN_00043650
000590d0	GAME_UNIQUE	80	UNNAMED	FUN_000590d0
0005d120	GAME_UNIQUE	80	UNNAMED	FUN_0005d120
0005f080	GAME_UNIQUE	80	UNNAMED	FUN_0005f080
00084cc0	GAME_PORTABLE	80	UNNAMED	FUN_00084cc0
000913e0	GAME_PORTABLE	80	UNNAMED	FUN_000913e0
0009a0e0	GAME_UNIQUE	80	UNNAMED	FUN_0009a0e0
000b97a0	GAME_UNIQUE	80	UNNAMED	FUN_000b97a0
000bcd60	XMEN_SERIES	80	UNNAMED	FUN_000bcd60
000fe160	GAME_PORTABLE	80	UNNAMED	FUN_000fe160
001090b0	GAME_UNIQUE	80	UNNAMED	FUN_001090b0
00117280	GAME_PORTABLE	80	UNNAMED	FUN_00117280
00139220	GAME_UNIQUE	80	UNNAMED	FUN_00139220
0013f970	GAME_PORTABLE	80	UNNAMED	FUN_0013f970
0014b120	GAME_PORTABLE	80	UNNAMED	FUN_0014b120
00154c20	GAME_UNIQUE	80	named	CHud::vfunc16
001553b0	GAME_PORTABLE	80	UNNAMED	FUN_001553b0
00160a40	GAME_UNIQUE	80	named	CMenu::vfunc13
00164b60	GAME_PORTABLE	80	UNNAMED	FUN_00164b60
0016be00	GAME_UNIQUE	80	named	CMenuBlackbird::vfunc10
0016f890	GAME_UNIQUE	80	UNNAMED	FUN_0016f890
0017e2c0	GAME_UNIQUE	80	UNNAMED	FUN_0017e2c0
00184fd0	GAME_UNIQUE	80	named	tmpl__AV_tree_base_U_value_semantics_node_V_handle_str_01_00Vtree_node_ratl_storage_ratl_ratl_::vfunc49
0018bb30	GAME_PORTABLE	80	UNNAMED	FUN_0018bb30
001bf590	XMEN_SERIES	80	UNNAMED	FUN_001bf590
0024a440	GAME_UNIQUE	80	UNNAMED	FUN_0024a440
0029cad0	GAME_UNIQUE	80	UNNAMED	FUN_0029cad0
00014290	GAME_UNIQUE	79	named	AudioNode_IntegrateAndComputeDirection
00019c20	GAME_UNIQUE	79	named	tmpl__AV_tree_base_U_value_semantics_node_USFxFileRecord_CFxTemplateManager_0KP_Vtree_node_ratl_stora::vfunc31
00019e20	GAME_UNIQUE	79	named	tmpl__AV_tree_base_U_value_semantics_node_USFxFileRecord_CFxTemplateManager_0KP_Vtree_node_ratl_stora::vfunc33
0002b720	GAME_UNIQUE	79	UNNAMED	FUN_0002b720
0003b410	GAME_UNIQUE	79	UNNAMED	FUN_0003b410
0003ce60	GAME_UNIQUE	79	UNNAMED	FUN_0003ce60
000521f0	GAME_UNIQUE	79	UNNAMED	FUN_000521f0
000db0e0	GAME_UNIQUE	79	UNNAMED	FUN_000db0e0
000dcf30	GAME_UNIQUE	79	named	CCombatNodeHandler::vfunc19
000dd060	GAME_UNIQUE	79	named	CCombatNodeHandler::vfunc22
000eb4f0	GAME_UNIQUE	79	named	CFightStyle::vfunc7
0010ec60	GAME_UNIQUE	79	UNNAMED	FUN_0010ec60
00139790	GAME_UNIQUE	79	named	CModelIGB::vfunc60
00149180	GAME_UNIQUE	79	UNNAMED	FUN_00149180
0014d6a0	GAME_UNIQUE	79	named	CZonePlayfield::vfunc0
001523b0	GAME_UNIQUE	79	UNNAMED	FUN_001523b0
00157d20	GAME_UNIQUE	79	named	CHud::vfunc2
00164140	GAME_UNIQUE	79	UNNAMED	FUN_00164140
001643e0	GAME_UNIQUE	79	UNNAMED	FUN_001643e0
00174920	GAME_UNIQUE	79	named	CMenuItemBinary::vfunc12
00177e40	GAME_UNIQUE	79	named	CMenuItemList::vfunc15
00185e40	GAME_UNIQUE	79	named	CPopupDialog::vfunc4
00186420	GAME_UNIQUE	79	UNNAMED	FUN_00186420
0018d560	GAME_UNIQUE	79	UNNAMED	FUN_0018d560
0019ebab	GAME_UNIQUE	79	UNNAMED	FUN_0019ebab
002549e0	GAME_UNIQUE	79	UNNAMED	FUN_002549e0
0002ce70	GAME_UNIQUE	78	UNNAMED	FUN_0002ce70
00048860	GAME_UNIQUE	78	UNNAMED	FUN_00048860
0004bb90	GAME_UNIQUE	78	UNNAMED	FUN_0004bb90
00056a50	GAME_UNIQUE	78	named	tmpl__AV_map_vs_V_handle_str_0A_E_0PP_ratl_::vfunc14
0005e360	GAME_UNIQUE	78	UNNAMED	FUN_0005e360
00060df0	GAME_UNIQUE	78	UNNAMED	FUN_00060df0
00077e00	GAME_UNIQUE	78	named	tmpl__AV_COnlyOneEvent_VCActor_VEFirstEquipment_::vfunc55
0009fa00	GAME_UNIQUE	78	UNNAMED	FUN_0009fa00
000ad300	GAME_PORTABLE	78	named	CShadowMgr::vfunc3
000c0e00	GAME_UNIQUE	78	UNNAMED	FUN_000c0e00
000f8c00	GAME_UNIQUE	78	named	CAI::vfunc71
00107140	GAME_UNIQUE	78	UNNAMED	FUN_00107140
00127a10	GAME_UNIQUE	78	named	TiXmlElement::vfunc9
00139100	GAME_UNIQUE	78	named	CModelIGB::vfunc52
0014e350	GAME_UNIQUE	78	UNNAMED	FUN_0014e350
00173160	GAME_UNIQUE	78	named	CMenuItem::vfunc5
00191020	GAME_UNIQUE	78	UNNAMED	FUN_00191020
00234ca0	GAME_UNIQUE	78	UNNAMED	FUN_00234ca0
00254e10	GAME_UNIQUE	78	UNNAMED	FUN_00254e10
00260160	GAME_UNIQUE	78	UNNAMED	FUN_00260160
002cec59	GAME_UNIQUE	78	UNNAMED	FUN_002cec59
00309bc0	GAME_UNIQUE	78	UNNAMED	FUN_00309bc0
00368260	GAME_UNIQUE	78	UNNAMED	FUN_00368260
003c3538	GAME_UNIQUE	78	UNNAMED	FUN_003c3538
000167f0	GAME_UNIQUE	77	UNNAMED	FUN_000167f0
0002fdf0	GAME_UNIQUE	77	UNNAMED	FUN_0002fdf0
0003a520	GAME_UNIQUE	77	UNNAMED	FUN_0003a520
0005d5c0	GAME_UNIQUE	77	UNNAMED	FUN_0005d5c0
000783d0	GAME_UNIQUE	77	named	tmpl__AV_COnlyOneEvent_VCActor_VEFirstEquipment_::vfunc94
00094f00	GAME_UNIQUE	77	UNNAMED	FUN_00094f00
00098270	GAME_UNIQUE	77	named	CProjectileTornadoEntity::vfunc111
000a7940	GAME_UNIQUE	77	UNNAMED	FUN_000a7940
000b11e0	GAME_UNIQUE	77	UNNAMED	FUN_000b11e0
000b5f40	GAME_UNIQUE	77	UNNAMED	FUN_000b5f40
000da3c0	GAME_UNIQUE	77	named	CCombatNodeHandler::vfunc172
000e11d0	GAME_UNIQUE	77	named	CCombatNodeHandler::vfunc350
000e1a20	GAME_UNIQUE	77	named	CCombatNode::vfunc3
000fde60	GAME_UNIQUE	77	UNNAMED	FUN_000fde60
0011f820	GAME_UNIQUE	77	UNNAMED	FUN_0011f820
00120120	GAME_UNIQUE	77	UNNAMED	FUN_00120120
00138540	XMEN_SERIES	77	UNNAMED	FUN_00138540
00150d50	GAME_UNIQUE	77	named	tmpl__AV_tree_base_U_value_semantics_node_USFileRecord_CSoundSystem_0BCC_Vtree_node_ratl_storage_ratl::vfunc72
0015e090	GAME_UNIQUE	77	named	CHudCharacter::vfunc11
00163c00	GAME_UNIQUE	77	named	CMenu::vfunc17
0016ea90	GAME_UNIQUE	77	named	CMenuCredits::vfunc12
0034a094	GAME_UNIQUE	77	named	__filbuf
00070090	GAME_UNIQUE	76	named	CGame::vfunc81
00076610	XMEN_SERIES	76	UNNAMED	FUN_00076610
0009abe0	GAME_UNIQUE	76	named	CPythonGameInterface::vfunc14
000a6340	GAME_UNIQUE	76	UNNAMED	FUN_000a6340
000b1ba0	GAME_UNIQUE	76	UNNAMED	FUN_000b1ba0
000bea80	GAME_UNIQUE	76	named	IWorld::vfunc62
00119790	GAME_UNIQUE	76	named	CInput::vfunc1
0013b8c0	GAME_UNIQUE	76	named	CModelParticleCloud::vfunc7
0014fbe0	GAME_UNIQUE	76	named	tmpl__AV_tree_base_U_value_semantics_node_USFileRecord_CSoundSystem_0BCC_Vtree_node_ratl_storage_ratl::vfunc82
00165ba0	GAME_UNIQUE	76	UNNAMED	FUN_00165ba0
00178150	GAME_UNIQUE	76	named	CMenuItemListBox::vfunc29
00179450	GAME_UNIQUE	76	named	CMenuItemListBox::vfunc24
00183530	GAME_PORTABLE	76	named	tmpl__AV_tree_base_U_value_semantics_node_V_handle_str_01_00Vtree_node_ratl_storage_ratl_ratl_::vfunc83
00241e40	XMEN_SERIES	76	UNNAMED	FUN_00241e40
0024f620	XMEN_SERIES	76	UNNAMED	FUN_0024f620
002548f0	GAME_UNIQUE	76	UNNAMED	FUN_002548f0
0025aad0	GAME_UNIQUE	76	UNNAMED	FUN_0025aad0
0027c840	GAME_UNIQUE	76	UNNAMED	FUN_0027c840
0034ba19	XMEN_SERIES	76	UNNAMED	FUN_0034ba19
0034c765	GAME_UNIQUE	76	UNNAMED	FUN_0034c765
0001c440	GAME_UNIQUE	75	UNNAMED	FUN_0001c440
00029530	GAME_UNIQUE	75	UNNAMED	FUN_00029530
00047e80	GAME_UNIQUE	75	UNNAMED	FUN_00047e80
00052510	GAME_UNIQUE	75	UNNAMED	FUN_00052510
00063960	GAME_PORTABLE	75	UNNAMED	FUN_00063960
00066080	GAME_UNIQUE	75	UNNAMED	FUN_00066080
00069110	GAME_UNIQUE	75	named	IEntityDefinitions::vfunc27
00078290	GAME_UNIQUE	75	UNNAMED	FUN_00078290
0009a930	GAME_UNIQUE	75	UNNAMED	FUN_0009a930
000a7a70	GAME_UNIQUE	75	UNNAMED	FUN_000a7a70
000d0050	GAME_UNIQUE	75	named	CCEAtkSpawnProjectile::vfunc17
000d7bc0	GAME_UNIQUE	75	named	CCEAtkTeleport::vfunc306
000d7f50	GAME_UNIQUE	75	named	CCEAtkTeleport::vfunc295
000df3b0	GAME_UNIQUE	75	UNNAMED	FUN_000df3b0
00101510	GAME_UNIQUE	75	UNNAMED	FUN_00101510
00103740	GAME_UNIQUE	75	UNNAMED	FUN_00103740
0011db60	GAME_UNIQUE	75	named	CFileBundleMgr::vfunc5
00135220	GAME_UNIQUE	75	named	IModelComponent::vfunc63
00144b50	GAME_UNIQUE	75	UNNAMED	FUN_00144b50
0016cea0	GAME_UNIQUE	75	named	CMenuBlackbird::vfunc15
0016f120	GAME_UNIQUE	75	UNNAMED	FUN_0016f120
00172880	GAME_UNIQUE	75	UNNAMED	FUN_00172880
002675f0	GAME_UNIQUE	75	UNNAMED	FUN_002675f0
0032cd50	GAME_UNIQUE	75	UNNAMED	FUN_0032cd50
0037146f	GAME_UNIQUE	75	UNNAMED	FUN_0037146f
00027950	GAME_UNIQUE	74	UNNAMED	FUN_00027950
00030df0	GAME_UNIQUE	74	UNNAMED	FUN_00030df0
00032f10	GAME_UNIQUE	74	UNNAMED	FUN_00032f10
00082330	GAME_UNIQUE	74	UNNAMED	FUN_00082330
000a3000	GAME_UNIQUE	74	named	CRequire::vfunc2
000b4b30	GAME_UNIQUE	74	named	CTalentSystem::vfunc4
000f4a70	GAME_UNIQUE	74	UNNAMED	FUN_000f4a70
0010cac0	GAME_UNIQUE	74	UNNAMED	FUN_0010cac0
00131190	GAME_UNIQUE	74	UNNAMED	FUN_00131190
00141e70	GAME_UNIQUE	74	named	INodeCaches::vfunc93
0016a740	GAME_UNIQUE	74	named	CMenuBlackbird::vfunc6
0016df70	GAME_UNIQUE	74	UNNAMED	FUN_0016df70
0017f790	GAME_UNIQUE	74	named	CMenuOptionsController::vfunc16
00182c00	GAME_UNIQUE	74	UNNAMED	FUN_00182c00
001833a0	GAME_UNIQUE	74	named	tmpl__AV_tree_base_U_value_semantics_node_V_handle_str_01_00Vtree_node_ratl_storage_ratl_ratl_::vfunc60
00262c70	GAME_UNIQUE	74	UNNAMED	FUN_00262c70
003457c0	GAME_UNIQUE	74	UNNAMED	FUN_003457c0
00366d2d	GAME_UNIQUE	74	UNNAMED	FUN_00366d2d
003ac70f	GAME_UNIQUE	74	UNNAMED	FUN_003ac70f
00026300	GAME_UNIQUE	73	UNNAMED	FUN_00026300
0002d920	GAME_UNIQUE	73	UNNAMED	FUN_0002d920
0002ff20	GAME_UNIQUE	73	UNNAMED	FUN_0002ff20
000300e0	GAME_UNIQUE	73	UNNAMED	FUN_000300e0
000393d0	GAME_UNIQUE	73	UNNAMED	FUN_000393d0
00047be0	GAME_UNIQUE	73	UNNAMED	FUN_00047be0
0006b5a0	GAME_UNIQUE	73	UNNAMED	FUN_0006b5a0
000770f0	GAME_UNIQUE	73	UNNAMED	FUN_000770f0
0007aef0	GAME_UNIQUE	73	UNNAMED	FUN_0007aef0
0007aff0	GAME_UNIQUE	73	named	CSoundDebounce::vfunc10
0009c170	GAME_UNIQUE	73	UNNAMED	FUN_0009c170
000a7810	GAME_UNIQUE	73	UNNAMED	FUN_000a7810
000a9c10	GAME_UNIQUE	73	UNNAMED	FUN_000a9c10
000b5080	GAME_UNIQUE	73	named	CTalentSystem::vfunc12
000be1d0	GAME_UNIQUE	73	named	IWorld::vfunc51
000c6f30	GAME_UNIQUE	73	UNNAMED	FUN_000c6f30
000cce60	GAME_UNIQUE	73	UNNAMED	FUN_000cce60
000d40b0	GAME_UNIQUE	73	named	CCEAtkSpawnProjectile::vfunc102
00127ca0	GAME_UNIQUE	73	named	TiXmlComment::vfunc15
00140950	GAME_UNIQUE	73	named	INodeCaches::vfunc38
001459f0	GAME_UNIQUE	73	UNNAMED	FUN_001459f0
001590a0	GAME_UNIQUE	73	named	CHudCharacter::vfunc35
00174a60	GAME_UNIQUE	73	named	CMenuItemCharacters::vfunc12
0018b5a0	GAME_UNIQUE	73	UNNAMED	FUN_0018b5a0
001961c0	GAME_PORTABLE	73	UNNAMED	FUN_001961c0
00258b70	GAME_UNIQUE	73	UNNAMED	FUN_00258b70
002c1fd2	GAME_UNIQUE	73	UNNAMED	FUN_002c1fd2
0034c985	GAME_UNIQUE	73	UNNAMED	FUN_0034c985
003ab729	GAME_UNIQUE	73	UNNAMED	FUN_003ab729
003b8ec7	GAME_UNIQUE	73	UNNAMED	FUN_003b8ec7
0002c210	GAME_UNIQUE	72	UNNAMED	FUN_0002c210
0003c140	GAME_UNIQUE	72	UNNAMED	FUN_0003c140
00055680	GAME_UNIQUE	72	UNNAMED	FUN_00055680
0005d8f0	GAME_UNIQUE	72	UNNAMED	FUN_0005d8f0
00068060	GAME_UNIQUE	72	UNNAMED	FUN_00068060
0006cee0	GAME_UNIQUE	72	UNNAMED	FUN_0006cee0
0007e7f0	GAME_UNIQUE	72	named	CInventorySystem::vfunc2
000c0500	GAME_UNIQUE	72	UNNAMED	FUN_000c0500
000ca060	GAME_UNIQUE	72	UNNAMED	FUN_000ca060
000e9be0	GAME_UNIQUE	72	named	tmpl__AV_tree_base_U_value_semantics_node_V_handle_str_02_0BH_Vtree_node_ratl_storage_ratl_ratl_::vfunc19
000f4910	GAME_UNIQUE	72	named	CAIPattern::vfunc3
0014e470	GAME_UNIQUE	72	UNNAMED	FUN_0014e470
0014f450	GAME_UNIQUE	72	UNNAMED	FUN_0014f450
00154940	GAME_UNIQUE	72	UNNAMED	FUN_00154940
001580c0	GAME_UNIQUE	72	named	CHud::vfunc38
001581f0	GAME_UNIQUE	72	named	CHud::vfunc39
0016ebe0	GAME_UNIQUE	72	UNNAMED	FUN_0016ebe0
0017c250	GAME_UNIQUE	72	UNNAMED	FUN_0017c250
001872e0	GAME_UNIQUE	72	named	CPopupDialog::vfunc20
0019d732	GAME_UNIQUE	72	UNNAMED	FUN_0019d732
002031c0	GAME_UNIQUE	72	UNNAMED	FUN_002031c0
0022d130	GAME_UNIQUE	72	UNNAMED	FUN_0022d130
00253fb0	GAME_UNIQUE	72	UNNAMED	FUN_00253fb0
000116d0	GAME_UNIQUE	71	named	handle_engine_startup
00023b00	GAME_UNIQUE	71	UNNAMED	FUN_00023b00
0003cf50	XMEN_SERIES	71	UNNAMED	FUN_0003cf50
000482f0	GAME_UNIQUE	71	UNNAMED	FUN_000482f0
000a7c20	GAME_UNIQUE	71	UNNAMED	FUN_000a7c20
000c47e0	GAME_UNIQUE	71	UNNAMED	FUN_000c47e0
000d2f60	GAME_UNIQUE	71	named	CCEAtkSpawnProjectile::vfunc47
000d8ba0	GAME_UNIQUE	71	named	CCEAtkTeleport::vfunc438
000ebe20	GAME_UNIQUE	71	UNNAMED	FUN_000ebe20
000ed610	GAME_UNIQUE	71	UNNAMED	FUN_000ed610
00103230	GAME_UNIQUE	71	UNNAMED	FUN_00103230
00165590	GAME_UNIQUE	71	UNNAMED	FUN_00165590
0016d340	GAME_UNIQUE	71	UNNAMED	FUN_0016d340
001734d0	GAME_UNIQUE	71	named	CMenuItem::vfunc18
001862c0	GAME_UNIQUE	71	UNNAMED	FUN_001862c0
001d3260	GAME_UNIQUE	71	UNNAMED	FUN_001d3260
0021d080	GAME_UNIQUE	71	UNNAMED	FUN_0021d080
00267500	GAME_UNIQUE	71	UNNAMED	FUN_00267500
0027f300	GAME_UNIQUE	71	UNNAMED	FUN_0027f300
00282aa0	GAME_UNIQUE	71	UNNAMED	FUN_00282aa0
0037343b	GAME_UNIQUE	71	UNNAMED	FUN_0037343b
00013cc0	GAME_UNIQUE	70	named	Vector3_GenerateJitterAndTransform
0002bbd0	GAME_UNIQUE	70	UNNAMED	FUN_0002bbd0
00030700	GAME_UNIQUE	70	named	tmpl__AV_COnlyOneEvent_VCActor_VEFirstEquipment_::vfunc109
0003b4f0	GAME_UNIQUE	70	UNNAMED	FUN_0003b4f0
000557a0	GAME_UNIQUE	70	UNNAMED	FUN_000557a0
00057250	GAME_UNIQUE	70	named	tmpl__AV_map_vs_V_handle_str_0A_E_0PP_ratl_::vfunc58
000701b0	GAME_UNIQUE	70	named	CGame::vfunc89
0008cf10	GAME_UNIQUE	70	named	COptions::vfunc0
00094730	GAME_UNIQUE	70	UNNAMED	FUN_00094730
0009ecb0	GAME_UNIQUE	70	UNNAMED	FUN_0009ecb0
000de4a0	GAME_UNIQUE	70	named	CCombatNodeHandler::vfunc69
00138700	GAME_UNIQUE	70	UNNAMED	FUN_00138700
0014c610	GAME_UNIQUE	70	UNNAMED	FUN_0014c610
00170a50	GAME_UNIQUE	70	UNNAMED	FUN_00170a50
0019a7b0	GAME_UNIQUE	70	UNNAMED	FUN_0019a7b0
001ffc10	GAME_UNIQUE	70	UNNAMED	FUN_001ffc10
003075e0	GAME_UNIQUE	70	UNNAMED	FUN_003075e0
00378df9	GAME_UNIQUE	70	UNNAMED	FUN_00378df9
003a6198	GAME_UNIQUE	70	UNNAMED	FUN_003a6198
0002fcf0	GAME_UNIQUE	69	UNNAMED	FUN_0002fcf0
00043560	GAME_UNIQUE	69	UNNAMED	FUN_00043560
000546f0	GAME_UNIQUE	69	UNNAMED	FUN_000546f0
00059510	GAME_UNIQUE	69	UNNAMED	FUN_00059510
0005db10	GAME_UNIQUE	69	UNNAMED	FUN_0005db10
00062e20	GAME_UNIQUE	69	UNNAMED	FUN_00062e20
0007bf40	GAME_UNIQUE	69	UNNAMED	FUN_0007bf40
0007d470	GAME_UNIQUE	69	UNNAMED	FUN_0007d470
0008a350	GAME_UNIQUE	69	UNNAMED	FUN_0008a350
0009d400	GAME_UNIQUE	69	UNNAMED	FUN_0009d400
000c75f0	GAME_UNIQUE	69	UNNAMED	FUN_000c75f0
000c7e50	GAME_UNIQUE	69	UNNAMED	FUN_000c7e50
000db010	GAME_UNIQUE	69	named	CCombatNodeHandler::vfunc196
00121a60	GAME_UNIQUE	69	UNNAMED	FUN_00121a60
001267d0	GAME_UNIQUE	69	UNNAMED	FUN_001267d0
00128820	GAME_UNIQUE	69	named	TiXmlComment::vfunc10
00131d90	GAME_UNIQUE	69	named	CIGBInfoCache2::vfunc4
0013c960	GAME_UNIQUE	69	UNNAMED	FUN_0013c960
00157fa0	GAME_UNIQUE	69	named	CHud::vfunc40
00160ee0	GAME_UNIQUE	69	UNNAMED	FUN_00160ee0
00178220	GAME_UNIQUE	69	UNNAMED	FUN_00178220
0027f3d0	GAME_UNIQUE	69	UNNAMED	FUN_0027f3d0
002fc2b3	GAME_UNIQUE	69	UNNAMED	FUN_002fc2b3
003b5e7b	GAME_UNIQUE	69	UNNAMED	FUN_003b5e7b
00032140	GAME_UNIQUE	68	UNNAMED	FUN_00032140
00034e40	GAME_UNIQUE	68	named	CActor::vfunc86
0005bf20	GAME_UNIQUE	68	UNNAMED	FUN_0005bf20
0005f1c0	GAME_UNIQUE	68	UNNAMED	FUN_0005f1c0
0007f010	GAME_UNIQUE	68	UNNAMED	FUN_0007f010
00082250	GAME_UNIQUE	68	UNNAMED	FUN_00082250
00098fd0	GAME_UNIQUE	68	UNNAMED	FUN_00098fd0
0009e630	GAME_UNIQUE	68	UNNAMED	FUN_0009e630
000a3570	GAME_UNIQUE	68	UNNAMED	FUN_000a3570
000b7b60	GAME_UNIQUE	68	UNNAMED	FUN_000b7b60
000ce820	GAME_UNIQUE	68	named	CCEAtkTeleport::vfunc215
00107410	GAME_UNIQUE	68	UNNAMED	FUN_00107410
00113b70	GAME_UNIQUE	68	UNNAMED	FUN_00113b70
00127160	GAME_UNIQUE	68	UNNAMED	FUN_00127160
001310d0	GAME_UNIQUE	68	UNNAMED	FUN_001310d0
00140010	GAME_UNIQUE	68	named	INodeCaches::vfunc18
00140210	GAME_UNIQUE	68	named	INodeCaches::vfunc23
001404b0	GAME_UNIQUE	68	named	INodeCaches::vfunc28
001406b0	GAME_UNIQUE	68	named	INodeCaches::vfunc33
00140b10	GAME_UNIQUE	68	named	INodeCaches::vfunc43
00140d40	GAME_UNIQUE	68	named	INodeCaches::vfunc48
00140f70	GAME_UNIQUE	68	named	INodeCaches::vfunc53
001411d0	GAME_UNIQUE	68	named	INodeCaches::vfunc58
00141300	GAME_UNIQUE	68	named	INodeCaches::vfunc63
00141480	GAME_UNIQUE	68	named	INodeCaches::vfunc68
001416b0	GAME_UNIQUE	68	named	INodeCaches::vfunc73
001418e0	GAME_UNIQUE	68	named	INodeCaches::vfunc78
00141a50	GAME_UNIQUE	68	named	INodeCaches::vfunc83
00141bc0	GAME_UNIQUE	68	named	INodeCaches::vfunc88
00155740	GAME_UNIQUE	68	named	CHud::vfunc3
00156700	GAME_UNIQUE	68	named	CHud::vfunc0
0015ac60	GAME_UNIQUE	68	named	CHudCharacter::vfunc12
00179110	GAME_UNIQUE	68	UNNAMED	FUN_00179110
0017a7f0	GAME_UNIQUE	68	named	CMenuItemModel::vfunc12
0017bc70	GAME_UNIQUE	68	UNNAMED	FUN_0017bc70
0017e100	GAME_UNIQUE	68	named	CMenuItemTextBox::vfunc22
001821b0	GAME_UNIQUE	68	UNNAMED	FUN_001821b0
00252b40	GAME_UNIQUE	68	UNNAMED	FUN_00252b40
0035d670	GAME_UNIQUE	68	UNNAMED	FUN_0035d670
003c20d5	GAME_UNIQUE	68	UNNAMED	FUN_003c20d5
000304a0	GAME_UNIQUE	67	UNNAMED	FUN_000304a0
00046ba0	GAME_UNIQUE	67	UNNAMED	FUN_00046ba0
0004efc0	GAME_UNIQUE	67	UNNAMED	FUN_0004efc0
0005d3e0	GAME_UNIQUE	67	UNNAMED	FUN_0005d3e0
00075340	GAME_PORTABLE	67	UNNAMED	FUN_00075340
0007e2f0	GAME_UNIQUE	67	named	CInventorySystem::vfunc20
0008ca20	GAME_UNIQUE	67	UNNAMED	FUN_0008ca20
000912b0	GAME_UNIQUE	67	named	tmpl__AV_COnlyOneEvent_VCActor_VEFirstEquipment_::vfunc126
00096a60	GAME_UNIQUE	67	UNNAMED	FUN_00096a60
0009d030	GAME_UNIQUE	67	UNNAMED	FUN_0009d030
000a0af0	GAME_UNIQUE	67	UNNAMED	FUN_000a0af0
000afca0	GAME_UNIQUE	67	UNNAMED	FUN_000afca0
000c10a0	GAME_UNIQUE	67	UNNAMED	FUN_000c10a0
0010e140	GAME_UNIQUE	67	UNNAMED	FUN_0010e140
001176b0	GAME_UNIQUE	67	UNNAMED	FUN_001176b0
0012a3a0	GAME_UNIQUE	67	UNNAMED	FUN_0012a3a0
00138a10	GAME_UNIQUE	67	UNNAMED	FUN_00138a10
00139f80	GAME_UNIQUE	67	named	IModelComponent::vfunc57
00165de0	GAME_UNIQUE	67	UNNAMED	FUN_00165de0
0016bd40	GAME_UNIQUE	67	UNNAMED	FUN_0016bd40
00176f50	GAME_UNIQUE	67	UNNAMED	FUN_00176f50
0017de80	GAME_UNIQUE	67	UNNAMED	FUN_0017de80
0017eab0	GAME_UNIQUE	67	named	CMenuMovie::vfunc13
00180f60	GAME_UNIQUE	67	named	tmpl__AV_tree_base_U_value_semantics_node_V_handle_str_01_00Vtree_node_ratl_storage_ratl_ratl_::vfunc72
00190de0	GAME_UNIQUE	67	UNNAMED	FUN_00190de0
00205b20	GAME_UNIQUE	67	UNNAMED	FUN_00205b20
00310e70	GAME_UNIQUE	67	UNNAMED	FUN_00310e70
0002f010	GAME_UNIQUE	66	named	CActor::vfunc4
00033620	GAME_UNIQUE	66	named	tmpl__AV_COnlyOneEvent_VCActor_VEFirstEquipment_::vfunc108
00033730	GAME_UNIQUE	66	named	tmpl__AV_COnlyOneEvent_VCActor_VEFirstEquipment_::vfunc110
00059960	GAME_UNIQUE	66	UNNAMED	FUN_00059960
00074a40	GAME_PORTABLE	66	UNNAMED	FUN_00074a40
0007e8e0	GAME_UNIQUE	66	named	CInventorySystem::vfunc3
0007eaa0	GAME_UNIQUE	66	named	CInventorySystem::vfunc5
0009fe40	GAME_UNIQUE	66	UNNAMED	FUN_0009fe40
000a6b80	GAME_UNIQUE	66	UNNAMED	FUN_000a6b80
000d7cf0	GAME_UNIQUE	66	named	CCEAtkTeleport::vfunc317
000df640	GAME_UNIQUE	66	named	CCHJumpLiftAttack::vfunc508
000edd00	GAME_UNIQUE	66	named	CAIStandardAttackHandler::vfunc13
00107050	GAME_UNIQUE	66	UNNAMED	FUN_00107050
0012e6b0	GAME_UNIQUE	66	UNNAMED	FUN_0012e6b0
0015f460	GAME_UNIQUE	66	named	CHudComponent::vfunc9
00181030	GAME_UNIQUE	66	named	tmpl__AV_tree_base_U_value_semantics_node_V_handle_str_01_00Vtree_node_ratl_storage_ratl_ratl_::vfunc78
00199f10	GAME_UNIQUE	66	UNNAMED	FUN_00199f10
001b0580	XMEN_SERIES	66	UNNAMED	FUN_001b0580
0027d4f0	GAME_UNIQUE	66	UNNAMED	FUN_0027d4f0
002e6900	GAME_UNIQUE	66	UNNAMED	FUN_002e6900
0032a4b0	GAME_UNIQUE	66	UNNAMED	FUN_0032a4b0
00368380	GAME_UNIQUE	66	UNNAMED	FUN_00368380
003708f1	GAME_UNIQUE	66	UNNAMED	FUN_003708f1
000242b0	GAME_UNIQUE	65	UNNAMED	FUN_000242b0
000296b0	GAME_UNIQUE	65	UNNAMED	FUN_000296b0
0003b5e0	GAME_UNIQUE	65	UNNAMED	FUN_0003b5e0
00060260	GAME_UNIQUE	65	UNNAMED	FUN_00060260
00060360	GAME_UNIQUE	65	UNNAMED	FUN_00060360
00087460	GAME_UNIQUE	65	UNNAMED	FUN_00087460
000d90f0	GAME_UNIQUE	65	named	CCEAtkTeleport::vfunc325
000dc540	GAME_UNIQUE	65	named	CCHBoredGeneric::vfunc506
001084e0	GAME_UNIQUE	65	UNNAMED	FUN_001084e0
00108e50	GAME_UNIQUE	65	UNNAMED	FUN_00108e50
00127f40	GAME_UNIQUE	65	UNNAMED	FUN_00127f40
00147e80	GAME_UNIQUE	65	UNNAMED	FUN_00147e80
0014e690	GAME_UNIQUE	65	UNNAMED	FUN_0014e690
00158720	GAME_UNIQUE	65	UNNAMED	FUN_00158720
0015a240	GAME_UNIQUE	65	named	CHudCharacter::vfunc6
00162fb0	GAME_UNIQUE	65	UNNAMED	FUN_00162fb0
001666b0	GAME_UNIQUE	65	UNNAMED	FUN_001666b0
0016ed30	GAME_UNIQUE	65	UNNAMED	FUN_0016ed30
00173410	GAME_UNIQUE	65	named	CMenuItem::vfunc9
0017e1f0	GAME_UNIQUE	65	named	CMenuItemTextBox::vfunc3
001820c0	GAME_UNIQUE	65	UNNAMED	FUN_001820c0
00263f40	GAME_UNIQUE	65	UNNAMED	FUN_00263f40
0026dab0	GAME_UNIQUE	65	UNNAMED	FUN_0026dab0
0027cbe0	GAME_UNIQUE	65	UNNAMED	FUN_0027cbe0
00325610	GAME_UNIQUE	65	UNNAMED	FUN_00325610
0033c730	XMEN_SERIES	65	UNNAMED	FUN_0033c730
003ac450	GAME_UNIQUE	65	UNNAMED	FUN_003ac450
000126f0	GAME_UNIQUE	64	named	Physics_MultiRayCast
0002a400	GAME_UNIQUE	64	UNNAMED	FUN_0002a400
000391a0	GAME_UNIQUE	64	UNNAMED	FUN_000391a0
000686f0	GAME_PORTABLE	64	UNNAMED	FUN_000686f0
0006ba70	GAME_UNIQUE	64	UNNAMED	FUN_0006ba70
0006f940	GAME_UNIQUE	64	UNNAMED	FUN_0006f940
00076740	GAME_UNIQUE	64	UNNAMED	FUN_00076740
00076900	GAME_UNIQUE	64	UNNAMED	FUN_00076900
0007ab70	GAME_UNIQUE	64	UNNAMED	FUN_0007ab70
00089d90	GAME_UNIQUE	64	named	CMultipart::vfunc10
000a34a0	GAME_UNIQUE	64	UNNAMED	FUN_000a34a0
000b1560	GAME_UNIQUE	64	UNNAMED	FUN_000b1560
000c0850	GAME_UNIQUE	64	UNNAMED	FUN_000c0850
000ccd90	GAME_UNIQUE	64	UNNAMED	FUN_000ccd90
000e0fe0	GAME_UNIQUE	64	named	CCombatNodeHandler::vfunc322
00103430	GAME_UNIQUE	64	UNNAMED	FUN_00103430
00110390	GAME_UNIQUE	64	UNNAMED	FUN_00110390
001211f0	GAME_UNIQUE	64	UNNAMED	FUN_001211f0
0012b2b0	GAME_UNIQUE	64	UNNAMED	FUN_0012b2b0
0012e8a0	GAME_UNIQUE	64	named	ICacheBase::vfunc8
00130710	GAME_UNIQUE	64	UNNAMED	FUN_00130710
0014fae0	GAME_UNIQUE	64	UNNAMED	FUN_0014fae0
00173340	GAME_UNIQUE	64	named	CMenuItem::vfunc14
0018e580	GAME_UNIQUE	64	UNNAMED	FUN_0018e580
00190ec0	GAME_UNIQUE	64	UNNAMED	FUN_00190ec0
001cd4a0	GAME_UNIQUE	64	UNNAMED	FUN_001cd4a0
002074e0	GAME_UNIQUE	64	UNNAMED	FUN_002074e0
00241d80	GAME_UNIQUE	64	UNNAMED	FUN_00241d80
0025a550	GAME_UNIQUE	64	UNNAMED	FUN_0025a550
0027de90	GAME_UNIQUE	64	UNNAMED	FUN_0027de90
00298e10	GAME_UNIQUE	64	UNNAMED	FUN_00298e10
002f725a	GAME_UNIQUE	64	UNNAMED	FUN_002f725a
00318420	GAME_UNIQUE	64	UNNAMED	FUN_00318420
003602c0	GAME_UNIQUE	64	UNNAMED	FUN_003602c0
003b0135	GAME_UNIQUE	64	UNNAMED	FUN_003b0135
00012f50	GAME_UNIQUE	63	named	BoundingVolume_SetupTrigger
00022f20	GAME_UNIQUE	63	named	CFxParticleCloudPrimitive::vfunc55
0004bde0	GAME_UNIQUE	63	UNNAMED	FUN_0004bde0
00050780	GAME_UNIQUE	63	named	CCamera::vfunc82
00074ee0	GAME_UNIQUE	63	named	tmpl__AV_COnlyOneEvent_VCActor_VEFirstEquipment_::vfunc42
00075970	GAME_UNIQUE	63	UNNAMED	FUN_00075970
000920c0	GAME_UNIQUE	63	UNNAMED	FUN_000920c0
000a3120	GAME_UNIQUE	63	UNNAMED	FUN_000a3120
000ab360	GAME_PORTABLE	63	named	CShadowMgr::vfunc14
000cb780	GAME_PORTABLE	63	UNNAMED	FUN_000cb780
000cf4d0	GAME_UNIQUE	63	named	CCEAtk::vfunc5
000f4760	GAME_UNIQUE	63	named	CAIPattern::vfunc11
00126e70	GAME_UNIQUE	63	UNNAMED	FUN_00126e70
00133200	GAME_UNIQUE	63	UNNAMED	FUN_00133200
00134c80	GAME_UNIQUE	63	UNNAMED	FUN_00134c80
0013b0e0	GAME_UNIQUE	63	UNNAMED	FUN_0013b0e0
00149a40	GAME_UNIQUE	63	UNNAMED	FUN_00149a40
00156c30	GAME_UNIQUE	63	UNNAMED	FUN_00156c30
00157ea0	GAME_UNIQUE	63	named	CHud::vfunc35
00184b80	GAME_UNIQUE	63	UNNAMED	FUN_00184b80
00185a40	GAME_UNIQUE	63	named	CPopupDialog::vfunc0
00189340	GAME_UNIQUE	63	UNNAMED	FUN_00189340
0018cb90	GAME_UNIQUE	63	UNNAMED	FUN_0018cb90
002cb1ea	GAME_UNIQUE	63	UNNAMED	FUN_002cb1ea
003a5fa1	GAME_UNIQUE	63	UNNAMED	FUN_003a5fa1
0002dee0	GAME_UNIQUE	62	UNNAMED	FUN_0002dee0
00051ad0	GAME_UNIQUE	62	UNNAMED	FUN_00051ad0
00059460	GAME_UNIQUE	62	UNNAMED	FUN_00059460
0005a810	GAME_UNIQUE	62	UNNAMED	FUN_0005a810
00062d50	GAME_UNIQUE	62	UNNAMED	FUN_00062d50
000760d0	GAME_UNIQUE	62	UNNAMED	FUN_000760d0
000761b0	GAME_UNIQUE	62	UNNAMED	FUN_000761b0
00080d00	GAME_UNIQUE	62	named	IMap::vfunc85
00088d60	GAME_UNIQUE	62	UNNAMED	FUN_00088d60
00089bf0	GAME_UNIQUE	62	UNNAMED	FUN_00089bf0
0009c400	GAME_UNIQUE	62	UNNAMED	FUN_0009c400
000c0f70	GAME_UNIQUE	62	UNNAMED	FUN_000c0f70
000d3fd0	GAME_UNIQUE	62	UNNAMED	FUN_000d3fd0
000d4190	GAME_UNIQUE	62	named	CCEAtkSpawnProjectile::vfunc99
000d6d10	GAME_UNIQUE	62	named	CCESound::vfunc235
000d6e10	GAME_UNIQUE	62	UNNAMED	FUN_000d6e10
000d8690	GAME_UNIQUE	62	named	CCEAtkTeleport::vfunc449
000decc0	GAME_UNIQUE	62	named	CCombatNodeHandler::vfunc362
000e45b0	GAME_UNIQUE	62	named	CCEAtkSpawnProjectile::vfunc92
000faa10	GAME_UNIQUE	62	UNNAMED	FUN_000faa10
001076a0	GAME_UNIQUE	62	UNNAMED	FUN_001076a0
00124c10	GAME_UNIQUE	62	UNNAMED	FUN_00124c10
00131a40	GAME_UNIQUE	62	UNNAMED	FUN_00131a40
00136ee0	GAME_UNIQUE	62	UNNAMED	FUN_00136ee0
0013a520	GAME_UNIQUE	62	named	CModelParticleCloud::vfunc17
0016f010	GAME_UNIQUE	62	UNNAMED	FUN_0016f010
0017c3b0	GAME_UNIQUE	62	named	CMenuItemShop::vfunc15
0017d5c0	GAME_UNIQUE	62	named	CMenuItemText::vfunc19
0018c1c0	GAME_UNIQUE	62	UNNAMED	FUN_0018c1c0
001a9370	GAME_UNIQUE	62	UNNAMED	FUN_001a9370
0024dd60	GAME_UNIQUE	62	UNNAMED	FUN_0024dd60
0025a7c0	GAME_UNIQUE	62	UNNAMED	FUN_0025a7c0
0025e130	XMEN_SERIES	62	UNNAMED	FUN_0025e130
00266c30	GAME_UNIQUE	62	UNNAMED	FUN_00266c30
00308e70	GAME_UNIQUE	62	UNNAMED	FUN_00308e70
003603d0	GAME_UNIQUE	62	UNNAMED	FUN_003603d0
00368be0	GAME_UNIQUE	62	named	D3D8__D3DDevice_Swap
003a5ea1	GAME_UNIQUE	62	UNNAMED	FUN_003a5ea1
003ab7ef	GAME_UNIQUE	62	UNNAMED	FUN_003ab7ef
00013f80	GAME_UNIQUE	61	named	BitArray175_ProcessElementsAndClear
00044e50	GAME_UNIQUE	61	UNNAMED	FUN_00044e50
0004b990	GAME_UNIQUE	61	named	CCamera::vfunc86
0005ef80	GAME_UNIQUE	61	named	CConversationSystem::vfunc2
0007e170	GAME_UNIQUE	61	named	CInventorySystem::vfunc43
00086120	GAME_UNIQUE	61	UNNAMED	FUN_00086120
0009e570	GAME_UNIQUE	61	UNNAMED	FUN_0009e570
000a46c0	GAME_UNIQUE	61	named	CReviewPaths::vfunc3
000a9a40	GAME_UNIQUE	61	UNNAMED	FUN_000a9a40
000b4a50	GAME_UNIQUE	61	named	CTalentSystem::vfunc2
000ba350	GAME_UNIQUE	61	named	CWeaponInfo::vfunc20
000cc6b0	GAME_UNIQUE	61	UNNAMED	FUN_000cc6b0
000cfd00	GAME_UNIQUE	61	UNNAMED	FUN_000cfd00
000d66b0	GAME_UNIQUE	61	named	CCEAtkSpawnProjectile::vfunc77
000da1d0	GAME_UNIQUE	61	named	CCombatNodeHandler::vfunc401
000ddeb0	GAME_UNIQUE	61	named	CCombatNodeHandler::vfunc464
000fc8d0	GAME_UNIQUE	61	UNNAMED	FUN_000fc8d0
00107840	GAME_UNIQUE	61	UNNAMED	FUN_00107840
001091c0	GAME_UNIQUE	61	UNNAMED	FUN_001091c0
001270a0	GAME_UNIQUE	61	UNNAMED	FUN_001270a0
001334f0	GAME_UNIQUE	61	UNNAMED	FUN_001334f0
00135770	GAME_UNIQUE	61	UNNAMED	FUN_00135770
0013f750	GAME_UNIQUE	61	named	tmpl__AV_tree_base_U_value_semantics_node_V_string_vs_0BAA_ratl_00Vtree_node_2_storage_ratl_ratl_::vfunc12
00156d00	GAME_PORTABLE	61	UNNAMED	FUN_00156d00
00160c20	GAME_UNIQUE	61	named	CMenu::vfunc18
0016d7d0	GAME_UNIQUE	61	named	CMenuCodex::vfunc12
00175030	GAME_UNIQUE	61	UNNAMED	FUN_00175030
0017a310	GAME_UNIQUE	61	UNNAMED	FUN_0017a310
0017ceb0	GAME_UNIQUE	61	named	CMenuItemSlider::vfunc12
00188da0	GAME_UNIQUE	61	UNNAMED	FUN_00188da0
00297c50	GAME_UNIQUE	61	UNNAMED	FUN_00297c50
0035d210	XMEN_SERIES	61	named	D3D8__D3DDevice_SetVertexShaderConstantNotInlineFast
00012870	GAME_UNIQUE	60	named	Physics_MultiRayCast_Ex
00013500	GAME_UNIQUE	60	named	CFxSparkPrimitive::vfunc9
00031e30	GAME_UNIQUE	60	UNNAMED	FUN_00031e30
00036ea0	GAME_UNIQUE	60	UNNAMED	FUN_00036ea0
000483c0	GAME_UNIQUE	60	UNNAMED	FUN_000483c0
0004b6f0	GAME_PORTABLE	60	named	CCamera::vfunc70
0004bcf0	GAME_UNIQUE	60	UNNAMED	FUN_0004bcf0
000750c0	GAME_UNIQUE	60	named	tmpl__AV_COnlyOneEvent_VCActor_VEFirstEquipment_::vfunc81
000a1680	GAME_UNIQUE	60	UNNAMED	FUN_000a1680
000ac580	GAME_UNIQUE	60	UNNAMED	FUN_000ac580
000afbd0	GAME_UNIQUE	60	UNNAMED	FUN_000afbd0
000c4ba0	GAME_UNIQUE	60	UNNAMED	FUN_000c4ba0
000cb850	GAME_UNIQUE	60	UNNAMED	FUN_000cb850
000d4e10	GAME_UNIQUE	60	named	CCEAtkTeleport::vfunc178
000f9d90	GAME_PORTABLE	60	UNNAMED	FUN_000f9d90
00104370	GAME_UNIQUE	60	UNNAMED	FUN_00104370
0010b500	GAME_UNIQUE	60	UNNAMED	FUN_0010b500
001101f0	GAME_UNIQUE	60	UNNAMED	FUN_001101f0
00125900	GAME_UNIQUE	60	UNNAMED	FUN_00125900
001268e0	GAME_UNIQUE	60	UNNAMED	FUN_001268e0
001269d0	GAME_UNIQUE	60	UNNAMED	FUN_001269d0
0013beb0	XMEN_SERIES	60	named	CModelParticleCloud::vfunc12
00146920	GAME_PORTABLE	60	UNNAMED	FUN_00146920
001480c0	GAME_UNIQUE	60	UNNAMED	FUN_001480c0
00162390	GAME_UNIQUE	60	named	CMenu::vfunc8
00167b50	GAME_UNIQUE	60	UNNAMED	FUN_00167b50
00171600	GAME_UNIQUE	60	named	CMenuDangerRoom::vfunc15
0017db80	GAME_UNIQUE	60	UNNAMED	FUN_0017db80
00186d70	GAME_UNIQUE	60	named	CPopupDialog::vfunc13
0018e110	GAME_UNIQUE	60	UNNAMED	FUN_0018e110
001cf400	GAME_UNIQUE	60	UNNAMED	FUN_001cf400
001e84e0	GAME_UNIQUE	60	UNNAMED	FUN_001e84e0
00315280	GAME_UNIQUE	60	UNNAMED	FUN_00315280
0031ef80	GAME_UNIQUE	60	UNNAMED	FUN_0031ef80
0035d4f0	GAME_UNIQUE	60	named	D3D8__D3DDevice_SetShaderConstantMode
00029800	GAME_UNIQUE	59	UNNAMED	FUN_00029800
00030ac0	GAME_UNIQUE	59	UNNAMED	FUN_00030ac0
0003a660	GAME_UNIQUE	59	UNNAMED	FUN_0003a660
0003a870	GAME_UNIQUE	59	UNNAMED	FUN_0003a870
00047ad0	GAME_UNIQUE	59	UNNAMED	FUN_00047ad0
0005fe80	GAME_UNIQUE	59	UNNAMED	FUN_0005fe80
0006d0b0	GAME_UNIQUE	59	named	IEntityVisibility::vfunc9
00075180	GAME_UNIQUE	59	UNNAMED	FUN_00075180
000d2070	GAME_UNIQUE	59	named	CCEAtkTeleport::vfunc241
000e7390	GAME_UNIQUE	59	named	CCombatNodeHandler::vfunc7
000eaaf0	GAME_UNIQUE	59	UNNAMED	FUN_000eaaf0
001220e0	GAME_UNIQUE	59	UNNAMED	FUN_001220e0
001221c0	GAME_UNIQUE	59	UNNAMED	FUN_001221c0
001222a0	GAME_UNIQUE	59	UNNAMED	FUN_001222a0
00122410	GAME_UNIQUE	59	UNNAMED	FUN_00122410
0013bc60	GAME_UNIQUE	59	named	CModelParticleCloud::vfunc9
001450a0	GAME_UNIQUE	59	UNNAMED	FUN_001450a0
00148160	GAME_UNIQUE	59	UNNAMED	FUN_00148160
00151940	GAME_UNIQUE	59	UNNAMED	FUN_00151940
00166790	GAME_UNIQUE	59	UNNAMED	FUN_00166790
00177250	GAME_UNIQUE	59	UNNAMED	FUN_00177250
00177a20	GAME_UNIQUE	59	named	CMenuItemListBox::vfunc28
0017ac10	GAME_UNIQUE	59	UNNAMED	FUN_0017ac10
00184a50	GAME_UNIQUE	59	named	tmpl__AV_tree_base_U_value_semantics_node_V_handle_str_01_00Vtree_node_ratl_storage_ratl_ratl_::vfunc37
001a9c20	GAME_UNIQUE	59	UNNAMED	FUN_001a9c20
001f03f0	GAME_UNIQUE	59	UNNAMED	FUN_001f03f0
001f71c0	GAME_UNIQUE	59	UNNAMED	FUN_001f71c0
001f83d0	GAME_UNIQUE	59	UNNAMED	FUN_001f83d0
002d5ed0	GAME_UNIQUE	59	UNNAMED	FUN_002d5ed0
0031b2f0	GAME_UNIQUE	59	UNNAMED	FUN_0031b2f0
00341076	GAME_UNIQUE	59	named	?_CallSETranslator@@YAHPAUEHExceptionRecord@@PAUEHRegistrationNode@@PAX2PBU_s_FuncInfo@@H1@Z
003599a0	GAME_UNIQUE	59	UNNAMED	FUN_003599a0
003a9004	GAME_UNIQUE	59	UNNAMED	FUN_003a9004
003a90b3	GAME_UNIQUE	59	UNNAMED	FUN_003a90b3
003a9162	GAME_UNIQUE	59	UNNAMED	FUN_003a9162
00034af0	GAME_UNIQUE	58	UNNAMED	FUN_00034af0
0003d8e0	GAME_UNIQUE	58	UNNAMED	FUN_0003d8e0
00057c60	GAME_UNIQUE	58	UNNAMED	FUN_00057c60
00068620	GAME_PORTABLE	58	UNNAMED	FUN_00068620
0007c350	GAME_UNIQUE	58	UNNAMED	FUN_0007c350
0007ce60	GAME_UNIQUE	58	UNNAMED	FUN_0007ce60
0008afe0	GAME_UNIQUE	58	UNNAMED	FUN_0008afe0
0008c3f0	GAME_UNIQUE	58	named	COptions::vfunc19
000941e0	GAME_UNIQUE	58	UNNAMED	FUN_000941e0
000a09d0	GAME_UNIQUE	58	UNNAMED	FUN_000a09d0
000ae120	GAME_UNIQUE	58	UNNAMED	FUN_000ae120
000af950	GAME_UNIQUE	58	UNNAMED	FUN_000af950
000befa0	GAME_PORTABLE	58	named	CWorldEntity::vfunc5
000cede0	GAME_UNIQUE	58	UNNAMED	FUN_000cede0
000e1880	GAME_UNIQUE	58	UNNAMED	FUN_000e1880
000e1ed0	GAME_UNIQUE	58	UNNAMED	FUN_000e1ed0
000e6f60	GAME_UNIQUE	58	UNNAMED	FUN_000e6f60
000e9ec0	GAME_UNIQUE	58	UNNAMED	FUN_000e9ec0
000fc7e0	GAME_UNIQUE	58	UNNAMED	FUN_000fc7e0
00101d80	XMEN_SERIES	58	UNNAMED	FUN_00101d80
001034f0	GAME_UNIQUE	58	UNNAMED	FUN_001034f0
0011c8e0	GAME_UNIQUE	58	named	tmpl__AV_tree_base_U_value_semantics_node_V_handle_str_0A_0EA_Vtree_node_ratl_storage_ratl_ratl_::vfunc18
001266f0	GAME_UNIQUE	58	UNNAMED	FUN_001266f0
00126fb0	GAME_UNIQUE	58	UNNAMED	FUN_00126fb0
0012e5a0	GAME_UNIQUE	58	named	ICacheBase::vfunc7
00132910	GAME_UNIQUE	58	UNNAMED	FUN_00132910
001329f0	GAME_UNIQUE	58	UNNAMED	FUN_001329f0
00132ad0	GAME_UNIQUE	58	UNNAMED	FUN_00132ad0
00133350	GAME_UNIQUE	58	UNNAMED	FUN_00133350
00133780	GAME_UNIQUE	58	UNNAMED	FUN_00133780
00133c00	GAME_UNIQUE	58	named	IModelComponent::vfunc47
001388e0	GAME_UNIQUE	58	UNNAMED	FUN_001388e0
00138960	GAME_UNIQUE	58	UNNAMED	FUN_00138960
00138c40	GAME_UNIQUE	58	named	CModelIGB::vfunc82
00139d90	GAME_UNIQUE	58	named	CModelIGB::vfunc53
001474c0	GAME_UNIQUE	58	named	tmpl__AV_ISafeResMgr_VITexture_::vfunc31
0014e580	GAME_UNIQUE	58	UNNAMED	FUN_0014e580
00174350	GAME_UNIQUE	58	UNNAMED	FUN_00174350
001eda10	GAME_UNIQUE	58	UNNAMED	FUN_001eda10
001ee030	GAME_UNIQUE	58	UNNAMED	FUN_001ee030
00254340	GAME_UNIQUE	58	UNNAMED	FUN_00254340
00254cb0	GAME_UNIQUE	58	UNNAMED	FUN_00254cb0
002f9b80	GAME_UNIQUE	58	UNNAMED	FUN_002f9b80
0035cc00	GAME_UNIQUE	58	UNNAMED	FUN_0035cc00
0001cef0	GAME_UNIQUE	57	named	CFxPrimitiveBase::vfunc32
00029c60	GAME_UNIQUE	57	UNNAMED	FUN_00029c60
0002f6e0	GAME_UNIQUE	57	named	CActor::vfunc70
0003c630	GAME_UNIQUE	57	UNNAMED	FUN_0003c630
00055b20	GAME_UNIQUE	57	UNNAMED	FUN_00055b20
0005e6f0	GAME_UNIQUE	57	UNNAMED	FUN_0005e6f0
0006a060	GAME_UNIQUE	57	named	tmpl__AV_map_vs_V_handle_str_02_V1_0BJ_ratl_::vfunc8
0006fae0	GAME_UNIQUE	57	named	CGame::vfunc48
00084460	GAME_UNIQUE	57	named	CMissionMgr::vfunc12
000a01d0	GAME_UNIQUE	57	UNNAMED	FUN_000a01d0
000a2d00	GAME_UNIQUE	57	UNNAMED	FUN_000a2d00
000a4120	GAME_UNIQUE	57	UNNAMED	FUN_000a4120
000a4b80	GAME_UNIQUE	57	named	CReviewPaths::vfunc14
000a7240	GAME_UNIQUE	57	UNNAMED	FUN_000a7240
000aaec0	GAME_PORTABLE	57	UNNAMED	FUN_000aaec0
000b5cd0	GAME_UNIQUE	57	UNNAMED	FUN_000b5cd0
000c0790	GAME_UNIQUE	57	UNNAMED	FUN_000c0790
000c9780	GAME_UNIQUE	57	UNNAMED	FUN_000c9780
000cda60	GAME_UNIQUE	57	UNNAMED	FUN_000cda60
000d76b0	GAME_UNIQUE	57	named	CCEPowerup::vfunc7
000d83f0	GAME_UNIQUE	57	named	CCEAtkTeleport::vfunc383
000df310	GAME_PORTABLE	57	UNNAMED	FUN_000df310
00110470	GAME_UNIQUE	57	UNNAMED	FUN_00110470
0011c680	GAME_UNIQUE	57	named	tmpl__AV_tree_base_U_value_semantics_node_V_handle_str_0A_0EA_Vtree_node_ratl_storage_ratl_ratl_::vfunc23
0011fc30	GAME_UNIQUE	57	named	CMemoryCardXBox::vfunc12
00126260	GAME_UNIQUE	57	UNNAMED	FUN_00126260
00133160	GAME_UNIQUE	57	UNNAMED	FUN_00133160
00136e00	GAME_UNIQUE	57	UNNAMED	FUN_00136e00
00138b80	GAME_UNIQUE	57	named	CModelIGB::vfunc81
0013b360	XMEN_SERIES	57	named	CModelParticleCloud::vfunc3
0014fdc0	GAME_PORTABLE	57	UNNAMED	FUN_0014fdc0
0015f5a0	GAME_UNIQUE	57	UNNAMED	FUN_0015f5a0
0016ee10	GAME_UNIQUE	57	UNNAMED	FUN_0016ee10
00174090	GAME_UNIQUE	57	UNNAMED	FUN_00174090
00174d20	GAME_UNIQUE	57	UNNAMED	FUN_00174d20
0017f900	GAME_UNIQUE	57	UNNAMED	FUN_0017f900
00184230	GAME_UNIQUE	57	named	tmpl__AV_tree_base_U_value_semantics_node_V_handle_str_01_00Vtree_node_ratl_storage_ratl_ratl_::vfunc85
001a8360	GAME_UNIQUE	57	UNNAMED	FUN_001a8360
00282390	GAME_UNIQUE	57	UNNAMED	FUN_00282390
00298c60	GAME_UNIQUE	57	UNNAMED	FUN_00298c60
003a609f	GAME_UNIQUE	57	UNNAMED	FUN_003a609f
003a638d	GAME_UNIQUE	57	UNNAMED	FUN_003a638d
0003ca90	GAME_UNIQUE	56	named	CActor::vfunc75
0005ce30	GAME_UNIQUE	56	UNNAMED	FUN_0005ce30
0005f2e0	GAME_UNIQUE	56	UNNAMED	FUN_0005f2e0
00088aa0	GAME_UNIQUE	56	UNNAMED	FUN_00088aa0
0009bdf0	GAME_UNIQUE	56	UNNAMED	FUN_0009bdf0
000a2c30	GAME_UNIQUE	56	UNNAMED	FUN_000a2c30
000a60c0	GAME_UNIQUE	56	UNNAMED	FUN_000a60c0
000a7730	GAME_UNIQUE	56	UNNAMED	FUN_000a7730
000b41b0	GAME_UNIQUE	56	UNNAMED	FUN_000b41b0
000be020	GAME_UNIQUE	56	named	IWorld::vfunc57
000c4c60	GAME_UNIQUE	56	UNNAMED	FUN_000c4c60
000c95d0	GAME_UNIQUE	56	UNNAMED	FUN_000c95d0
000c9670	GAME_UNIQUE	56	UNNAMED	FUN_000c9670
000e1d90	GAME_UNIQUE	56	UNNAMED	FUN_000e1d90
000eb5f0	GAME_UNIQUE	56	named	CFightStyle::vfunc6
000ebcf0	GAME_UNIQUE	56	UNNAMED	FUN_000ebcf0
000ed1b0	GAME_PORTABLE	56	UNNAMED	FUN_000ed1b0
0012cad0	GAME_UNIQUE	56	UNNAMED	FUN_0012cad0
0012f1b0	GAME_UNIQUE	56	UNNAMED	FUN_0012f1b0
001332b0	GAME_UNIQUE	56	UNNAMED	FUN_001332b0
00145340	GAME_UNIQUE	56	named	start_main_timer
0014edb0	GAME_PORTABLE	56	UNNAMED	FUN_0014edb0
00156b50	GAME_UNIQUE	56	named	CHud::vfunc8
00165fd0	GAME_UNIQUE	56	UNNAMED	FUN_00165fd0
00181740	GAME_UNIQUE	56	UNNAMED	FUN_00181740
00183120	GAME_UNIQUE	56	UNNAMED	FUN_00183120
0025cb20	GAME_UNIQUE	56	UNNAMED	FUN_0025cb20
002f9ff6	GAME_UNIQUE	56	UNNAMED	FUN_002f9ff6
0030abb0	GAME_UNIQUE	56	UNNAMED	FUN_0030abb0
0035fd20	GAME_UNIQUE	56	named	D3D8__D3D_SetFence
003a627b	GAME_UNIQUE	56	UNNAMED	FUN_003a627b
003c337f	GAME_UNIQUE	56	UNNAMED	FUN_003c337f
003c4742	GAME_UNIQUE	56	UNNAMED	FUN_003c4742
00022e70	GAME_UNIQUE	55	named	CFxParticleCloudPrimitive::vfunc0
000295f0	GAME_UNIQUE	55	UNNAMED	FUN_000295f0
00029d10	GAME_UNIQUE	55	UNNAMED	FUN_00029d10
0002b100	GAME_UNIQUE	55	UNNAMED	FUN_0002b100
00030020	GAME_UNIQUE	55	named	CActor::vfunc31
0003a7c0	GAME_UNIQUE	55	UNNAMED	FUN_0003a7c0
00057a70	GAME_UNIQUE	55	named	CCollide::vfunc0
00070770	GAME_UNIQUE	55	named	CGame::vfunc55
000a7b50	GAME_UNIQUE	55	UNNAMED	FUN_000a7b50
000dac50	GAME_UNIQUE	55	named	CCombatNodeHandler::vfunc193
000df180	GAME_UNIQUE	55	named	CCombatNodeHandler::vfunc168
000f3bb0	GAME_UNIQUE	55	UNNAMED	FUN_000f3bb0
000f4620	GAME_UNIQUE	55	named	CAIPattern::vfunc8
0010a4e0	GAME_UNIQUE	55	UNNAMED	FUN_0010a4e0
0011b9e0	GAME_UNIQUE	55	UNNAMED	FUN_0011b9e0
0011cc60	GAME_UNIQUE	55	named	tmpl__AV_tree_base_U_value_semantics_node_V_handle_str_0A_0EA_Vtree_node_ratl_storage_ratl_ratl_::vfunc26
001212d0	GAME_UNIQUE	55	named	CAnimDBPrecacher::vfunc27
0012dd10	GAME_UNIQUE	55	UNNAMED	FUN_0012dd10
001354c0	GAME_UNIQUE	55	named	IModelComponent::vfunc69
0014e770	GAME_UNIQUE	55	UNNAMED	FUN_0014e770
00171cd0	GAME_UNIQUE	55	UNNAMED	FUN_00171cd0
0026d200	GAME_UNIQUE	55	UNNAMED	FUN_0026d200
0027f4a0	GAME_UNIQUE	55	UNNAMED	FUN_0027f4a0
002ff650	GAME_UNIQUE	55	UNNAMED	FUN_002ff650
003acea1	GAME_UNIQUE	55	UNNAMED	FUN_003acea1
0002e9f0	GAME_UNIQUE	54	UNNAMED	FUN_0002e9f0
0002f100	GAME_UNIQUE	54	named	CActor::vfunc22
00054d40	GAME_UNIQUE	54	named	tmpl__AV_map_vs_V_handle_str_0A_E_0PP_ratl_::vfunc44
0005cee0	GAME_UNIQUE	54	UNNAMED	FUN_0005cee0
0005d4a0	GAME_UNIQUE	54	UNNAMED	FUN_0005d4a0
0005d7d0	GAME_UNIQUE	54	UNNAMED	FUN_0005d7d0
0007be10	GAME_UNIQUE	54	UNNAMED	FUN_0007be10
00084ed0	GAME_UNIQUE	54	named	CMissionMgr::vfunc3
00084fc0	GAME_UNIQUE	54	UNNAMED	FUN_00084fc0
00087390	GAME_UNIQUE	54	named	CMoverEntity::vfunc5
00089cd0	GAME_UNIQUE	54	named	CMultipart::vfunc2
0008e5d0	GAME_UNIQUE	54	UNNAMED	FUN_0008e5d0
000a5bd0	GAME_UNIQUE	54	UNNAMED	FUN_000a5bd0
000a7f90	GAME_UNIQUE	54	UNNAMED	FUN_000a7f90
000b5290	GAME_UNIQUE	54	UNNAMED	FUN_000b5290
000b7e60	GAME_UNIQUE	54	named	tmpl__AV_tree_base_U_value_semantics_node_V_handle_str_0A_0HI_Vtree_node_ratl_storage_ratl_ratl_::vfunc14
000b9af0	GAME_UNIQUE	54	named	CWeaponMode::vfunc17
000c0610	GAME_UNIQUE	54	UNNAMED	FUN_000c0610
000ede90	GAME_UNIQUE	54	named	CAIRangedAttackHandler::vfunc24
000f6aa0	GAME_UNIQUE	54	named	CAIPattern::vfunc17
000f6b60	GAME_UNIQUE	54	named	CAIPattern::vfunc2
001020e0	GAME_UNIQUE	54	UNNAMED	FUN_001020e0
001033a0	GAME_UNIQUE	54	UNNAMED	FUN_001033a0
00107520	GAME_UNIQUE	54	UNNAMED	FUN_00107520
00116f70	GAME_UNIQUE	54	UNNAMED	FUN_00116f70
0011d800	GAME_UNIQUE	54	named	CConfigSystem::vfunc16
00136a20	GAME_UNIQUE	54	named	CModelIGB::vfunc64
0013f050	GAME_UNIQUE	54	named	tmpl__AV_tree_base_U_value_semantics_node_V_string_vs_0BAA_ratl_00Vtree_node_2_storage_ratl_ratl_::vfunc8
00143490	GAME_UNIQUE	54	UNNAMED	FUN_00143490
0014eef0	GAME_UNIQUE	54	named	tmpl__AV_tree_base_U_value_semantics_node_USFileRecord_CSoundSystem_0BCC_Vtree_node_ratl_storage_ratl::vfunc73
0016bf20	GAME_UNIQUE	54	UNNAMED	FUN_0016bf20
00172780	GAME_UNIQUE	54	named	CMenuImageViewer::vfunc13
0017d4f0	GAME_UNIQUE	54	named	CMenuItemText::vfunc3
0017dc10	GAME_UNIQUE	54	named	CMenuItemTextBox::vfunc18
00182ee0	GAME_UNIQUE	54	UNNAMED	FUN_00182ee0
00183070	GAME_UNIQUE	54	named	tmpl__AV_tree_base_U_value_semantics_node_V_handle_str_01_00Vtree_node_ratl_storage_ratl_ratl_::vfunc61
0018de40	GAME_UNIQUE	54	UNNAMED	FUN_0018de40
003c2980	GAME_UNIQUE	54	UNNAMED	FUN_003c2980
00016940	GAME_UNIQUE	53	UNNAMED	FUN_00016940
0001f820	GAME_PORTABLE	53	named	Physics_IntegrateVelocityAndPosition
0002cdd0	GAME_UNIQUE	53	UNNAMED	FUN_0002cdd0
0004ae90	GAME_UNIQUE	53	named	CCamera::vfunc87
0004b490	GAME_PORTABLE	53	named	CCamera::vfunc30
0006c270	GAME_UNIQUE	53	UNNAMED	FUN_0006c270
0007f760	GAME_UNIQUE	53	UNNAMED	FUN_0007f760
0008c4b0	GAME_PORTABLE	53	named	COptions::vfunc21
000983e0	GAME_UNIQUE	53	UNNAMED	FUN_000983e0
000e46d0	GAME_UNIQUE	53	named	CCEAtkSpawnProjectile::vfunc104
000e9ad0	GAME_UNIQUE	53	UNNAMED	FUN_000e9ad0
000fdd40	GAME_UNIQUE	53	UNNAMED	FUN_000fdd40
0011cbb0	GAME_UNIQUE	53	named	tmpl__AV_tree_base_U_value_semantics_node_V_handle_str_0A_0EA_Vtree_node_ratl_storage_ratl_ratl_::vfunc21
00123610	GAME_UNIQUE	53	UNNAMED	FUN_00123610
00127b40	GAME_UNIQUE	53	named	TiXmlComment::vfunc3
00127bf0	GAME_UNIQUE	53	named	TiXmlComment::vfunc9
00127d90	GAME_UNIQUE	53	named	TiXmlComment::vfunc21
0012bef0	GAME_UNIQUE	53	UNNAMED	FUN_0012bef0
0013f160	GAME_PORTABLE	53	UNNAMED	FUN_0013f160
00145770	GAME_UNIQUE	53	named	tmpl__AV_CSafeResMgrI_VIPlayfield_04_0CLDI_::vfunc10
00149850	GAME_PORTABLE	53	UNNAMED	FUN_00149850
001653a0	GAME_UNIQUE	53	named	CMenuBlackbird::vfunc12
00167c60	GAME_UNIQUE	53	UNNAMED	FUN_00167c60
001732a0	GAME_UNIQUE	53	named	CMenuItem::vfunc11
00174860	GAME_UNIQUE	53	named	CMenuItemBinary::vfunc4
0017afd0	GAME_PORTABLE	53	UNNAMED	FUN_0017afd0
00181ca0	GAME_UNIQUE	53	named	tmpl__AV_tree_base_U_value_semantics_node_V_handle_str_01_00Vtree_node_ratl_storage_ratl_ratl_::vfunc117
00184c40	GAME_UNIQUE	53	named	tmpl__AV_tree_base_U_value_semantics_node_V_handle_str_01_00Vtree_node_ratl_storage_ratl_ratl_::vfunc32
00189c80	GAME_PORTABLE	53	UNNAMED	FUN_00189c80
0018cf90	GAME_UNIQUE	53	UNNAMED	FUN_0018cf90
001a55a0	GAME_UNIQUE	53	UNNAMED	FUN_001a55a0
001b0260	XMEN_SERIES	53	UNNAMED	FUN_001b0260
001ed620	GAME_UNIQUE	53	UNNAMED	FUN_001ed620
0026de00	GAME_UNIQUE	53	UNNAMED	FUN_0026de00
0026def0	GAME_UNIQUE	53	UNNAMED	FUN_0026def0
002f4672	GAME_UNIQUE	53	UNNAMED	FUN_002f4672
00311730	GAME_UNIQUE	53	UNNAMED	FUN_00311730
00012a90	GAME_UNIQUE	52	named	StringTable_AddString
00012b20	GAME_UNIQUE	52	named	StringTable_AddString_Small
00012bb0	GAME_UNIQUE	52	named	StringTable_AddString_Medium
00027740	GAME_UNIQUE	52	UNNAMED	FUN_00027740
0002c8c0	GAME_UNIQUE	52	UNNAMED	FUN_0002c8c0
00031c00	GAME_UNIQUE	52	UNNAMED	FUN_00031c00
00038520	GAME_UNIQUE	52	UNNAMED	FUN_00038520
0003d550	GAME_UNIQUE	52	UNNAMED	FUN_0003d550
0004dd80	GAME_UNIQUE	52	named	CCamera::vfunc2
0006dc70	GAME_UNIQUE	52	UNNAMED	FUN_0006dc70
000781b0	GAME_UNIQUE	52	UNNAMED	FUN_000781b0
00080110	GAME_UNIQUE	52	UNNAMED	FUN_00080110
000a59a0	GAME_UNIQUE	52	UNNAMED	FUN_000a59a0
000aae10	GAME_PORTABLE	52	UNNAMED	FUN_000aae10
000d1920	GAME_UNIQUE	52	named	CCEAtkTeleport::vfunc46
000d8780	GAME_UNIQUE	52	named	CCEAtkTeleport::vfunc471
000d9640	GAME_UNIQUE	52	named	CCombatNodeHandler::vfunc439
000dc0b0	GAME_UNIQUE	52	named	CCHBoredGeneric::vfunc511
000ebbd0	GAME_UNIQUE	52	UNNAMED	FUN_000ebbd0
00125460	GAME_UNIQUE	52	named	tmpl__AV_tree_base_U_value_semantics_node_V_string_vs_0BAA_ratl_04Vtree_node_2_storage_ratl_ratl_::vfunc30
00138b00	GAME_UNIQUE	52	UNNAMED	FUN_00138b00
00150450	GAME_UNIQUE	52	named	tmpl__AV_tree_base_U_value_semantics_node_USFileRecord_CSoundSystem_0BCC_Vtree_node_ratl_storage_ratl::vfunc88
00163930	GAME_UNIQUE	52	named	CMenu::vfunc4
00168aa0	GAME_UNIQUE	52	UNNAMED	FUN_00168aa0
00168ee0	GAME_UNIQUE	52	UNNAMED	FUN_00168ee0
0016de90	GAME_UNIQUE	52	named	CMenuCredits::vfunc22
00177cb0	GAME_UNIQUE	52	named	CMenuItemListBox::vfunc67
00179220	GAME_UNIQUE	52	UNNAMED	FUN_00179220
0017ddf0	GAME_UNIQUE	52	UNNAMED	FUN_0017ddf0
00183df0	GAME_UNIQUE	52	UNNAMED	FUN_00183df0
00199fd0	GAME_UNIQUE	52	UNNAMED	FUN_00199fd0
001a8190	GAME_UNIQUE	52	UNNAMED	FUN_001a8190
0021da60	GAME_UNIQUE	52	UNNAMED	FUN_0021da60
00255c90	GAME_UNIQUE	52	UNNAMED	FUN_00255c90
002572f0	GAME_UNIQUE	52	UNNAMED	FUN_002572f0
00279b20	GAME_UNIQUE	52	UNNAMED	FUN_00279b20
0027f8a0	GAME_UNIQUE	52	UNNAMED	FUN_0027f8a0
002890f0	GAME_UNIQUE	52	UNNAMED	FUN_002890f0
0034238d	GAME_UNIQUE	52	UNNAMED	FUN_0034238d
0002b5a0	GAME_UNIQUE	51	UNNAMED	FUN_0002b5a0
0003b010	GAME_UNIQUE	51	UNNAMED	FUN_0003b010
00043170	XMEN_SERIES	51	UNNAMED	FUN_00043170
00048b40	GAME_UNIQUE	51	UNNAMED	FUN_00048b40
000495e0	GAME_UNIQUE	51	UNNAMED	FUN_000495e0
00051520	GAME_UNIQUE	51	UNNAMED	FUN_00051520
00055180	GAME_UNIQUE	51	named	tmpl__AV_map_vs_V_handle_str_0A_E_0PP_ratl_::vfunc57
0006cfb0	GAME_UNIQUE	51	UNNAMED	FUN_0006cfb0
00094d20	GAME_UNIQUE	51	UNNAMED	FUN_00094d20
00099fa0	GAME_UNIQUE	51	UNNAMED	FUN_00099fa0
000bf4c0	GAME_UNIQUE	51	UNNAMED	FUN_000bf4c0
000bfea0	GAME_UNIQUE	51	UNNAMED	FUN_000bfea0
000cdc10	GAME_UNIQUE	51	named	CCEAction::vfunc4
000defe0	GAME_PORTABLE	51	named	CCombatNodeHandler::vfunc385
000e0f20	GAME_UNIQUE	51	named	CCombatNodeHandler::vfunc320
000e4a00	GAME_PORTABLE	51	named	CCEAtkTeleport::vfunc54
000e5a70	GAME_UNIQUE	51	named	CCEAtkTeleport::vfunc418
000f6960	GAME_UNIQUE	51	UNNAMED	FUN_000f6960
00101940	GAME_UNIQUE	51	UNNAMED	FUN_00101940
001075e0	GAME_UNIQUE	51	UNNAMED	FUN_001075e0
0011fcc0	GAME_UNIQUE	51	named	CMemoryCardXBox::vfunc18
00134d60	GAME_UNIQUE	51	UNNAMED	FUN_00134d60
00135180	GAME_UNIQUE	51	named	IModelComponent::vfunc62
00145e60	GAME_UNIQUE	51	UNNAMED	FUN_00145e60
001469d0	GAME_PORTABLE	51	UNNAMED	FUN_001469d0
00161da0	GAME_UNIQUE	51	named	CMenu::vfunc7
0016ef30	GAME_UNIQUE	51	UNNAMED	FUN_0016ef30
00182e40	GAME_UNIQUE	51	named	tmpl__AV_tree_base_U_value_semantics_node_V_handle_str_01_00Vtree_node_ratl_storage_ratl_ratl_::vfunc62
00187c90	GAME_UNIQUE	51	named	CProcFullScreen::vfunc0
001ad7b0	XMEN_SERIES	51	UNNAMED	FUN_001ad7b0
00207440	GAME_UNIQUE	51	UNNAMED	FUN_00207440
0020a580	GAME_UNIQUE	51	UNNAMED	FUN_0020a580
00256340	GAME_UNIQUE	51	UNNAMED	FUN_00256340
00258990	GAME_UNIQUE	51	UNNAMED	FUN_00258990
003494d6	GAME_UNIQUE	51	named	__stbuf
003af616	GAME_UNIQUE	51	UNNAMED	FUN_003af616
003bb6ce	GAME_UNIQUE	51	UNNAMED	FUN_003bb6ce
00025b10	GAME_UNIQUE	50	UNNAMED	FUN_00025b10
00025e50	GAME_UNIQUE	50	UNNAMED	FUN_00025e50
00026a20	GAME_UNIQUE	50	UNNAMED	FUN_00026a20
00027850	GAME_UNIQUE	50	named	tmpl__AV_COnlyOneEvent_VCActor_VEFirstEquipment_::vfunc65
000299b0	GAME_PORTABLE	50	UNNAMED	FUN_000299b0
0002b1c0	GAME_UNIQUE	50	UNNAMED	FUN_0002b1c0
00038bc0	GAME_UNIQUE	50	UNNAMED	FUN_00038bc0
00040af0	GAME_UNIQUE	50	UNNAMED	FUN_00040af0
000593e0	GAME_UNIQUE	50	UNNAMED	FUN_000593e0
00082e70	GAME_UNIQUE	50	UNNAMED	FUN_00082e70
00083290	GAME_UNIQUE	50	named	IMap::vfunc45
000964f0	GAME_UNIQUE	50	UNNAMED	FUN_000964f0
000a1860	GAME_UNIQUE	50	named	CStaticQuery::vfunc30
000a8150	GAME_UNIQUE	50	UNNAMED	FUN_000a8150
000aa640	GAME_UNIQUE	50	named	tmpl__AV_CEntityFactory_VCScriptTriggerEntity_VCGameEntity_::vfunc5
000acad0	GAME_UNIQUE	50	named	CShadowMgr::vfunc4
000b9d50	GAME_UNIQUE	50	UNNAMED	FUN_000b9d50
000caa60	GAME_UNIQUE	50	UNNAMED	FUN_000caa60
000d6a90	GAME_UNIQUE	50	UNNAMED	FUN_000d6a90
000daa00	GAME_UNIQUE	50	named	CCombatNodeHandler::vfunc214
000e4f10	GAME_UNIQUE	50	named	CCEAtkTeleport::vfunc209
000ea160	GAME_UNIQUE	50	UNNAMED	FUN_000ea160
000f3ad0	GAME_UNIQUE	50	named	CAIHeroIdleHandler::vfunc12
00108fc0	GAME_UNIQUE	50	UNNAMED	FUN_00108fc0
00125270	GAME_UNIQUE	50	named	tmpl__AV_tree_base_U_value_semantics_node_V_string_vs_0BAA_ratl_04Vtree_node_2_storage_ratl_ratl_::vfunc27
00126ac0	GAME_UNIQUE	50	UNNAMED	FUN_00126ac0
00126ba0	GAME_UNIQUE	50	UNNAMED	FUN_00126ba0
00131ca0	GAME_UNIQUE	50	named	CIGBInfoCache2::vfunc3
0014adb0	GAME_UNIQUE	50	named	CZonePlayfield::vfunc45
0014c840	GAME_PORTABLE	50	UNNAMED	FUN_0014c840
00154310	GAME_UNIQUE	50	UNNAMED	FUN_00154310
00160b50	GAME_UNIQUE	50	UNNAMED	FUN_00160b50
0017d9e0	GAME_UNIQUE	50	UNNAMED	FUN_0017d9e0
0018a2c0	GAME_UNIQUE	50	UNNAMED	FUN_0018a2c0
00203130	GAME_UNIQUE	50	UNNAMED	FUN_00203130
00249e20	GAME_UNIQUE	50	UNNAMED	FUN_00249e20
00300c3c	GAME_UNIQUE	50	UNNAMED	FUN_00300c3c
003601d0	GAME_UNIQUE	50	UNNAMED	FUN_003601d0
003aae13	GAME_UNIQUE	50	UNNAMED	FUN_003aae13
003c2561	GAME_UNIQUE	50	UNNAMED	FUN_003c2561
00013ef0	GAME_PORTABLE	49	named	BitArray128_ProcessAndClear
00024200	GAME_UNIQUE	49	UNNAMED	FUN_00024200
0002e970	GAME_UNIQUE	49	UNNAMED	FUN_0002e970
00051c10	XMEN_SERIES	49	UNNAMED	FUN_00051c10
00056b70	GAME_UNIQUE	49	UNNAMED	FUN_00056b70
00057fa0	GAME_UNIQUE	49	named	CCollide::vfunc3
00069b70	GAME_UNIQUE	49	UNNAMED	FUN_00069b70
0006e880	GAME_PORTABLE	49	UNNAMED	FUN_0006e880
0007a700	GAME_UNIQUE	49	named	CSoundDebounce::vfunc7
0007aa60	GAME_PORTABLE	49	named	CSoundDebounce::vfunc8
0007df80	GAME_UNIQUE	49	UNNAMED	FUN_0007df80
00080560	GAME_UNIQUE	49	named	IMap::vfunc56
000824c0	GAME_UNIQUE	49	UNNAMED	FUN_000824c0
000940e0	GAME_UNIQUE	49	UNNAMED	FUN_000940e0
0009c590	GAME_UNIQUE	49	UNNAMED	FUN_0009c590
000a0840	XMEN_SERIES	49	named	CSortByDotProduct::vfunc2
000a1d30	GAME_UNIQUE	49	named	CStaticQuery::vfunc8
000a7d30	GAME_UNIQUE	49	UNNAMED	FUN_000a7d30
000ae540	GAME_UNIQUE	49	UNNAMED	FUN_000ae540
000bed60	GAME_UNIQUE	49	UNNAMED	FUN_000bed60
000d8040	GAME_UNIQUE	49	named	CCEAtkTeleport::vfunc296
000ed700	GAME_UNIQUE	49	UNNAMED	FUN_000ed700
0011c5f0	GAME_UNIQUE	49	named	tmpl__AV_tree_base_U_value_semantics_node_V_handle_str_0A_0EA_Vtree_node_ratl_storage_ratl_ratl_::vfunc22
00121ef0	GAME_PORTABLE	49	UNNAMED	FUN_00121ef0
00127860	GAME_UNIQUE	49	UNNAMED	FUN_00127860
00131280	GAME_UNIQUE	49	named	PurgeHeap
00131320	GAME_UNIQUE	49	UNNAMED	FUN_00131320
00147c50	GAME_UNIQUE	49	UNNAMED	FUN_00147c50
00147cf0	GAME_PORTABLE	49	UNNAMED	FUN_00147cf0
00151270	GAME_PORTABLE	49	UNNAMED	FUN_00151270
001591b0	GAME_UNIQUE	49	UNNAMED	FUN_001591b0
00174150	GAME_UNIQUE	49	UNNAMED	FUN_00174150
001750f0	GAME_UNIQUE	49	named	CMenuItemCharacters::vfunc25
00178c40	GAME_UNIQUE	49	named	CMenuItemListBox::vfunc25
00185850	GAME_UNIQUE	49	UNNAMED	FUN_00185850
001860a0	GAME_UNIQUE	49	UNNAMED	FUN_001860a0
001ed090	GAME_UNIQUE	49	UNNAMED	FUN_001ed090
00203270	GAME_UNIQUE	49	UNNAMED	FUN_00203270
002311c0	GAME_UNIQUE	49	UNNAMED	FUN_002311c0
0027b130	GAME_UNIQUE	49	UNNAMED	FUN_0027b130
00281af0	GAME_UNIQUE	49	UNNAMED	FUN_00281af0
0030f470	GAME_UNIQUE	49	UNNAMED	FUN_0030f470
00314a40	GAME_UNIQUE	49	UNNAMED	FUN_00314a40
0034ceec	GAME_UNIQUE	49	UNNAMED	FUN_0034ceec
003713a9	GAME_UNIQUE	49	UNNAMED	FUN_003713a9
003c17d8	GAME_UNIQUE	49	UNNAMED	FUN_003c17d8
00015340	GAME_UNIQUE	48	named	SpatialPool_AllocAndConstruct_588
000153f0	GAME_UNIQUE	48	named	SpatialPool_AllocAndConstruct_LeafNodeB_588
000154a0	GAME_UNIQUE	48	named	SpatialPool_AllocAndConstruct_BoundedLeafNode_588
00015550	GAME_UNIQUE	48	named	SpatialPool_AllocAndConstruct_DualBoundedLeafNode_588
00015600	GAME_UNIQUE	48	named	SpatialPool_AllocAndConstruct_TripleBoundedLeafNode_588
000156b0	GAME_UNIQUE	48	named	SpatialPool_AllocAndConstruct_MultiBoundedLeafNode_588
00015760	GAME_UNIQUE	48	named	AudioPool_AllocAndConstruct_DualKinematicLeaf_588
00015980	GAME_UNIQUE	48	named	SpatialPool_AllocAndConstruct_LeafNode_588
00015aa0	GAME_UNIQUE	48	named	SpatialPool_AllocAndConstruct_ExtendedNode_588
00015c60	GAME_UNIQUE	48	named	SpatialPool_AllocAndConstruct_DualBoundedLeafNode_588
00016470	GAME_UNIQUE	48	named	SpatialPool_InitManagerVariant_588
0001d3a0	GAME_UNIQUE	48	named	CFxTessMeshPrimitive::vfunc55
00025940	GAME_UNIQUE	48	UNNAMED	FUN_00025940
0002c970	GAME_UNIQUE	48	UNNAMED	FUN_0002c970
00038c60	GAME_UNIQUE	48	UNNAMED	FUN_00038c60
0003a3e0	GAME_UNIQUE	48	UNNAMED	FUN_0003a3e0
0003e0b0	GAME_UNIQUE	48	UNNAMED	FUN_0003e0b0
0004b400	GAME_UNIQUE	48	UNNAMED	FUN_0004b400
000666e0	GAME_PORTABLE	48	UNNAMED	FUN_000666e0
00067140	GAME_UNIQUE	48	UNNAMED	FUN_00067140
0006dd50	GAME_UNIQUE	48	UNNAMED	FUN_0006dd50
00072d50	GAME_UNIQUE	48	named	CGame::vfunc69
00075470	GAME_UNIQUE	48	UNNAMED	FUN_00075470
0008f180	GAME_PORTABLE	48	UNNAMED	FUN_0008f180
000914c0	GAME_UNIQUE	48	named	tmpl__AV_COnlyOneEvent_VCActor_VEFirstEquipment_::vfunc73
00095280	GAME_UNIQUE	48	UNNAMED	FUN_00095280
0009b240	GAME_UNIQUE	48	UNNAMED	FUN_0009b240
0009b2e0	GAME_UNIQUE	48	UNNAMED	FUN_0009b2e0
0009b380	GAME_UNIQUE	48	UNNAMED	FUN_0009b380
000a5d40	GAME_UNIQUE	48	UNNAMED	FUN_000a5d40
000b98b0	GAME_PORTABLE	48	UNNAMED	FUN_000b98b0
000b9a80	GAME_UNIQUE	48	named	CWeaponInfo::vfunc18
000d7290	GAME_UNIQUE	48	named	CCEAtkTeleport::vfunc251
000e1530	GAME_UNIQUE	48	named	CCombatNodeHandler::vfunc250
000e33f0	GAME_UNIQUE	48	UNNAMED	FUN_000e33f0
000ebaa0	GAME_UNIQUE	48	UNNAMED	FUN_000ebaa0
00102030	GAME_UNIQUE	48	UNNAMED	FUN_00102030
001182b0	GAME_UNIQUE	48	UNNAMED	FUN_001182b0
0011b710	GAME_UNIQUE	48	UNNAMED	FUN_0011b710
00122050	GAME_UNIQUE	48	UNNAMED	FUN_00122050
00122380	GAME_UNIQUE	48	UNNAMED	FUN_00122380
001224f0	GAME_UNIQUE	48	UNNAMED	FUN_001224f0
00122580	GAME_UNIQUE	48	UNNAMED	FUN_00122580
00122610	GAME_UNIQUE	48	UNNAMED	FUN_00122610
001226a0	GAME_UNIQUE	48	UNNAMED	FUN_001226a0
00122730	GAME_UNIQUE	48	UNNAMED	FUN_00122730
001227c0	GAME_UNIQUE	48	UNNAMED	FUN_001227c0
00123220	GAME_UNIQUE	48	UNNAMED	FUN_00123220
0012dc10	GAME_UNIQUE	48	UNNAMED	FUN_0012dc10
001375c0	GAME_UNIQUE	48	UNNAMED	FUN_001375c0
001376e0	GAME_UNIQUE	48	UNNAMED	FUN_001376e0
00137790	GAME_UNIQUE	48	UNNAMED	FUN_00137790
00137950	GAME_UNIQUE	48	UNNAMED	FUN_00137950
00148740	GAME_UNIQUE	48	UNNAMED	FUN_00148740
00151880	GAME_UNIQUE	48	named	tmpl__AV_tree_base_U_value_semantics_node_USFileRecord_CSoundSystem_0BCC_Vtree_node_ratl_storage_ratl::vfunc92
0015fe00	GAME_PORTABLE	48	UNNAMED	FUN_0015fe00
00167d10	GAME_UNIQUE	48	UNNAMED	FUN_00167d10
001780d0	GAME_UNIQUE	48	named	CMenuItemListBox::vfunc27
0018a670	GAME_UNIQUE	48	UNNAMED	FUN_0018a670
0018b930	GAME_UNIQUE	48	UNNAMED	FUN_0018b930
0020dd90	GAME_UNIQUE	48	UNNAMED	FUN_0020dd90
002120f0	GAME_UNIQUE	48	UNNAMED	FUN_002120f0
0025aa30	GAME_UNIQUE	48	UNNAMED	FUN_0025aa30
0033c350	XMEN_SERIES	48	UNNAMED	FUN_0033c350
0033c3d0	XMEN_SERIES	48	UNNAMED	FUN_0033c3d0
00362144	GAME_UNIQUE	48	UNNAMED	FUN_00362144
00372f9a	GAME_UNIQUE	48	named	DSOUND__CMcpxAPU_ServiceDeferredCommandsLow
003c110b	GAME_UNIQUE	48	UNNAMED	FUN_003c110b
00027c70	GAME_UNIQUE	47	UNNAMED	FUN_00027c70
000325e0	XMEN_SERIES	47	named	CActor::vfunc15
000326f0	GAME_UNIQUE	47	UNNAMED	FUN_000326f0
00036190	GAME_UNIQUE	47	UNNAMED	FUN_00036190
00048480	GAME_UNIQUE	47	UNNAMED	FUN_00048480
0004de40	GAME_UNIQUE	47	named	CCamera::vfunc3
0007ae70	GAME_UNIQUE	47	UNNAMED	FUN_0007ae70
000843c0	GAME_UNIQUE	47	named	CMissionMgr::vfunc2
0009b660	GAME_UNIQUE	47	UNNAMED	FUN_0009b660
0009ed90	GAME_UNIQUE	47	UNNAMED	FUN_0009ed90
000a17c0	GAME_UNIQUE	47	named	CStaticQuery::vfunc28
000a5900	GAME_UNIQUE	47	UNNAMED	FUN_000a5900
000a9e70	GAME_UNIQUE	47	UNNAMED	FUN_000a9e70
000adff0	GAME_UNIQUE	47	UNNAMED	FUN_000adff0
000be970	GAME_UNIQUE	47	UNNAMED	FUN_000be970
000c0700	GAME_UNIQUE	47	UNNAMED	FUN_000c0700
000c7b40	GAME_UNIQUE	47	UNNAMED	FUN_000c7b40
000cf450	GAME_UNIQUE	47	UNNAMED	FUN_000cf450
000d45f0	GAME_UNIQUE	47	named	CCEAtkTeleport::vfunc16
000dddf0	GAME_UNIQUE	47	named	CCHDiveKickPrep::vfunc509
000e4480	GAME_UNIQUE	47	named	CCEAtkSpawnProjectile::vfunc67
000e4910	GAME_PORTABLE	47	named	CCEAtkTeleport::vfunc42
000e4c60	GAME_PORTABLE	47	named	CCEAtkTeleport::vfunc186
000e9960	GAME_UNIQUE	47	named	tmpl__AV_tree_base_U_value_semantics_node_V_handle_str_02_0BH_Vtree_node_ratl_storage_ratl_ratl_::vfunc21
000ec570	GAME_UNIQUE	47	UNNAMED	FUN_000ec570
000ecce0	GAME_UNIQUE	47	UNNAMED	FUN_000ecce0
000fce90	GAME_UNIQUE	47	UNNAMED	FUN_000fce90
000ff5e0	GAME_PORTABLE	47	UNNAMED	FUN_000ff5e0
00126d00	GAME_UNIQUE	47	UNNAMED	FUN_00126d00
0012da20	GAME_UNIQUE	47	UNNAMED	FUN_0012da20
0012e470	GAME_PORTABLE	47	UNNAMED	FUN_0012e470
001373d0	GAME_PORTABLE	47	UNNAMED	FUN_001373d0
00139ee0	GAME_UNIQUE	47	named	IModelComponent::vfunc56
0014bfb0	GAME_PORTABLE	47	UNNAMED	FUN_0014bfb0
001517f0	GAME_UNIQUE	47	named	tmpl__AV_tree_base_U_value_semantics_node_USFileRecord_CSoundSystem_0BCC_Vtree_node_ratl_storage_ratl::vfunc90
0016b570	GAME_UNIQUE	47	UNNAMED	FUN_0016b570
00170160	GAME_UNIQUE	47	UNNAMED	FUN_00170160
00179060	GAME_UNIQUE	47	named	CMenuItemListBox::vfunc6
00181b50	GAME_UNIQUE	47	UNNAMED	FUN_00181b50
0018a4f0	GAME_UNIQUE	47	named	CHudInputMap::vfunc6
0018d9b0	GAME_UNIQUE	47	UNNAMED	FUN_0018d9b0
00193e70	GAME_UNIQUE	47	UNNAMED	FUN_00193e70
0019cfe2	GAME_UNIQUE	47	UNNAMED	FUN_0019cfe2
00203b80	GAME_UNIQUE	47	UNNAMED	FUN_00203b80
00237f20	GAME_UNIQUE	47	UNNAMED	FUN_00237f20
0024f580	XMEN_SERIES	47	UNNAMED	FUN_0024f580
0026dd50	GAME_UNIQUE	47	UNNAMED	FUN_0026dd50
0030ce80	XMEN_SERIES	47	UNNAMED	FUN_0030ce80
00323f60	GAME_UNIQUE	47	UNNAMED	FUN_00323f60
0032e3c0	GAME_UNIQUE	47	UNNAMED	FUN_0032e3c0
0033a5d0	GAME_UNIQUE	47	UNNAMED	FUN_0033a5d0
00015ef0	GAME_UNIQUE	46	named	SpatialPool_GenerateRandomOffsetSecondary_588
00027260	GAME_UNIQUE	46	UNNAMED	FUN_00027260
00048ef0	GAME_UNIQUE	46	UNNAMED	FUN_00048ef0
00049510	GAME_PORTABLE	46	UNNAMED	FUN_00049510
00056190	GAME_UNIQUE	46	named	tmpl__AV_map_vs_V_handle_str_0A_E_0PP_ratl_::vfunc13
0005e800	GAME_UNIQUE	46	UNNAMED	FUN_0005e800
00074c80	GAME_UNIQUE	46	named	tmpl__AV_COnlyOneEvent_VCActor_VEFirstEquipment_::vfunc90
0007a260	GAME_UNIQUE	46	named	CSoundDebounce::vfunc3
00083400	GAME_UNIQUE	46	UNNAMED	FUN_00083400
000872a0	GAME_UNIQUE	46	UNNAMED	FUN_000872a0
0008f330	GAME_UNIQUE	46	named	CPathGrid::vfunc15
0009b030	GAME_UNIQUE	46	UNNAMED	FUN_0009b030
0009e9e0	GAME_UNIQUE	46	UNNAMED	FUN_0009e9e0
000a0bc0	XMEN_SERIES	46	named	CSortByDotProduct::vfunc0
000ad890	GAME_UNIQUE	46	UNNAMED	FUN_000ad890
000adef0	GAME_UNIQUE	46	UNNAMED	FUN_000adef0
000cfdc0	GAME_UNIQUE	46	named	CCEAtk::vfunc1
000d8c70	GAME_UNIQUE	46	named	CCEAtkTeleport::vfunc435
000dab30	XMEN_SERIES	46	named	CCombatNodeHandler::vfunc202
00102fc0	GAME_UNIQUE	46	UNNAMED	FUN_00102fc0
00127950	GAME_UNIQUE	46	UNNAMED	FUN_00127950
00128220	GAME_UNIQUE	46	named	TiXmlComment::vfunc22
00130b70	GAME_UNIQUE	46	UNNAMED	FUN_00130b70
00133ec0	GAME_UNIQUE	46	UNNAMED	FUN_00133ec0
00135a40	GAME_UNIQUE	46	UNNAMED	FUN_00135a40
00138d50	GAME_UNIQUE	46	UNNAMED	FUN_00138d50
0014c710	GAME_UNIQUE	46	UNNAMED	FUN_0014c710
00151310	GAME_UNIQUE	46	named	tmpl__AV_tree_base_U_value_semantics_node_USFileRecord_CSoundSystem_0BCC_Vtree_node_ratl_storage_ratl::vfunc91
00160980	GAME_UNIQUE	46	UNNAMED	FUN_00160980
00163e80	GAME_UNIQUE	46	UNNAMED	FUN_00163e80
0016f9c0	GAME_UNIQUE	46	UNNAMED	FUN_0016f9c0
00171c40	GAME_UNIQUE	46	UNNAMED	FUN_00171c40
00174f60	GAME_UNIQUE	46	named	CMenuItemCharacters::vfunc14
00178b90	GAME_UNIQUE	46	UNNAMED	FUN_00178b90
00181560	GAME_UNIQUE	46	named	tmpl__AV_tree_base_U_value_semantics_node_V_handle_str_01_00Vtree_node_ratl_storage_ratl_ratl_::vfunc74
0018ae50	GAME_UNIQUE	46	UNNAMED	FUN_0018ae50
0018ec90	GAME_UNIQUE	46	UNNAMED	FUN_0018ec90
00190100	GAME_UNIQUE	46	UNNAMED	FUN_00190100
001eb780	GAME_UNIQUE	46	UNNAMED	FUN_001eb780
0026d9c0	GAME_UNIQUE	46	UNNAMED	FUN_0026d9c0
002c8139	GAME_UNIQUE	46	UNNAMED	FUN_002c8139
0035e720	XMEN_SERIES	46	named	D3D8__D3D_CommonSetDebugRegisters
0035fc00	GAME_UNIQUE	46	named	D3D8__CDevice_KickOff
00015bd0	GAME_UNIQUE	45	named	SpatialPool_AllocAndConstruct_VariantExtIf_588
00018900	GAME_UNIQUE	45	UNNAMED	FUN_00018900
000271e0	GAME_UNIQUE	45	UNNAMED	FUN_000271e0
0002dfa0	GAME_UNIQUE	45	UNNAMED	FUN_0002dfa0
00031710	GAME_UNIQUE	45	UNNAMED	FUN_00031710
000369d0	GAME_UNIQUE	45	UNNAMED	FUN_000369d0
00047450	GAME_UNIQUE	45	UNNAMED	FUN_00047450
00049040	GAME_UNIQUE	45	UNNAMED	FUN_00049040
0004bb00	GAME_PORTABLE	45	UNNAMED	FUN_0004bb00
0004bef0	GAME_UNIQUE	45	UNNAMED	FUN_0004bef0
0004c1b0	GAME_PORTABLE	45	UNNAMED	FUN_0004c1b0
000515c0	GAME_UNIQUE	45	named	CCamera::vfunc83
00052380	GAME_PORTABLE	45	UNNAMED	FUN_00052380
0005cf90	GAME_UNIQUE	45	UNNAMED	FUN_0005cf90
0005d030	GAME_UNIQUE	45	UNNAMED	FUN_0005d030
000604f0	GAME_UNIQUE	45	UNNAMED	FUN_000604f0
00065f50	GAME_UNIQUE	45	named	tmpl__AV_CEntityFactory_VCDoorEntity_VCPhysicalEntity_::vfunc9
00066d70	GAME_UNIQUE	45	UNNAMED	FUN_00066d70
0006cd10	GAME_UNIQUE	45	UNNAMED	FUN_0006cd10
00078cb0	GAME_UNIQUE	45	UNNAMED	FUN_00078cb0
0007ff10	GAME_UNIQUE	45	UNNAMED	FUN_0007ff10
000825a0	GAME_PORTABLE	45	UNNAMED	FUN_000825a0
00084210	GAME_UNIQUE	45	UNNAMED	FUN_00084210
0008a2a0	GAME_UNIQUE	45	named	CMultiplayer::vfunc16
0009dad0	GAME_UNIQUE	45	UNNAMED	FUN_0009dad0
000a2780	GAME_UNIQUE	45	named	CStaticQuery::vfunc1
000a48c0	GAME_UNIQUE	45	named	CReviewPaths::vfunc11
000a4ad0	GAME_UNIQUE	45	named	CReviewPaths::vfunc12
000b2a50	GAME_UNIQUE	45	UNNAMED	FUN_000b2a50
000b3b30	GAME_PORTABLE	45	UNNAMED	FUN_000b3b30
000b3c30	GAME_PORTABLE	45	UNNAMED	FUN_000b3c30
000bf7e0	GAME_UNIQUE	45	UNNAMED	FUN_000bf7e0
000bf840	GAME_UNIQUE	45	UNNAMED	FUN_000bf840
000cb020	GAME_PORTABLE	45	UNNAMED	FUN_000cb020
000cfbf0	GAME_UNIQUE	45	UNNAMED	FUN_000cfbf0
000d8320	GAME_UNIQUE	45	named	CCEAtkTeleport::vfunc339
000d84b0	GAME_UNIQUE	45	named	CCEAtkTeleport::vfunc394
000da2d0	GAME_UNIQUE	45	named	CCombatNodeHandler::vfunc412
000da7f0	GAME_UNIQUE	45	named	CCombatNodeHandler::vfunc205
000eb0a0	GAME_UNIQUE	45	UNNAMED	FUN_000eb0a0
00101ce0	GAME_UNIQUE	45	UNNAMED	FUN_00101ce0
00103f90	GAME_UNIQUE	45	UNNAMED	FUN_00103f90
00107790	GAME_UNIQUE	45	UNNAMED	FUN_00107790
00109300	GAME_UNIQUE	45	UNNAMED	FUN_00109300
00121680	GAME_UNIQUE	45	named	tmpl__AV_tree_base_U_value_semantics_node_V_handle_str_0A_09Vtree_node_ratl_storage_ratl_ratl_::vfunc26
00126390	GAME_UNIQUE	45	named	TiXmlBase::vfunc4
001285c0	GAME_UNIQUE	45	UNNAMED	FUN_001285c0
00137330	GAME_PORTABLE	45	UNNAMED	FUN_00137330
0013df30	GAME_PORTABLE	45	UNNAMED	FUN_0013df30
0014aa20	XMEN_SERIES	45	UNNAMED	FUN_0014aa20
00154190	GAME_UNIQUE	45	named	CHud::vfunc27
00154490	GAME_UNIQUE	45	UNNAMED	FUN_00154490
001545d0	GAME_UNIQUE	45	UNNAMED	FUN_001545d0
00154a40	GAME_UNIQUE	45	UNNAMED	FUN_00154a40
00156e20	GAME_UNIQUE	45	named	CHud::vfunc12
0015ff00	GAME_PORTABLE	45	UNNAMED	FUN_0015ff00
00169140	GAME_UNIQUE	45	UNNAMED	FUN_00169140
0017a6b0	GAME_UNIQUE	45	UNNAMED	FUN_0017a6b0
00193bf0	GAME_UNIQUE	45	UNNAMED	FUN_00193bf0
00212650	GAME_UNIQUE	45	UNNAMED	FUN_00212650
00215e30	GAME_UNIQUE	45	UNNAMED	FUN_00215e30
00222870	GAME_UNIQUE	45	UNNAMED	FUN_00222870
00277f50	GAME_UNIQUE	45	UNNAMED	FUN_00277f50
00321460	GAME_UNIQUE	45	UNNAMED	FUN_00321460
0032f1f0	GAME_UNIQUE	45	UNNAMED	FUN_0032f1f0
0033f690	GAME_UNIQUE	45	UNNAMED	FUN_0033f690
003427f6	GAME_UNIQUE	45	UNNAMED	FUN_003427f6
0035ebe0	GAME_UNIQUE	45	named	D3D8__D3DDevice_SetRenderState_StencilEnable
003680d0	GAME_UNIQUE	45	named	D3D8__Direct3D_CreateDevice
00012c60	GAME_UNIQUE	44	named	Matrix_Assign
00016a20	GAME_UNIQUE	44	UNNAMED	FUN_00016a20
0002b930	GAME_UNIQUE	44	UNNAMED	FUN_0002b930
0002ee50	GAME_UNIQUE	44	UNNAMED	FUN_0002ee50
00031f10	GAME_UNIQUE	44	UNNAMED	FUN_00031f10
000475b0	GAME_UNIQUE	44	UNNAMED	FUN_000475b0
000481f0	GAME_UNIQUE	44	UNNAMED	FUN_000481f0
0004b080	GAME_UNIQUE	44	UNNAMED	FUN_0004b080
0004b140	GAME_UNIQUE	44	UNNAMED	FUN_0004b140
00054ba0	GAME_UNIQUE	44	named	tmpl__AV_map_vs_V_handle_str_0A_E_0PP_ratl_::vfunc22
00058760	GAME_UNIQUE	44	UNNAMED	FUN_00058760
0006b520	GAME_UNIQUE	44	named	CEntityGrid::vfunc12
00099d10	GAME_UNIQUE	44	named	CPythonGameInterface::vfunc10
000a1370	GAME_UNIQUE	44	named	CStaticQuery::vfunc2
000a82c0	GAME_UNIQUE	44	UNNAMED	FUN_000a82c0
000a9850	GAME_UNIQUE	44	named	CScanTurretEntity::vfunc5
000b4c40	GAME_UNIQUE	44	named	CTalentSystem::vfunc13
000b93f0	GAME_UNIQUE	44	UNNAMED	FUN_000b93f0
000becb0	GAME_UNIQUE	44	UNNAMED	FUN_000becb0
000d7310	GAME_UNIQUE	44	named	CCEAtkTeleport::vfunc482
000d7e30	GAME_UNIQUE	44	named	CCEAtkTeleport::vfunc285
000da4d0	GAME_UNIQUE	44	named	CCombatNodeHandler::vfunc236
000df070	GAME_UNIQUE	44	named	CCombatNodeHandler::vfunc394
000e4e30	GAME_UNIQUE	44	named	CCEAtkTeleport::vfunc198
000e5310	GAME_UNIQUE	44	named	CCEAtkTeleport::vfunc264
000e53e0	GAME_PORTABLE	44	named	CCEAtkTeleport::vfunc275
000fd010	XMEN_SERIES	44	UNNAMED	FUN_000fd010
000ff420	GAME_UNIQUE	44	UNNAMED	FUN_000ff420
00104aa0	GAME_UNIQUE	44	UNNAMED	FUN_00104aa0
001102f0	GAME_UNIQUE	44	UNNAMED	FUN_001102f0
00125c50	GAME_UNIQUE	44	UNNAMED	FUN_00125c50
00126f40	GAME_UNIQUE	44	UNNAMED	FUN_00126f40
0012b230	GAME_UNIQUE	44	UNNAMED	FUN_0012b230
0012efa0	GAME_UNIQUE	44	UNNAMED	FUN_0012efa0
00136420	GAME_PORTABLE	44	UNNAMED	FUN_00136420
00150630	GAME_UNIQUE	44	UNNAMED	FUN_00150630
0016f7e0	GAME_UNIQUE	44	UNNAMED	FUN_0016f7e0
0017aad0	GAME_UNIQUE	44	UNNAMED	FUN_0017aad0
001801d0	GAME_UNIQUE	44	named	CMenuReviewPaths::vfunc16
001802f0	GAME_UNIQUE	44	UNNAMED	FUN_001802f0
001834a0	GAME_PORTABLE	44	UNNAMED	FUN_001834a0
00185780	GAME_UNIQUE	44	UNNAMED	FUN_00185780
00186bc0	GAME_UNIQUE	44	named	CPopupDialog::vfunc5
00191f50	GAME_UNIQUE	44	UNNAMED	FUN_00191f50
0019aa00	GAME_UNIQUE	44	UNNAMED	FUN_0019aa00
001a7db0	GAME_UNIQUE	44	UNNAMED	FUN_001a7db0
002941f0	GAME_UNIQUE	44	UNNAMED	FUN_002941f0
003074b0	GAME_UNIQUE	44	UNNAMED	FUN_003074b0
0032e4a0	GAME_UNIQUE	44	UNNAMED	FUN_0032e4a0
00367150	XMEN_SERIES	44	UNNAMED	FUN_00367150
00367af0	XMEN_SERIES	44	named	D3D8__D3DDevice_DrawVertices
00013b10	GAME_UNIQUE	43	named	AudioNode_UpdateDualKinematics
00016180	GAME_UNIQUE	43	named	AudioManager_AllocateAndScheduleEvent_588
000294b0	GAME_UNIQUE	43	UNNAMED	FUN_000294b0
0002eca0	GAME_UNIQUE	43	named	CActor::vfunc116
0002f620	GAME_UNIQUE	43	named	CActor::vfunc92
00040df0	GAME_UNIQUE	43	UNNAMED	FUN_00040df0
00047b70	GAME_UNIQUE	43	UNNAMED	FUN_00047b70
00051f80	GAME_UNIQUE	43	UNNAMED	FUN_00051f80
00052020	GAME_UNIQUE	43	UNNAMED	FUN_00052020
00059a50	GAME_UNIQUE	43	named	CCombatSystem::vfunc12
0005d870	GAME_UNIQUE	43	UNNAMED	FUN_0005d870
00075680	GAME_UNIQUE	43	named	tmpl__AV_COnlyOneEvent_VCActor_VEFirstEquipment_::vfunc96
0007d610	GAME_UNIQUE	43	named	CInventoryEntity::vfunc4
000885f0	GAME_UNIQUE	43	UNNAMED	FUN_000885f0
000899f0	GAME_UNIQUE	43	UNNAMED	FUN_000899f0
0009b780	GAME_UNIQUE	43	UNNAMED	FUN_0009b780
000a2b90	GAME_UNIQUE	43	UNNAMED	FUN_000a2b90
000a7325	GAME_UNIQUE	43	named	IConversationSystem::vfunc22
000b2d10	GAME_UNIQUE	43	UNNAMED	FUN_000b2d10
000c0220	GAME_UNIQUE	43	UNNAMED	FUN_000c0220
000d53b0	GAME_UNIQUE	43	named	CCEAtkTeleport::vfunc29
000f46f0	GAME_UNIQUE	43	named	CAIPattern::vfunc10
000ff1d0	GAME_UNIQUE	43	UNNAMED	FUN_000ff1d0
0011fd70	GAME_UNIQUE	43	named	CMemoryCardXBox::vfunc19
00125610	GAME_PORTABLE	43	UNNAMED	FUN_00125610
00133e30	GAME_UNIQUE	43	UNNAMED	FUN_00133e30
001502d0	GAME_UNIQUE	43	named	tmpl__AV_tree_base_U_value_semantics_node_USFileRecord_CSoundSystem_0BCC_Vtree_node_ratl_storage_ratl::vfunc94
00154800	GAME_PORTABLE	43	UNNAMED	FUN_00154800
001610b0	GAME_UNIQUE	43	named	CMenu::vfunc2
00179c60	GAME_UNIQUE	43	named	CMenuItemListBox::vfunc30
00190680	XMEN_SERIES	43	UNNAMED	FUN_00190680
00213e30	GAME_UNIQUE	43	UNNAMED	FUN_00213e30
0025d160	GAME_UNIQUE	43	UNNAMED	FUN_0025d160
00297040	GAME_UNIQUE	43	UNNAMED	FUN_00297040
0034893f	GAME_UNIQUE	43	named	__trandisp2
003acf62	GAME_UNIQUE	43	UNNAMED	FUN_003acf62
003c2e04	GAME_UNIQUE	43	UNNAMED	FUN_003c2e04
000121c0	GAME_UNIQUE	42	named	Ray_GetRandomPoint
00015b50	GAME_UNIQUE	42	named	SpatialPool_AllocAndConstruct_VariantIf_588
00018830	GAME_UNIQUE	42	named	tmpl__AV_tree_base_U_value_semantics_node_USFxFileRecord_CFxTemplateManager_0KP_Vtree_node_ratl_stora::vfunc28
00027a60	GAME_UNIQUE	42	named	tmpl__AV_COnlyOneEvent_VCActor_VEFirstEquipment_::vfunc68
000402b0	GAME_UNIQUE	42	UNNAMED	FUN_000402b0
00052d40	GAME_PORTABLE	42	UNNAMED	FUN_00052d40
00054c30	GAME_UNIQUE	42	named	tmpl__AV_map_vs_V_handle_str_0A_E_0PP_ratl_::vfunc26
00054cb0	GAME_UNIQUE	42	named	tmpl__AV_map_vs_V_handle_str_0A_E_0PP_ratl_::vfunc27
00060120	GAME_UNIQUE	42	named	CBlock::vfunc10
00078110	GAME_UNIQUE	42	named	tmpl__AV_COnlyOneEvent_VCActor_VEFirstEquipment_::vfunc98
0007c610	GAME_UNIQUE	42	UNNAMED	FUN_0007c610
0007eb70	GAME_UNIQUE	42	named	CInventorySystem::vfunc8
00080040	GAME_UNIQUE	42	UNNAMED	FUN_00080040
00082f40	GAME_UNIQUE	42	UNNAMED	FUN_00082f40
0008a230	GAME_UNIQUE	42	named	CMultiplayer::vfunc15
0008f280	GAME_PORTABLE	42	named	CPath::vfunc6
0008f610	GAME_UNIQUE	42	UNNAMED	FUN_0008f610
000947e0	GAME_UNIQUE	42	UNNAMED	FUN_000947e0
0009b420	GAME_UNIQUE	42	UNNAMED	FUN_0009b420
000a80c0	GAME_UNIQUE	42	UNNAMED	FUN_000a80c0
000bcb10	GAME_UNIQUE	42	named	CWeapons::vfunc3
000cccf0	GAME_UNIQUE	42	UNNAMED	FUN_000cccf0
000d9590	GAME_UNIQUE	42	named	CCombatNodeHandler::vfunc443
000da960	XMEN_SERIES	42	named	CCombatNodeHandler::vfunc211
000e15c0	GAME_UNIQUE	42	named	CCombatNodeHandler::vfunc508
000fcf80	GAME_PORTABLE	42	UNNAMED	FUN_000fcf80
00108f20	GAME_UNIQUE	42	UNNAMED	FUN_00108f20
0011b7c0	GAME_UNIQUE	42	UNNAMED	FUN_0011b7c0
00125fe0	GAME_UNIQUE	42	UNNAMED	FUN_00125fe0
00126080	GAME_UNIQUE	42	UNNAMED	FUN_00126080
00126db0	GAME_UNIQUE	42	UNNAMED	FUN_00126db0
0012ddf0	GAME_UNIQUE	42	UNNAMED	FUN_0012ddf0
00146320	GAME_UNIQUE	42	named	tmpl__AV_CSafeResMgrI_VIPlayfield_04_0CLDI_::vfunc19
001626d0	GAME_UNIQUE	42	UNNAMED	FUN_001626d0
0017a280	GAME_UNIQUE	42	UNNAMED	FUN_0017a280
0017e490	GAME_UNIQUE	42	UNNAMED	FUN_0017e490
00183270	GAME_PORTABLE	42	named	tmpl__AV_tree_base_U_value_semantics_node_V_handle_str_01_00Vtree_node_ratl_storage_ratl_ratl_::vfunc4
001873d0	GAME_UNIQUE	42	named	CPopupDialog::vfunc3
001f4f20	GAME_UNIQUE	42	UNNAMED	FUN_001f4f20
00205c70	GAME_UNIQUE	42	UNNAMED	FUN_00205c70
00249a40	GAME_UNIQUE	42	UNNAMED	FUN_00249a40
0025a4b0	GAME_UNIQUE	42	UNNAMED	FUN_0025a4b0
0025a880	GAME_UNIQUE	42	UNNAMED	FUN_0025a880
0026d0a0	GAME_UNIQUE	42	UNNAMED	FUN_0026d0a0
00279600	GAME_UNIQUE	42	UNNAMED	FUN_00279600
002825c0	GAME_UNIQUE	42	UNNAMED	FUN_002825c0
00306e70	XMEN_SERIES	42	UNNAMED	FUN_00306e70
00308820	GAME_UNIQUE	42	UNNAMED	FUN_00308820
0030c190	GAME_UNIQUE	42	UNNAMED	FUN_0030c190
0030f810	GAME_UNIQUE	42	UNNAMED	FUN_0030f810
0031f250	GAME_UNIQUE	42	UNNAMED	FUN_0031f250
0034d55d	GAME_UNIQUE	42	UNNAMED	FUN_0034d55d
003778f3	GAME_UNIQUE	42	UNNAMED	FUN_003778f3
003bf910	GAME_UNIQUE	42	UNNAMED	FUN_003bf910
00015810	GAME_UNIQUE	41	named	SpatialPool_AllocAndConstruct_DerivedIf_588
00015890	GAME_UNIQUE	41	named	SpatialPool_AllocAndConstruct_QueryIf_588
0001d200	GAME_UNIQUE	41	UNNAMED	FUN_0001d200
00026420	GAME_PORTABLE	41	UNNAMED	FUN_00026420
0002b650	GAME_UNIQUE	41	UNNAMED	FUN_0002b650
00030800	GAME_UNIQUE	41	UNNAMED	FUN_00030800
00047620	GAME_UNIQUE	41	UNNAMED	FUN_00047620
00049990	GAME_UNIQUE	41	UNNAMED	FUN_00049990
000541e0	GAME_UNIQUE	41	named	tmpl__AV_map_vs_V_handle_str_0A_E_0PP_ratl_::vfunc56
00060460	GAME_UNIQUE	41	UNNAMED	FUN_00060460
0006aec0	GAME_UNIQUE	41	UNNAMED	FUN_0006aec0
0006f7e0	GAME_UNIQUE	41	named	CGame::vfunc73
00077200	GAME_UNIQUE	41	named	tmpl__AV_COnlyOneEvent_VCActor_VEFirstEquipment_::vfunc99
00078b80	GAME_UNIQUE	41	UNNAMED	FUN_00078b80
0007a1b0	GAME_UNIQUE	41	named	CSoundDebounce::vfunc0
0007ebe0	GAME_UNIQUE	41	named	CInventorySystem::vfunc23
0007eeb0	GAME_UNIQUE	41	UNNAMED	FUN_0007eeb0
000804b0	GAME_UNIQUE	41	named	IMap::vfunc59
00082650	GAME_UNIQUE	41	UNNAMED	FUN_00082650
00083600	GAME_UNIQUE	41	UNNAMED	FUN_00083600
0008bd00	GAME_UNIQUE	41	UNNAMED	FUN_0008bd00
00094cb0	GAME_UNIQUE	41	UNNAMED	FUN_00094cb0
000990e0	GAME_UNIQUE	41	UNNAMED	FUN_000990e0
000a97d0	GAME_UNIQUE	41	UNNAMED	FUN_000a97d0
000a9960	GAME_UNIQUE	41	named	CScanTurretEntity::vfunc118
000aed70	GAME_UNIQUE	41	UNNAMED	FUN_000aed70
000aedf0	GAME_UNIQUE	41	UNNAMED	FUN_000aedf0
000b5170	GAME_UNIQUE	41	UNNAMED	FUN_000b5170
000bdb30	GAME_UNIQUE	41	UNNAMED	FUN_000bdb30
000cb0c0	GAME_PORTABLE	41	UNNAMED	FUN_000cb0c0
000d7050	GAME_UNIQUE	41	named	CCEAtkTeleport::vfunc252
000dedb0	GAME_UNIQUE	41	named	CCombatNodeHandler::vfunc365
000e3ef0	GAME_UNIQUE	41	named	CCombatNodeEvent::vfunc3
000eafc0	GAME_UNIQUE	41	UNNAMED	FUN_000eafc0
000eb1b0	GAME_UNIQUE	41	UNNAMED	FUN_000eb1b0
00117c30	GAME_UNIQUE	41	named	CInput::vfunc2
00125aa0	GAME_UNIQUE	41	UNNAMED	FUN_00125aa0
001273d0	GAME_UNIQUE	41	UNNAMED	FUN_001273d0
00132fc0	GAME_UNIQUE	41	UNNAMED	FUN_00132fc0
00133090	GAME_UNIQUE	41	UNNAMED	FUN_00133090
00133f40	GAME_UNIQUE	41	UNNAMED	FUN_00133f40
00133fd0	GAME_UNIQUE	41	UNNAMED	FUN_00133fd0
00134060	GAME_UNIQUE	41	UNNAMED	FUN_00134060
001340f0	GAME_UNIQUE	41	UNNAMED	FUN_001340f0
00134180	GAME_UNIQUE	41	UNNAMED	FUN_00134180
00134210	GAME_UNIQUE	41	UNNAMED	FUN_00134210
001342a0	GAME_UNIQUE	41	UNNAMED	FUN_001342a0
00134330	GAME_UNIQUE	41	UNNAMED	FUN_00134330
001343c0	GAME_UNIQUE	41	UNNAMED	FUN_001343c0
00134450	GAME_UNIQUE	41	UNNAMED	FUN_00134450
001344e0	GAME_UNIQUE	41	UNNAMED	FUN_001344e0
00134570	GAME_UNIQUE	41	UNNAMED	FUN_00134570
00134600	GAME_UNIQUE	41	UNNAMED	FUN_00134600
00134690	GAME_UNIQUE	41	UNNAMED	FUN_00134690
00134720	GAME_UNIQUE	41	UNNAMED	FUN_00134720
0014ab40	XMEN_SERIES	41	UNNAMED	FUN_0014ab40
0014ed30	GAME_UNIQUE	41	UNNAMED	FUN_0014ed30
0014f340	GAME_UNIQUE	41	UNNAMED	FUN_0014f340
001503c0	GAME_PORTABLE	41	named	tmpl__AV_tree_base_U_value_semantics_node_USFileRecord_CSoundSystem_0BCC_Vtree_node_ratl_storage_ratl::vfunc103
00154710	XMEN_SERIES	41	UNNAMED	FUN_00154710
00161300	GAME_UNIQUE	41	UNNAMED	FUN_00161300
0016d290	GAME_UNIQUE	41	UNNAMED	FUN_0016d290
0016f250	GAME_UNIQUE	41	UNNAMED	FUN_0016f250
00178d80	GAME_UNIQUE	41	UNNAMED	FUN_00178d80
0017a1d0	GAME_UNIQUE	41	named	CMenuItemListBox::vfunc44
001831e0	GAME_PORTABLE	41	named	tmpl__AV_tree_base_U_value_semantics_node_V_handle_str_01_00Vtree_node_ratl_storage_ratl_ratl_::vfunc84
00184040	GAME_UNIQUE	41	named	tmpl__AV_tree_base_U_value_semantics_node_V_handle_str_01_00Vtree_node_ratl_storage_ratl_ratl_::vfunc46
00185400	GAME_UNIQUE	41	named	CMenuTrivia::vfunc4
0019b6e0	XMEN_SERIES	41	UNNAMED	FUN_0019b6e0
00205c00	GAME_UNIQUE	41	UNNAMED	FUN_00205c00
002249f0	GAME_UNIQUE	41	UNNAMED	FUN_002249f0
0035d160	XMEN_SERIES	41	named	D3D8__D3DDevice_SetVertexShaderConstant4
0035d450	GAME_UNIQUE	41	named	D3D8__D3DDevice_SelectVertexShader
00012130	GAME_UNIQUE	40	named	Ray_GetPoint
00012cd0	GAME_UNIQUE	40	named	BoundingVolume_Init
00027380	GAME_UNIQUE	40	UNNAMED	FUN_00027380
0002c3c0	GAME_UNIQUE	40	UNNAMED	FUN_0002c3c0
0002ef80	GAME_UNIQUE	40	named	CActor::vfunc3
00036a80	GAME_UNIQUE	40	UNNAMED	FUN_00036a80
00038400	GAME_UNIQUE	40	UNNAMED	FUN_00038400
000487f0	GAME_UNIQUE	40	UNNAMED	FUN_000487f0
0004a390	GAME_UNIQUE	40	UNNAMED	FUN_0004a390
00052c10	GAME_UNIQUE	40	UNNAMED	FUN_00052c10
00055920	GAME_UNIQUE	40	UNNAMED	FUN_00055920
00055a90	GAME_UNIQUE	40	named	tmpl__AV_map_vs_V_handle_str_0A_E_0PP_ratl_::vfunc21
00055e30	GAME_UNIQUE	40	UNNAMED	FUN_00055e30
0005d540	GAME_UNIQUE	40	UNNAMED	FUN_0005d540
00066d00	GAME_UNIQUE	40	UNNAMED	FUN_00066d00
0006eb60	GAME_PORTABLE	40	UNNAMED	FUN_0006eb60
0006f430	GAME_UNIQUE	40	named	CGame::vfunc59
00077b40	GAME_UNIQUE	40	named	tmpl__AV_COnlyOneEvent_VCActor_VEFirstEquipment_::vfunc103
0007a100	GAME_UNIQUE	40	UNNAMED	FUN_0007a100
0007fe50	GAME_UNIQUE	40	UNNAMED	FUN_0007fe50
00084520	GAME_UNIQUE	40	UNNAMED	FUN_00084520
00089a70	GAME_UNIQUE	40	UNNAMED	FUN_00089a70
00089ec0	GAME_PORTABLE	40	UNNAMED	FUN_00089ec0
0008bf60	GAME_UNIQUE	40	named	COptions::vfunc16
0008d620	GAME_UNIQUE	40	UNNAMED	FUN_0008d620
00095330	GAME_UNIQUE	40	UNNAMED	FUN_00095330
00096870	GAME_UNIQUE	40	UNNAMED	FUN_00096870
0009c260	GAME_UNIQUE	40	UNNAMED	FUN_0009c260
000a1590	GAME_UNIQUE	40	named	CStaticQuery::vfunc5
000aa810	GAME_UNIQUE	40	UNNAMED	FUN_000aa810
000b14c0	GAME_UNIQUE	40	UNNAMED	FUN_000b14c0
000b18b0	GAME_UNIQUE	40	UNNAMED	FUN_000b18b0
000b4000	GAME_UNIQUE	40	UNNAMED	FUN_000b4000
000b9a20	GAME_UNIQUE	40	named	CWeaponInfo::vfunc17
000bd0d0	GAME_PORTABLE	40	UNNAMED	FUN_000bd0d0
000bf8a0	GAME_UNIQUE	40	UNNAMED	FUN_000bf8a0
000d8e50	GAME_UNIQUE	40	named	CCEAtkTeleport::vfunc460
000de880	GAME_UNIQUE	40	named	CCHTeleJump::vfunc506
000dee40	GAME_UNIQUE	40	named	CCombatNodeHandler::vfunc363
000df2a0	GAME_PORTABLE	40	named	CCombatNodeHandler::vfunc159
000e5170	GAME_PORTABLE	40	named	CCEAtkTeleport::vfunc242
000e5230	GAME_UNIQUE	40	named	CCEAtkTeleport::vfunc253
000e5e80	GAME_UNIQUE	40	UNNAMED	FUN_000e5e80
000ea940	GAME_UNIQUE	40	UNNAMED	FUN_000ea940
000eb950	XMEN_SERIES	40	UNNAMED	FUN_000eb950
000f6760	GAME_UNIQUE	40	UNNAMED	FUN_000f6760
000f6800	GAME_UNIQUE	40	UNNAMED	FUN_000f6800
000f6cd0	GAME_PORTABLE	40	UNNAMED	FUN_000f6cd0
000f6d70	GAME_PORTABLE	40	UNNAMED	FUN_000f6d70
000f7d80	GAME_UNIQUE	40	UNNAMED	FUN_000f7d80
000f7ee0	GAME_PORTABLE	40	UNNAMED	FUN_000f7ee0
000f8090	GAME_PORTABLE	40	UNNAMED	FUN_000f8090
000fa590	GAME_UNIQUE	40	UNNAMED	FUN_000fa590
00103300	GAME_UNIQUE	40	UNNAMED	FUN_00103300
00117ab0	GAME_UNIQUE	40	named	CInput::vfunc14
0012f3a0	GAME_UNIQUE	40	named	ICollideHull::vfunc7
00134b10	GAME_UNIQUE	40	UNNAMED	FUN_00134b10
00135fb0	GAME_UNIQUE	40	UNNAMED	FUN_00135fb0
001361b0	GAME_UNIQUE	40	UNNAMED	FUN_001361b0
00136240	GAME_UNIQUE	40	UNNAMED	FUN_00136240
00136350	GAME_UNIQUE	40	UNNAMED	FUN_00136350
00136510	GAME_UNIQUE	40	UNNAMED	FUN_00136510
00137840	GAME_PORTABLE	40	UNNAMED	FUN_00137840
00138177	GAME_UNIQUE	40	UNNAMED	FUN_00138177
0013cd20	GAME_PORTABLE	40	UNNAMED	FUN_0013cd20
00144910	GAME_UNIQUE	40	named	IPlayfield::vfunc31
00144980	GAME_UNIQUE	40	UNNAMED	FUN_00144980
001454d0	GAME_PORTABLE	40	UNNAMED	FUN_001454d0
001489d0	GAME_UNIQUE	40	UNNAMED	FUN_001489d0
001493c0	GAME_PORTABLE	40	UNNAMED	FUN_001493c0
0014d400	XMEN_SERIES	40	UNNAMED	FUN_0014d400
0014fd30	GAME_UNIQUE	40	named	tmpl__AV_tree_base_U_value_semantics_node_USFileRecord_CSoundSystem_0BCC_Vtree_node_ratl_storage_ratl::vfunc84
0015e8e0	GAME_UNIQUE	40	UNNAMED	FUN_0015e8e0
0015f1b0	GAME_UNIQUE	40	named	CHudInputMap::vfunc0
001646f0	GAME_UNIQUE	40	UNNAMED	FUN_001646f0
00165490	GAME_UNIQUE	40	UNNAMED	FUN_00165490
00165510	GAME_UNIQUE	40	UNNAMED	FUN_00165510
00165930	GAME_UNIQUE	40	UNNAMED	FUN_00165930
00166a80	GAME_UNIQUE	40	UNNAMED	FUN_00166a80
00176ad0	GAME_UNIQUE	40	UNNAMED	FUN_00176ad0
00177360	GAME_UNIQUE	40	UNNAMED	FUN_00177360
0017c7b0	GAME_UNIQUE	40	named	CMenuItemShop::vfunc16
00189410	GAME_UNIQUE	40	UNNAMED	FUN_00189410
0018c8d0	GAME_PORTABLE	40	UNNAMED	FUN_0018c8d0
0018ec10	GAME_UNIQUE	40	UNNAMED	FUN_0018ec10
001a1e95	GAME_UNIQUE	40	UNNAMED	FUN_001a1e95
001ed8b0	GAME_UNIQUE	40	UNNAMED	FUN_001ed8b0
00275a30	GAME_UNIQUE	40	UNNAMED	FUN_00275a30
0027b930	GAME_UNIQUE	40	UNNAMED	FUN_0027b930
002964b0	GAME_UNIQUE	40	UNNAMED	FUN_002964b0
003215f0	GAME_UNIQUE	40	UNNAMED	FUN_003215f0
0033b850	GAME_UNIQUE	40	UNNAMED	FUN_0033b850
0035e460	GAME_UNIQUE	40	UNNAMED	FUN_0035e460
003bafab	GAME_UNIQUE	40	UNNAMED	FUN_003bafab
003c2bd1	GAME_UNIQUE	40	UNNAMED	FUN_003c2bd1
00016260	GAME_UNIQUE	39	named	PoolManager128_AllocateAndRegisterHeap
0001d320	GAME_UNIQUE	39	named	CFxSpritePrimitive::vfunc55
00025c10	GAME_UNIQUE	39	UNNAMED	FUN_00025c10
00027160	GAME_UNIQUE	39	UNNAMED	FUN_00027160
0005eb10	GAME_UNIQUE	39	UNNAMED	FUN_0005eb10
0005fd60	GAME_UNIQUE	39	UNNAMED	FUN_0005fd60
00066b60	GAME_UNIQUE	39	UNNAMED	FUN_00066b60
000682c0	GAME_UNIQUE	39	named	IEntityAllocator::vfunc9
00069a20	GAME_PORTABLE	39	UNNAMED	FUN_00069a20
0006a860	GAME_PORTABLE	39	UNNAMED	FUN_0006a860
0006e240	GAME_UNIQUE	39	UNNAMED	FUN_0006e240
00088670	GAME_PORTABLE	39	UNNAMED	FUN_00088670
00088760	GAME_UNIQUE	39	UNNAMED	FUN_00088760
00094360	GAME_PORTABLE	39	UNNAMED	FUN_00094360
0009c890	GAME_UNIQUE	39	UNNAMED	FUN_0009c890
000a3d60	GAME_UNIQUE	39	UNNAMED	FUN_000a3d60
000a8040	GAME_UNIQUE	39	UNNAMED	FUN_000a8040
000b49e0	GAME_UNIQUE	39	named	CTalentSystem::vfunc1
000b88c0	XMEN_SERIES	39	named	CWaterEntity::vfunc96
000bf0b0	GAME_UNIQUE	39	UNNAMED	FUN_000bf0b0
000bfce0	GAME_PORTABLE	39	UNNAMED	FUN_000bfce0
000c0d00	GAME_UNIQUE	39	UNNAMED	FUN_000c0d00
000c1210	GAME_UNIQUE	39	UNNAMED	FUN_000c1210
000ca280	GAME_UNIQUE	39	UNNAMED	FUN_000ca280
000cacd0	GAME_UNIQUE	39	UNNAMED	FUN_000cacd0
000cfc80	GAME_PORTABLE	39	named	CCEAtk::vfunc6
000d0b70	GAME_UNIQUE	39	named	CCEAtkSpawnProjectile::vfunc65
000df5b0	GAME_UNIQUE	39	named	CCHJumpLiftAttack::vfunc509
000e50e0	GAME_UNIQUE	39	UNNAMED	FUN_000e50e0
000f4820	GAME_UNIQUE	39	named	CAIPattern::vfunc14
000f9c60	GAME_PORTABLE	39	UNNAMED	FUN_000f9c60
00103f10	GAME_UNIQUE	39	UNNAMED	FUN_00103f10
0010fa40	GAME_UNIQUE	39	UNNAMED	FUN_0010fa40
00117b80	GAME_UNIQUE	39	named	CInput::vfunc17
0011b2b0	GAME_UNIQUE	39	UNNAMED	FUN_0011b2b0
001246f0	GAME_UNIQUE	39	named	tmpl__AV_tree_base_U_value_semantics_node_V_string_vs_0BAA_ratl_04Vtree_node_2_storage_ratl_ratl_::vfunc21
00126c60	GAME_UNIQUE	39	UNNAMED	FUN_00126c60
0012cc00	GAME_UNIQUE	39	UNNAMED	FUN_0012cc00
00135eb0	GAME_UNIQUE	39	UNNAMED	FUN_00135eb0
001396d0	GAME_UNIQUE	39	UNNAMED	FUN_001396d0
0013ed40	GAME_UNIQUE	39	named	tmpl__AV_tree_base_U_value_semantics_node_V_string_vs_0BAA_ratl_00Vtree_node_2_storage_ratl_ratl_::vfunc14
0014aad0	GAME_UNIQUE	39	UNNAMED	FUN_0014aad0
0014d7c0	XMEN_SERIES	39	UNNAMED	FUN_0014d7c0
0014ee80	GAME_PORTABLE	39	UNNAMED	FUN_0014ee80
00162430	GAME_UNIQUE	39	named	CMenu::vfunc9
0017a140	GAME_UNIQUE	39	UNNAMED	FUN_0017a140
001e7b50	XMEN_SERIES	39	UNNAMED	FUN_001e7b50
0022f180	GAME_UNIQUE	39	UNNAMED	FUN_0022f180
002699a0	GAME_UNIQUE	39	UNNAMED	FUN_002699a0
003089a0	GAME_UNIQUE	39	UNNAMED	FUN_003089a0
003254e0	GAME_UNIQUE	39	UNNAMED	FUN_003254e0
003ac330	GAME_UNIQUE	39	UNNAMED	FUN_003ac330
003c347f	GAME_UNIQUE	39	UNNAMED	FUN_003c347f
00013be0	GAME_UNIQUE	38	named	SpatialTransform_Set
00014030	GAME_UNIQUE	38	named	SpatialNode_InitArray16
00022ff0	GAME_UNIQUE	38	named	CFxDLightPrimitive::vfunc0
000237e0	GAME_UNIQUE	38	UNNAMED	FUN_000237e0
00025740	GAME_UNIQUE	38	UNNAMED	FUN_00025740
00025dc0	GAME_UNIQUE	38	UNNAMED	FUN_00025dc0
00029130	GAME_UNIQUE	38	UNNAMED	FUN_00029130
00029920	GAME_UNIQUE	38	UNNAMED	FUN_00029920
0002e900	GAME_UNIQUE	38	UNNAMED	FUN_0002e900
000334e0	GAME_UNIQUE	38	named	tmpl__AV_COnlyOneEvent_VCActor_VEFirstEquipment_::vfunc107
00034630	GAME_UNIQUE	38	UNNAMED	FUN_00034630
00038480	GAME_UNIQUE	38	UNNAMED	FUN_00038480
00039830	GAME_UNIQUE	38	named	CActor::vfunc41
00047e10	GAME_UNIQUE	38	UNNAMED	FUN_00047e10
0004b570	GAME_UNIQUE	38	named	CCamera::vfunc35
0007a860	GAME_PORTABLE	38	named	CSoundDebounce::vfunc5
0008a1a0	GAME_UNIQUE	38	named	CMultiplayer::vfunc14
00094e90	GAME_UNIQUE	38	UNNAMED	FUN_00094e90
00096600	GAME_UNIQUE	38	UNNAMED	FUN_00096600
000995d0	GAME_UNIQUE	38	UNNAMED	FUN_000995d0
000b6160	GAME_UNIQUE	38	UNNAMED	FUN_000b6160
000bb2a0	GAME_UNIQUE	38	UNNAMED	FUN_000bb2a0
000bca90	GAME_UNIQUE	38	named	CWeapons::vfunc4
000c7f90	GAME_PORTABLE	38	UNNAMED	FUN_000c7f90
000cab20	GAME_UNIQUE	38	UNNAMED	FUN_000cab20
000cc7b0	GAME_UNIQUE	38	UNNAMED	FUN_000cc7b0
000d1890	GAME_UNIQUE	38	UNNAMED	FUN_000d1890
000d91e0	GAME_UNIQUE	38	named	CCombatNodeHandler::vfunc10
000da750	GAME_UNIQUE	38	named	CCombatNodeHandler::vfunc203
000dc8a0	GAME_UNIQUE	38	named	CCombatNodeHandler::vfunc263
000ddcf0	GAME_UNIQUE	38	UNNAMED	FUN_000ddcf0
000e0e50	GAME_UNIQUE	38	named	CCombatNodeHandler::vfunc313
000e99f0	GAME_UNIQUE	38	named	tmpl__AV_tree_base_U_value_semantics_node_V_handle_str_02_0BH_Vtree_node_ratl_storage_ratl_ratl_::vfunc20
000edde0	GAME_UNIQUE	38	named	CAIStandardAttackHandler::vfunc14
000f79f0	GAME_UNIQUE	38	named	CAI::vfunc138
000fce20	GAME_UNIQUE	38	UNNAMED	FUN_000fce20
000fda70	GAME_UNIQUE	38	UNNAMED	FUN_000fda70
000fddd0	GAME_UNIQUE	38	UNNAMED	FUN_000fddd0
00106ce0	GAME_UNIQUE	38	UNNAMED	FUN_00106ce0
0011e3f0	GAME_UNIQUE	38	named	IMemory::vfunc52
00121040	GAME_UNIQUE	38	UNNAMED	FUN_00121040
00121980	GAME_UNIQUE	38	UNNAMED	FUN_00121980
001236c0	GAME_UNIQUE	38	UNNAMED	FUN_001236c0
00124670	GAME_UNIQUE	38	named	tmpl__AV_tree_base_U_value_semantics_node_V_string_vs_0BAA_ratl_04Vtree_node_2_storage_ratl_ratl_::vfunc26
001360b0	GAME_UNIQUE	38	UNNAMED	FUN_001360b0
0013e9c0	GAME_UNIQUE	38	UNNAMED	FUN_0013e9c0
0013eee0	GAME_PORTABLE	38	UNNAMED	FUN_0013eee0
00142340	GAME_UNIQUE	38	UNNAMED	FUN_00142340
001423e0	GAME_UNIQUE	38	UNNAMED	FUN_001423e0
00142480	GAME_UNIQUE	38	UNNAMED	FUN_00142480
00142520	GAME_UNIQUE	38	UNNAMED	FUN_00142520
001425c0	GAME_UNIQUE	38	UNNAMED	FUN_001425c0
00142660	GAME_UNIQUE	38	UNNAMED	FUN_00142660
0014ff40	GAME_UNIQUE	38	named	tmpl__AV_tree_base_U_value_semantics_node_USFileRecord_CSoundSystem_0BCC_Vtree_node_ratl_storage_ratl::vfunc95
00150520	GAME_UNIQUE	38	named	tmpl__AV_tree_base_U_value_semantics_node_USFileRecord_CSoundSystem_0BCC_Vtree_node_ratl_storage_ratl::vfunc87
00160fe0	GAME_UNIQUE	38	UNNAMED	FUN_00160fe0
0016dd60	GAME_UNIQUE	38	UNNAMED	FUN_0016dd60
00174bb0	GAME_UNIQUE	38	UNNAMED	FUN_00174bb0
00174c10	GAME_UNIQUE	38	UNNAMED	FUN_00174c10
00174c70	GAME_UNIQUE	38	UNNAMED	FUN_00174c70
0017d7d0	GAME_UNIQUE	38	UNNAMED	FUN_0017d7d0
0018c840	GAME_UNIQUE	38	UNNAMED	FUN_0018c840
001d2640	XMEN_SERIES	38	UNNAMED	FUN_001d2640
00264490	GAME_UNIQUE	38	UNNAMED	FUN_00264490
00275210	GAME_UNIQUE	38	UNNAMED	FUN_00275210
002932e0	GAME_UNIQUE	38	UNNAMED	FUN_002932e0
00306800	XMEN_SERIES	38	UNNAMED	FUN_00306800
003aa983	GAME_UNIQUE	38	UNNAMED	FUN_003aa983
003bb5db	GAME_UNIQUE	38	UNNAMED	FUN_003bb5db
00012430	GAME_PORTABLE	37	named	StringHash_Lookup
0001d6a0	GAME_PORTABLE	37	named	CFxPrimitiveBase::vfunc4
00025840	GAME_UNIQUE	37	UNNAMED	FUN_00025840
0002edd0	GAME_UNIQUE	37	named	CActor::vfunc120
0004c550	GAME_UNIQUE	37	named	CCamera::vfunc24
0006cc80	GAME_UNIQUE	37	UNNAMED	FUN_0006cc80
00075b20	GAME_UNIQUE	37	UNNAMED	FUN_00075b20
00080c00	GAME_UNIQUE	37	UNNAMED	FUN_00080c00
0009b0c0	GAME_UNIQUE	37	UNNAMED	FUN_0009b0c0
0009b140	GAME_UNIQUE	37	UNNAMED	FUN_0009b140
0009b1c0	GAME_UNIQUE	37	UNNAMED	FUN_0009b1c0
0009b540	GAME_UNIQUE	37	UNNAMED	FUN_0009b540
0009ea80	GAME_UNIQUE	37	UNNAMED	FUN_0009ea80
0009eef0	GAME_UNIQUE	37	UNNAMED	FUN_0009eef0
0009ef70	GAME_UNIQUE	37	UNNAMED	FUN_0009ef70
000aa700	GAME_UNIQUE	37	UNNAMED	FUN_000aa700
000b5200	GAME_UNIQUE	37	UNNAMED	FUN_000b5200
000b58a0	GAME_UNIQUE	37	UNNAMED	FUN_000b58a0
000be880	GAME_UNIQUE	37	UNNAMED	FUN_000be880
000d6ec0	GAME_UNIQUE	37	named	CCEAtkTeleport::vfunc248
000deed0	GAME_UNIQUE	37	named	CCHJump::vfunc509
000ed270	GAME_UNIQUE	37	UNNAMED	FUN_000ed270
000f22d0	GAME_UNIQUE	37	named	CAIShadesNoWingAttackHandler::vfunc28
000f25a0	GAME_UNIQUE	37	UNNAMED	FUN_000f25a0
000fdb20	GAME_UNIQUE	37	UNNAMED	FUN_000fdb20
00101630	GAME_UNIQUE	37	UNNAMED	FUN_00101630
0010f8a0	GAME_UNIQUE	37	UNNAMED	FUN_0010f8a0
00123400	GAME_PORTABLE	37	UNNAMED	FUN_00123400
00125e80	GAME_UNIQUE	37	UNNAMED	FUN_00125e80
0012c6d0	GAME_UNIQUE	37	UNNAMED	FUN_0012c6d0
0012e770	GAME_UNIQUE	37	UNNAMED	FUN_0012e770
0012ee80	GAME_UNIQUE	37	UNNAMED	FUN_0012ee80
00135360	GAME_UNIQUE	37	named	IModelComponent::vfunc65
00135610	GAME_UNIQUE	37	UNNAMED	FUN_00135610
00135dc0	GAME_PORTABLE	37	UNNAMED	FUN_00135dc0
001370b0	GAME_PORTABLE	37	UNNAMED	FUN_001370b0
001371a0	GAME_PORTABLE	37	UNNAMED	FUN_001371a0
00137220	GAME_UNIQUE	37	UNNAMED	FUN_00137220
001372b0	GAME_PORTABLE	37	UNNAMED	FUN_001372b0
00139730	GAME_UNIQUE	37	UNNAMED	FUN_00139730
0013bd20	GAME_UNIQUE	37	named	CModelParticleCloud::vfunc10
00147bf0	GAME_UNIQUE	37	UNNAMED	FUN_00147bf0
001538c0	GAME_UNIQUE	37	UNNAMED	FUN_001538c0
001554a0	GAME_UNIQUE	37	UNNAMED	FUN_001554a0
0015a950	GAME_PORTABLE	37	UNNAMED	FUN_0015a950
001633c0	GAME_UNIQUE	37	UNNAMED	FUN_001633c0
00165850	GAME_UNIQUE	37	UNNAMED	FUN_00165850
0016ae80	GAME_UNIQUE	37	UNNAMED	FUN_0016ae80
00178ce0	GAME_UNIQUE	37	UNNAMED	FUN_00178ce0
0017fa90	GAME_UNIQUE	37	named	CMenuPersonal::vfunc13
00182740	GAME_UNIQUE	37	UNNAMED	FUN_00182740
00185380	GAME_UNIQUE	37	UNNAMED	FUN_00185380
0018fa90	GAME_UNIQUE	37	UNNAMED	FUN_0018fa90
0020ea00	GAME_UNIQUE	37	UNNAMED	FUN_0020ea00
0021f190	GAME_UNIQUE	37	UNNAMED	FUN_0021f190
0024a260	GAME_UNIQUE	37	UNNAMED	FUN_0024a260
002573b0	GAME_UNIQUE	37	UNNAMED	FUN_002573b0
002588c0	GAME_UNIQUE	37	UNNAMED	FUN_002588c0
00345258	XMEN_SERIES	37	UNNAMED	FUN_00345258
003465a6	GAME_UNIQUE	37	UNNAMED	FUN_003465a6
0035eb50	GAME_UNIQUE	37	named	D3D8__D3DDevice_SetRenderState_ZEnable
00015910	GAME_UNIQUE	36	named	SpatialPool_AllocAndConstruct_BaseNode_588
00015a30	GAME_UNIQUE	36	named	SpatialPool_AllocAndConstruct_VariantNodeC_588
000236c0	GAME_UNIQUE	36	UNNAMED	FUN_000236c0
0002ef10	GAME_UNIQUE	36	UNNAMED	FUN_0002ef10
00033170	GAME_UNIQUE	36	UNNAMED	FUN_00033170
00033580	GAME_UNIQUE	36	named	tmpl__AV_COnlyOneEvent_VCActor_VEFirstEquipment_::vfunc106
00036d60	GAME_UNIQUE	36	named	tmpl__AV_tree_base_U_value_semantics_node_V_handle_str_0A_0NG_Vtree_node_ratl_storage_ratl_ratl_::vfunc4
00043f20	GAME_UNIQUE	36	UNNAMED	FUN_00043f20
00048ce0	GAME_UNIQUE	36	UNNAMED	FUN_00048ce0
00056100	GAME_UNIQUE	36	named	tmpl__AV_tree_base_U_value_semantics_node_V_handle_str_0A_0PP_Vtree_node_ratl_storage_ratl_ratl_::vfunc4
000688b0	GAME_PORTABLE	36	named	IEntityDefinitions::vfunc16
0006a270	GAME_PORTABLE	36	named	tmpl__AV_tree_base_U_value_semantics_node_V_handle_str_02_0BJ_Vtree_node_ratl_storage_ratl_ratl_::vfunc4
00079910	XMEN_SERIES	36	UNNAMED	FUN_00079910
0007fdd0	GAME_UNIQUE	36	UNNAMED	FUN_0007fdd0
00083a80	GAME_UNIQUE	36	UNNAMED	FUN_00083a80
00083b40	GAME_UNIQUE	36	named	tmpl__AV_tree_base_U_value_semantics_node_V_handle_str_0A_0BC_Vtree_node_ratl_storage_ratl_ratl_::vfunc4
00088a40	GAME_UNIQUE	36	UNNAMED	FUN_00088a40
0008a120	GAME_UNIQUE	36	named	CMultiplayer::vfunc13
0008a630	GAME_UNIQUE	36	named	CMultiplayer::vfunc9
0008be30	GAME_UNIQUE	36	UNNAMED	FUN_0008be30
0008bed0	GAME_UNIQUE	36	named	COptions::vfunc1
0008c860	GAME_UNIQUE	36	UNNAMED	FUN_0008c860
00096960	GAME_UNIQUE	36	UNNAMED	FUN_00096960
0009ee20	GAME_UNIQUE	36	UNNAMED	FUN_0009ee20
000a12e0	GAME_UNIQUE	36	UNNAMED	FUN_000a12e0
000a2260	GAME_UNIQUE	36	named	CStaticQuery::vfunc17
000a3650	GAME_UNIQUE	36	named	CRequirements::vfunc0
000b13e0	GAME_UNIQUE	36	UNNAMED	FUN_000b13e0
000b2f10	GAME_UNIQUE	36	named	tmpl__AV_tree_base_U_value_semantics_node_G_0CBG_Vtree_node_ratl_storage_ratl_ratl_::vfunc4
000b7dd0	GAME_UNIQUE	36	named	tmpl__AV_tree_base_U_value_semantics_node_V_handle_str_0A_0HI_Vtree_node_ratl_storage_ratl_ratl_::vfunc4
000cad40	GAME_UNIQUE	36	UNNAMED	FUN_000cad40
000cb330	GAME_UNIQUE	36	named	CVariable::vfunc43
000cb490	GAME_UNIQUE	36	named	CVariable::vfunc61
000d1640	GAME_UNIQUE	36	named	CCEAtkTeleport::vfunc52
000d94f0	GAME_UNIQUE	36	named	CCombatNodeHandler::vfunc16
000e5560	GAME_UNIQUE	36	named	CCEAtkTeleport::vfunc297
000e9a60	GAME_UNIQUE	36	named	tmpl__AV_tree_base_U_value_semantics_node_V_handle_str_02_0BH_Vtree_node_ratl_storage_ratl_ratl_::vfunc18
000eb9c0	GAME_PORTABLE	36	named	CCombatNode::vfunc75
000ee5c0	GAME_UNIQUE	36	named	CAIStandardAttackHandler::vfunc8
000f9b60	GAME_UNIQUE	36	UNNAMED	FUN_000f9b60
00104200	GAME_PORTABLE	36	UNNAMED	FUN_00104200
0011ec70	XMEN_SERIES	36	UNNAMED	FUN_0011ec70
00121dd0	GAME_PORTABLE	36	named	tmpl__AV_tree_base_U_value_semantics_node_V_handle_str_0A_09Vtree_node_ratl_storage_ratl_ratl_::vfunc4
00121e60	GAME_UNIQUE	36	named	tmpl__AV_tree_base_U_value_semantics_node_V_handle_str_0A_09Vtree_node_ratl_storage_ratl_ratl_::vfunc10
00126650	GAME_UNIQUE	36	UNNAMED	FUN_00126650
00128620	GAME_UNIQUE	36	named	TiXmlElement::vfunc10
00135020	GAME_PORTABLE	36	UNNAMED	FUN_00135020
00137dd0	GAME_UNIQUE	36	named	CModelIGB::vfunc97
00142700	GAME_UNIQUE	36	UNNAMED	FUN_00142700
001427a0	GAME_UNIQUE	36	UNNAMED	FUN_001427a0
00142840	GAME_UNIQUE	36	UNNAMED	FUN_00142840
001428e0	GAME_UNIQUE	36	UNNAMED	FUN_001428e0
00142980	GAME_UNIQUE	36	UNNAMED	FUN_00142980
00142a20	GAME_UNIQUE	36	UNNAMED	FUN_00142a20
00142ac0	GAME_UNIQUE	36	UNNAMED	FUN_00142ac0
00142b60	GAME_UNIQUE	36	UNNAMED	FUN_00142b60
00142c00	GAME_UNIQUE	36	UNNAMED	FUN_00142c00
00142ca0	GAME_UNIQUE	36	UNNAMED	FUN_00142ca0
00142d40	GAME_UNIQUE	36	UNNAMED	FUN_00142d40
00145600	GAME_UNIQUE	36	named	tmpl__AV_CSafeResMgrI_VIPlayfield_04_0CLDI_::vfunc3
001466e0	GAME_UNIQUE	36	UNNAMED	FUN_001466e0
00149350	GAME_UNIQUE	36	named	CUIFrame::vfunc14
001495b0	GAME_UNIQUE	36	UNNAMED	FUN_001495b0
0014ae40	GAME_UNIQUE	36	named	CZonePlayfield::vfunc1
0014aec0	GAME_UNIQUE	36	named	CZonePlayfield::vfunc2
0014eff0	GAME_UNIQUE	36	named	tmpl__AV_tree_base_U_value_semantics_node_USFileRecord_CSoundSystem_0BCC_Vtree_node_ratl_storage_ratl::vfunc4
0014f080	GAME_UNIQUE	36	named	tmpl__AV_tree_base_U_value_semantics_node_USFileRecord_CSoundSystem_0BCC_Vtree_node_ratl_storage_ratl::vfunc10
0015f110	GAME_PORTABLE	36	UNNAMED	FUN_0015f110
00161e60	GAME_UNIQUE	36	named	CMenu::vfunc12
001627b0	GAME_UNIQUE	36	UNNAMED	FUN_001627b0
00168110	GAME_UNIQUE	36	named	tmpl__AV_tree_base_U_value_semantics_node_V_handle_str_01_0IA_Vtree_node_ratl_storage_ratl_ratl_::vfunc4
001719f0	GAME_UNIQUE	36	UNNAMED	FUN_001719f0
001770f0	GAME_UNIQUE	36	UNNAMED	FUN_001770f0
00177440	GAME_UNIQUE	36	UNNAMED	FUN_00177440
00178e10	GAME_UNIQUE	36	UNNAMED	FUN_00178e10
0017c330	GAME_UNIQUE	36	UNNAMED	FUN_0017c330
0017dd40	GAME_UNIQUE	36	UNNAMED	FUN_0017dd40
001811f0	GAME_UNIQUE	36	UNNAMED	FUN_001811f0
00183310	GAME_PORTABLE	36	named	tmpl__AV_tree_base_U_value_semantics_node_V_handle_str_01_00Vtree_node_ratl_storage_ratl_ratl_::vfunc10
0018aef0	XMEN_SERIES	36	UNNAMED	FUN_0018aef0
0018ca60	GAME_UNIQUE	36	named	tmpl__AV_ISafeResMgr_VCTextPane_::vfunc10
0018dd90	GAME_UNIQUE	36	UNNAMED	FUN_0018dd90
00207210	GAME_UNIQUE	36	UNNAMED	FUN_00207210
00215dc0	GAME_UNIQUE	36	UNNAMED	FUN_00215dc0
0021b490	GAME_UNIQUE	36	UNNAMED	FUN_0021b490
00258ce0	GAME_UNIQUE	36	UNNAMED	FUN_00258ce0
0025ca70	GAME_UNIQUE	36	UNNAMED	FUN_0025ca70
00279a60	XMEN_SERIES	36	UNNAMED	FUN_00279a60
00297da0	GAME_UNIQUE	36	UNNAMED	FUN_00297da0
00298c00	GAME_UNIQUE	36	UNNAMED	FUN_00298c00
00315370	XMEN_SERIES	36	UNNAMED	FUN_00315370
003188a0	GAME_UNIQUE	36	UNNAMED	FUN_003188a0
0033ea90	GAME_UNIQUE	36	UNNAMED	FUN_0033ea90
003c2d48	GAME_UNIQUE	36	UNNAMED	FUN_003c2d48
00014a00	GAME_PORTABLE	35	named	BitQueue_PushAndClearDualFlags_128
00023550	GAME_UNIQUE	35	UNNAMED	FUN_00023550
0002e460	XMEN_SERIES	35	named	tmpl__AV_COnlyOneEvent_VCActor_VEFirstEquipment_::vfunc31
00033200	GAME_UNIQUE	35	UNNAMED	FUN_00033200
0003a750	GAME_UNIQUE	35	UNNAMED	FUN_0003a750
00043e90	GAME_UNIQUE	35	UNNAMED	FUN_00043e90
00048c60	GAME_UNIQUE	35	UNNAMED	FUN_00048c60
00049720	GAME_PORTABLE	35	UNNAMED	FUN_00049720
00049cf0	GAME_UNIQUE	35	UNNAMED	FUN_00049cf0
00054e10	GAME_UNIQUE	35	UNNAMED	FUN_00054e10
00054e90	GAME_UNIQUE	35	UNNAMED	FUN_00054e90
00055020	GAME_UNIQUE	35	named	tmpl__AV_map_vs_V_handle_str_0A_E_0PP_ratl_::vfunc9
00069fc0	GAME_PORTABLE	35	named	tmpl__AV_map_vs_V_handle_str_02_V1_0BJ_ratl_::vfunc17
0006a130	GAME_PORTABLE	35	named	tmpl__AV_map_vs_V_handle_str_02_V1_0BJ_ratl_::vfunc10
0006db70	GAME_PORTABLE	35	UNNAMED	FUN_0006db70
00074c30	GAME_UNIQUE	35	named	tmpl__AV_COnlyOneEvent_VCActor_VEFirstEquipment_::vfunc89
00086200	GAME_UNIQUE	35	UNNAMED	FUN_00086200
000875d0	GAME_UNIQUE	35	named	CMoverEntity::vfunc4
00091040	GAME_UNIQUE	35	named	tmpl__AV_COnlyOneEvent_VCActor_VEFirstEquipment_::vfunc120
000931d0	GAME_PORTABLE	35	UNNAMED	FUN_000931d0
0009c640	GAME_UNIQUE	35	UNNAMED	FUN_0009c640
000a11b0	GAME_UNIQUE	35	named	CCollisions::vfunc0
000aa380	GAME_UNIQUE	35	UNNAMED	FUN_000aa380
000c9fe0	GAME_UNIQUE	35	UNNAMED	FUN_000c9fe0
000cfaf0	GAME_UNIQUE	35	UNNAMED	FUN_000cfaf0
000d1830	GAME_UNIQUE	35	named	CCEAtkTeleport::vfunc40
000d3d00	GAME_UNIQUE	35	UNNAMED	FUN_000d3d00
000e4880	GAME_PORTABLE	35	named	CCEAtkTeleport::vfunc30
000eb130	GAME_UNIQUE	35	UNNAMED	FUN_000eb130
000eb690	GAME_UNIQUE	35	named	CFightStyle::vfunc18
000fdbb0	GAME_PORTABLE	35	UNNAMED	FUN_000fdbb0
00117a10	GAME_UNIQUE	35	named	CInput::vfunc19
00118630	GAME_PORTABLE	35	UNNAMED	FUN_00118630
0011b630	GAME_UNIQUE	35	UNNAMED	FUN_0011b630
0011c720	GAME_UNIQUE	35	named	tmpl__AV_tree_base_U_value_semantics_node_V_handle_str_0A_0EA_Vtree_node_ratl_storage_ratl_ratl_::vfunc27
0011c790	GAME_UNIQUE	35	named	tmpl__AV_tree_base_U_value_semantics_node_V_handle_str_0A_0EA_Vtree_node_ratl_storage_ratl_ratl_::vfunc28
0011d9f0	GAME_UNIQUE	35	UNNAMED	FUN_0011d9f0
001219f0	GAME_UNIQUE	35	UNNAMED	FUN_001219f0
0012c740	GAME_UNIQUE	35	UNNAMED	FUN_0012c740
0012db80	GAME_UNIQUE	35	UNNAMED	FUN_0012db80
0012f0c0	GAME_PORTABLE	35	UNNAMED	FUN_0012f0c0
00145d50	GAME_UNIQUE	35	UNNAMED	FUN_00145d50
0014be50	GAME_UNIQUE	35	UNNAMED	FUN_0014be50
001548e0	GAME_PORTABLE	35	named	CHud::vfunc20
001560f0	GAME_PORTABLE	35	UNNAMED	FUN_001560f0
00161240	GAME_UNIQUE	35	UNNAMED	FUN_00161240
00162660	GAME_UNIQUE	35	UNNAMED	FUN_00162660
001629d0	GAME_UNIQUE	35	UNNAMED	FUN_001629d0
001649b0	GAME_UNIQUE	35	UNNAMED	FUN_001649b0
001663b0	GAME_PORTABLE	35	UNNAMED	FUN_001663b0
00171d80	GAME_PORTABLE	35	UNNAMED	FUN_00171d80
00178920	GAME_PORTABLE	35	UNNAMED	FUN_00178920
0017ce40	GAME_UNIQUE	35	named	CMenuItemSlider::vfunc15
0017e520	GAME_UNIQUE	35	UNNAMED	FUN_0017e520
001826b0	GAME_UNIQUE	35	named	tmpl__AV_tree_base_U_value_semantics_node_V_handle_str_01_00Vtree_node_ratl_storage_ratl_ratl_::vfunc31
0018a390	GAME_PORTABLE	35	UNNAMED	FUN_0018a390
0018c2f0	GAME_UNIQUE	35	UNNAMED	FUN_0018c2f0
002935a0	GAME_UNIQUE	35	UNNAMED	FUN_002935a0
002ff711	GAME_UNIQUE	35	UNNAMED	FUN_002ff711
0030a890	GAME_UNIQUE	35	UNNAMED	FUN_0030a890
0030cf20	GAME_UNIQUE	35	UNNAMED	FUN_0030cf20
0030cf80	GAME_UNIQUE	35	UNNAMED	FUN_0030cf80
00313880	GAME_UNIQUE	35	UNNAMED	FUN_00313880
00318e60	GAME_UNIQUE	35	UNNAMED	FUN_00318e60
0033f5a0	GAME_UNIQUE	35	UNNAMED	FUN_0033f5a0
003bf897	GAME_UNIQUE	35	named	XAPILIB__XInitDevices
00014ce0	GAME_UNIQUE	34	named	BitQueue_PushAndClearFlag_540
00014ef0	GAME_UNIQUE	34	named	BitQueue_PushAndClearFlag_588
00014fd0	GAME_UNIQUE	34	named	BitQueue_PushAndClearFlag_2100
00015050	GAME_UNIQUE	34	named	BitQueue_PushAndClearFlag_750
0001ce20	GAME_UNIQUE	34	named	CFxPrimitiveBase::vfunc21
0001d130	GAME_UNIQUE	34	named	CFxPrimitiveBase::vfunc113
000315c0	GAME_UNIQUE	34	UNNAMED	FUN_000315c0
00038640	GAME_UNIQUE	34	UNNAMED	FUN_00038640
00048140	GAME_UNIQUE	34	UNNAMED	FUN_00048140
00048f90	GAME_UNIQUE	34	UNNAMED	FUN_00048f90
00057970	GAME_PORTABLE	34	UNNAMED	FUN_00057970
00068000	GAME_UNIQUE	34	named	tmpl__AV_CEntityFactory_VCEntity_V1_::vfunc0
0006e920	GAME_PORTABLE	34	UNNAMED	FUN_0006e920
00075000	GAME_UNIQUE	34	named	tmpl__AV_COnlyOneEvent_VCActor_VEFirstEquipment_::vfunc39
00077080	GAME_UNIQUE	34	UNNAMED	FUN_00077080
00078c20	GAME_UNIQUE	34	UNNAMED	FUN_00078c20
0007a790	GAME_UNIQUE	34	UNNAMED	FUN_0007a790
00085080	GAME_UNIQUE	34	named	CMissionMgr::vfunc14
000850f0	GAME_UNIQUE	34	UNNAMED	FUN_000850f0
00085140	GAME_UNIQUE	34	UNNAMED	FUN_00085140
0008f910	GAME_UNIQUE	34	named	CPathGrid::vfunc8
00095090	GAME_UNIQUE	34	UNNAMED	FUN_00095090
00098b00	GAME_UNIQUE	34	UNNAMED	FUN_00098b00
000b1460	GAME_UNIQUE	34	UNNAMED	FUN_000b1460
000b4ea0	GAME_UNIQUE	34	named	CTalentSystem::vfunc14
000bfa90	GAME_PORTABLE	34	UNNAMED	FUN_000bfa90
000c6d20	GAME_UNIQUE	34	UNNAMED	FUN_000c6d20
000ca370	GAME_UNIQUE	34	UNNAMED	FUN_000ca370
000ca3f0	GAME_UNIQUE	34	UNNAMED	FUN_000ca3f0
000cee80	GAME_PORTABLE	34	named	CCombatNodeEvent::vfunc6
000dabe0	GAME_UNIQUE	34	named	CCombatNodeHandler::vfunc206
000dc140	GAME_UNIQUE	34	named	CCombatNodeHandler::vfunc254
000df230	GAME_UNIQUE	34	named	CCombatNodeHandler::vfunc154
000e3380	GAME_PORTABLE	34	UNNAMED	FUN_000e3380
000f7720	GAME_UNIQUE	34	named	CAI::vfunc134
000fdc10	GAME_UNIQUE	34	UNNAMED	FUN_000fdc10
0011bee0	GAME_UNIQUE	34	UNNAMED	FUN_0011bee0
0011c400	GAME_PORTABLE	34	UNNAMED	FUN_0011c400
00120340	GAME_UNIQUE	34	named	CMemoryCardXBox::vfunc24
00124770	GAME_UNIQUE	34	named	tmpl__AV_tree_base_U_value_semantics_node_V_string_vs_0BAA_ratl_04Vtree_node_2_storage_ratl_ratl_::vfunc37
00125210	GAME_UNIQUE	34	named	tmpl__AV_tree_base_U_value_semantics_node_V_string_vs_0BAA_ratl_04Vtree_node_2_storage_ratl_ratl_::vfunc22
00126b50	GAME_UNIQUE	34	UNNAMED	FUN_00126b50
00133d60	GAME_UNIQUE	34	UNNAMED	FUN_00133d60
001479a0	GAME_UNIQUE	34	UNNAMED	FUN_001479a0
00154790	GAME_UNIQUE	34	UNNAMED	FUN_00154790
00155330	GAME_UNIQUE	34	named	CHud::vfunc43
00155f60	GAME_UNIQUE	34	UNNAMED	FUN_00155f60
00155fd0	GAME_UNIQUE	34	UNNAMED	FUN_00155fd0
00159ea0	GAME_UNIQUE	34	named	CHudCharacter::vfunc0
001612b0	GAME_UNIQUE	34	UNNAMED	FUN_001612b0
0016f780	GAME_UNIQUE	34	UNNAMED	FUN_0016f780
00172c80	GAME_UNIQUE	34	UNNAMED	FUN_00172c80
00176a50	GAME_PORTABLE	34	UNNAMED	FUN_00176a50
00177ab0	GAME_UNIQUE	34	named	CMenuItemListBox::vfunc89
00181360	GAME_UNIQUE	34	UNNAMED	FUN_00181360
0018b790	GAME_UNIQUE	34	UNNAMED	FUN_0018b790
00190060	XMEN_SERIES	34	UNNAMED	FUN_00190060
001a3554	GAME_UNIQUE	34	named	XAPILIB___cinit
001e2270	GAME_UNIQUE	34	UNNAMED	FUN_001e2270
001e7b00	XMEN_SERIES	34	UNNAMED	FUN_001e7b00
001ef6c0	GAME_UNIQUE	34	UNNAMED	FUN_001ef6c0
0020e3c0	GAME_UNIQUE	34	UNNAMED	FUN_0020e3c0
0020ecc0	GAME_UNIQUE	34	UNNAMED	FUN_0020ecc0
0021e7a0	GAME_UNIQUE	34	UNNAMED	FUN_0021e7a0
00274e20	GAME_UNIQUE	34	UNNAMED	FUN_00274e20
002839d0	GAME_UNIQUE	34	UNNAMED	FUN_002839d0
0030f8a0	GAME_UNIQUE	34	UNNAMED	FUN_0030f8a0
0031f680	XMEN_SERIES	34	UNNAMED	FUN_0031f680
00012660	GAME_UNIQUE	33	named	tmpl__AV_tree_base_U_value_semantics_node_USFxFileRecord_CFxTemplateManager_0KP_Vtree_node_ratl_stora::vfunc14
0001d2a0	GAME_UNIQUE	33	named	Audio_InitListenerPropertiesOnce
0001d460	GAME_UNIQUE	33	named	CFxDLightPrimitive::vfunc232
00025ee0	GAME_UNIQUE	33	UNNAMED	FUN_00025ee0
00027410	GAME_UNIQUE	33	UNNAMED	FUN_00027410
000277e0	GAME_UNIQUE	33	UNNAMED	FUN_000277e0
00029b90	GAME_UNIQUE	33	UNNAMED	FUN_00029b90
0002a730	GAME_UNIQUE	33	UNNAMED	FUN_0002a730
00040350	GAME_UNIQUE	33	UNNAMED	FUN_00040350
00052170	GAME_PORTABLE	33	UNNAMED	FUN_00052170
0005cc00	GAME_UNIQUE	33	UNNAMED	FUN_0005cc00
00066000	GAME_UNIQUE	33	UNNAMED	FUN_00066000
00067f20	GAME_UNIQUE	33	UNNAMED	FUN_00067f20
0006a370	GAME_PORTABLE	33	UNNAMED	FUN_0006a370
0006af20	GAME_UNIQUE	33	UNNAMED	FUN_0006af20
000738c0	GAME_UNIQUE	33	UNNAMED	FUN_000738c0
0007a080	XMEN_SERIES	33	UNNAMED	FUN_0007a080
0008c300	GAME_UNIQUE	33	named	COptions::vfunc37
000942e0	GAME_PORTABLE	33	named	CPowerTriggerEntity::vfunc5
0009cf40	GAME_UNIQUE	33	UNNAMED	FUN_0009cf40
000a47c0	GAME_UNIQUE	33	named	CReviewPaths::vfunc8
000ad7f0	GAME_UNIQUE	33	UNNAMED	FUN_000ad7f0
000b0e40	GAME_UNIQUE	33	UNNAMED	FUN_000b0e40
000b6900	GAME_UNIQUE	33	named	CTileEntity::vfunc45
000b9bb0	GAME_UNIQUE	33	UNNAMED	FUN_000b9bb0
000c15d0	GAME_UNIQUE	33	UNNAMED	FUN_000c15d0
000c7d70	GAME_PORTABLE	33	UNNAMED	FUN_000c7d70
000c7f30	GAME_UNIQUE	33	UNNAMED	FUN_000c7f30
000cb910	GAME_PORTABLE	33	UNNAMED	FUN_000cb910
000d6760	GAME_UNIQUE	33	named	CCEAtkSpawnProjectile::vfunc78
000dc4d0	GAME_UNIQUE	33	named	CCombatNodeHandler::vfunc275
000e1e20	GAME_UNIQUE	33	named	CExtrnalCombatNodeInterface::vfunc4
000e5b40	GAME_PORTABLE	33	named	CCEAtkTeleport::vfunc429
00125b40	GAME_UNIQUE	33	UNNAMED	FUN_00125b40
00137f40	GAME_PORTABLE	33	named	GlobalEngine_Ctor_00137f40
0013b2b0	GAME_UNIQUE	33	UNNAMED	FUN_0013b2b0
001496f0	GAME_UNIQUE	33	UNNAMED	FUN_001496f0
0014a9c0	XMEN_SERIES	33	UNNAMED	FUN_0014a9c0
001515c0	GAME_PORTABLE	33	UNNAMED	FUN_001515c0
00151dd0	GAME_PORTABLE	33	UNNAMED	FUN_00151dd0
00163430	GAME_UNIQUE	33	UNNAMED	FUN_00163430
001640d0	GAME_UNIQUE	33	UNNAMED	FUN_001640d0
0016b2f0	GAME_UNIQUE	33	named	CMenuBlackbird::vfunc11
0016b360	GAME_UNIQUE	33	UNNAMED	FUN_0016b360
00171f80	GAME_UNIQUE	33	UNNAMED	FUN_00171f80
001742f0	GAME_UNIQUE	33	UNNAMED	FUN_001742f0
0017c840	GAME_UNIQUE	33	named	CMenuItemShop::vfunc4
001813d0	GAME_UNIQUE	33	named	tmpl__AV_tree_base_U_value_semantics_node_V_handle_str_01_00Vtree_node_ratl_storage_ratl_ratl_::vfunc33
00181810	GAME_UNIQUE	33	named	tmpl__AV_tree_base_U_value_semantics_node_V_handle_str_01_00Vtree_node_ratl_storage_ratl_ratl_::vfunc92
001859b0	GAME_UNIQUE	33	UNNAMED	FUN_001859b0
00185b50	GAME_UNIQUE	33	UNNAMED	FUN_00185b50
00185bc0	GAME_UNIQUE	33	UNNAMED	FUN_00185bc0
0025f8f0	GAME_UNIQUE	33	UNNAMED	FUN_0025f8f0
0026c880	GAME_UNIQUE	33	UNNAMED	FUN_0026c880
002c9165	GAME_UNIQUE	33	UNNAMED	FUN_002c9165
0031d6f0	GAME_UNIQUE	33	UNNAMED	FUN_0031d6f0
00371596	GAME_UNIQUE	33	UNNAMED	FUN_00371596
003b99b4	GAME_UNIQUE	33	UNNAMED	FUN_003b99b4
00016000	GAME_UNIQUE	32	named	SpatialPool_InitManagerAndTrackingArrays_588
00016070	GAME_UNIQUE	32	named	QueueManager_Init175_00016070
00016520	GAME_UNIQUE	32	named	SpatialSubPool_Init16_00016520
0001d740	GAME_UNIQUE	32	named	CFxDLightPrimitive::vfunc2
0003cdf0	GAME_UNIQUE	32	UNNAMED	FUN_0003cdf0
0005f970	GAME_UNIQUE	32	UNNAMED	FUN_0005f970
0005fc60	GAME_UNIQUE	32	UNNAMED	FUN_0005fc60
0005fcd0	GAME_UNIQUE	32	UNNAMED	FUN_0005fcd0
0006cb70	GAME_UNIQUE	32	UNNAMED	FUN_0006cb70
0006ded0	GAME_UNIQUE	32	UNNAMED	FUN_0006ded0
0006eb00	GAME_UNIQUE	32	UNNAMED	FUN_0006eb00
000702e0	GAME_UNIQUE	32	UNNAMED	FUN_000702e0
0007e290	GAME_UNIQUE	32	named	CInventorySystem::vfunc17
00083370	GAME_UNIQUE	32	UNNAMED	FUN_00083370
00095210	GAME_UNIQUE	32	UNNAMED	FUN_00095210
000a2030	GAME_UNIQUE	32	named	CStaticQuery::vfunc15
000a4530	GAME_UNIQUE	32	named	CReviewPaths::vfunc5
000a45c0	GAME_UNIQUE	32	UNNAMED	FUN_000a45c0
000a4870	GAME_UNIQUE	32	named	CReviewPaths::vfunc10
000a76a0	GAME_UNIQUE	32	UNNAMED	FUN_000a76a0
000aa250	GAME_UNIQUE	32	UNNAMED	FUN_000aa250
000aa5e0	GAME_UNIQUE	32	UNNAMED	FUN_000aa5e0
000aa8d0	GAME_UNIQUE	32	UNNAMED	FUN_000aa8d0
000b28f0	GAME_PORTABLE	32	UNNAMED	FUN_000b28f0
000b3470	GAME_UNIQUE	32	named	GetResourceManager
000b4770	GAME_UNIQUE	32	UNNAMED	FUN_000b4770
000b4df0	GAME_UNIQUE	32	named	CTalentSystem::vfunc8
000bd850	GAME_UNIQUE	32	UNNAMED	FUN_000bd850
000bd8c0	GAME_UNIQUE	32	UNNAMED	FUN_000bd8c0
000c0130	GAME_UNIQUE	32	UNNAMED	FUN_000c0130
000c0180	GAME_UNIQUE	32	UNNAMED	FUN_000c0180
000c1190	GAME_UNIQUE	32	UNNAMED	FUN_000c1190
000cac70	GAME_UNIQUE	32	UNNAMED	FUN_000cac70
000cae10	GAME_UNIQUE	32	UNNAMED	FUN_000cae10
000cde90	GAME_UNIQUE	32	named	CCEAction::vfunc1
000d89e0	GAME_UNIQUE	32	named	CCEAtkTeleport::vfunc391
000ddd80	GAME_UNIQUE	32	named	CCombatNodeHandler::vfunc452
000e3f60	GAME_UNIQUE	32	named	CCombatNodeEvent::vfunc2
000e9840	GAME_UNIQUE	32	UNNAMED	FUN_000e9840
000e9d60	GAME_UNIQUE	32	named	tmpl__AV_tree_base_U_value_semantics_node_V_handle_str_02_0BH_Vtree_node_ratl_storage_ratl_ratl_::vfunc16
000ebdb0	GAME_UNIQUE	32	UNNAMED	FUN_000ebdb0
000ecf70	GAME_PORTABLE	32	UNNAMED	FUN_000ecf70
000f7790	GAME_UNIQUE	32	named	CAI::vfunc135
000f7980	GAME_UNIQUE	32	named	CAI::vfunc137
000fb7b0	GAME_UNIQUE	32	UNNAMED	FUN_000fb7b0
000fb9f0	GAME_PORTABLE	32	UNNAMED	FUN_000fb9f0
001011f0	GAME_UNIQUE	32	UNNAMED	FUN_001011f0
0010ebc0	GAME_UNIQUE	32	UNNAMED	FUN_0010ebc0
0011e500	GAME_UNIQUE	32	named	IMemory::vfunc54
001210e0	GAME_PORTABLE	32	named	CAnimDBPrecacher::vfunc4
00125170	GAME_UNIQUE	32	named	GetFileSystem
00127350	GAME_UNIQUE	32	UNNAMED	FUN_00127350
00127480	GAME_UNIQUE	32	UNNAMED	FUN_00127480
001353d0	GAME_UNIQUE	32	named	IModelComponent::vfunc66
00137540	GAME_PORTABLE	32	UNNAMED	FUN_00137540
00137670	GAME_UNIQUE	32	UNNAMED	FUN_00137670
001378e0	GAME_UNIQUE	32	UNNAMED	FUN_001378e0
00137bd0	GAME_PORTABLE	32	UNNAMED	FUN_00137bd0
0013bf70	GAME_UNIQUE	32	UNNAMED	FUN_0013bf70
0013efd0	GAME_PORTABLE	32	UNNAMED	FUN_0013efd0
00156a20	GAME_UNIQUE	32	UNNAMED	FUN_00156a20
00156a90	GAME_UNIQUE	32	UNNAMED	FUN_00156a90
0015fc90	GAME_PORTABLE	32	UNNAMED	FUN_0015fc90
00168080	GAME_PORTABLE	32	UNNAMED	FUN_00168080
0016abd0	GAME_UNIQUE	32	UNNAMED	FUN_0016abd0
00171be0	GAME_UNIQUE	32	UNNAMED	FUN_00171be0
001741d0	GAME_UNIQUE	32	UNNAMED	FUN_001741d0
00174280	GAME_UNIQUE	32	UNNAMED	FUN_00174280
00176e60	GAME_UNIQUE	32	UNNAMED	FUN_00176e60
00178a00	GAME_UNIQUE	32	UNNAMED	FUN_00178a00
0017e3a0	GAME_UNIQUE	32	named	CMenuItemTextBox::vfunc12
0017ea20	GAME_UNIQUE	32	UNNAMED	FUN_0017ea20
00181130	GAME_UNIQUE	32	named	tmpl__AV_tree_base_U_value_semantics_node_V_handle_str_01_00Vtree_node_ratl_storage_ratl_ratl_::vfunc73
0018c350	GAME_UNIQUE	32	UNNAMED	FUN_0018c350
00199e40	GAME_UNIQUE	32	UNNAMED	FUN_00199e40
001a74c0	GAME_UNIQUE	32	UNNAMED	FUN_001a74c0
001ccdd0	XMEN_SERIES	32	UNNAMED	FUN_001ccdd0
00212180	GAME_UNIQUE	32	UNNAMED	FUN_00212180
002121e0	GAME_UNIQUE	32	UNNAMED	FUN_002121e0
00212240	GAME_UNIQUE	32	UNNAMED	FUN_00212240
0021e670	GAME_UNIQUE	32	UNNAMED	FUN_0021e670
0021e700	GAME_UNIQUE	32	UNNAMED	FUN_0021e700
0021e750	GAME_UNIQUE	32	UNNAMED	FUN_0021e750
00258a40	GAME_UNIQUE	32	UNNAMED	FUN_00258a40
0026db60	GAME_UNIQUE	32	UNNAMED	FUN_0026db60
0026dbb0	GAME_UNIQUE	32	UNNAMED	FUN_0026dbb0
0026dc00	GAME_UNIQUE	32	UNNAMED	FUN_0026dc00
00294ea0	GAME_UNIQUE	32	UNNAMED	FUN_00294ea0
00298a90	GAME_UNIQUE	32	UNNAMED	FUN_00298a90
0030bbb0	GAME_UNIQUE	32	UNNAMED	FUN_0030bbb0
00366e50	GAME_UNIQUE	32	UNNAMED	FUN_00366e50
003acfe2	GAME_UNIQUE	32	UNNAMED	FUN_003acfe2
00011070	GAME_UNIQUE	31	named	main_game_loop
00015e30	GAME_UNIQUE	31	named	SpatialPool_GetSecondaryNodePropertiesOrFallback_588
0001d4d0	GAME_UNIQUE	31	named	CFxDLightPrimitive::vfunc231
000259f0	GAME_UNIQUE	31	UNNAMED	FUN_000259f0
00025ab0	GAME_UNIQUE	31	UNNAMED	FUN_00025ab0
00025f50	GAME_UNIQUE	31	UNNAMED	FUN_00025f50
00026e60	GAME_UNIQUE	31	UNNAMED	FUN_00026e60
000314c0	GAME_UNIQUE	31	UNNAMED	FUN_000314c0
00031540	GAME_UNIQUE	31	UNNAMED	FUN_00031540
00031640	GAME_UNIQUE	31	UNNAMED	FUN_00031640
00031900	GAME_UNIQUE	31	UNNAMED	FUN_00031900
00031980	GAME_UNIQUE	31	UNNAMED	FUN_00031980
00031a00	GAME_UNIQUE	31	UNNAMED	FUN_00031a00
00031a80	GAME_UNIQUE	31	UNNAMED	FUN_00031a80
00031b00	GAME_UNIQUE	31	UNNAMED	FUN_00031b00
00031b80	GAME_UNIQUE	31	UNNAMED	FUN_00031b80
00031ce0	GAME_UNIQUE	31	UNNAMED	FUN_00031ce0
00031db0	GAME_UNIQUE	31	UNNAMED	FUN_00031db0
00032680	XMEN_SERIES	31	named	CActor::vfunc10
0003a490	GAME_UNIQUE	31	UNNAMED	FUN_0003a490
000477d0	GAME_UNIQUE	31	UNNAMED	FUN_000477d0
00048090	GAME_UNIQUE	31	UNNAMED	FUN_00048090
00054f60	GAME_UNIQUE	31	named	tmpl__AV_map_vs_V_handle_str_0A_E_0PP_ratl_::vfunc15
000578b0	GAME_PORTABLE	31	UNNAMED	FUN_000578b0
0005ca20	GAME_UNIQUE	31	named	CCombatSystem::vfunc6
000690b0	GAME_UNIQUE	31	named	IEntityDefinitions::vfunc34
0006d860	GAME_UNIQUE	31	UNNAMED	FUN_0006d860
0007a690	GAME_UNIQUE	31	UNNAMED	FUN_0007a690
0008a4c0	GAME_PORTABLE	31	named	CMultiplayer::vfunc17
000a5120	GAME_UNIQUE	31	UNNAMED	FUN_000a5120
000b2ca0	GAME_UNIQUE	31	UNNAMED	FUN_000b2ca0
000b4cd0	GAME_UNIQUE	31	UNNAMED	FUN_000b4cd0
000cadb0	GAME_UNIQUE	31	UNNAMED	FUN_000cadb0
000d67d0	GAME_UNIQUE	31	named	CCEAtkSpawnProjectile::vfunc84
000dc040	GAME_UNIQUE	31	UNNAMED	FUN_000dc040
000dc620	GAME_UNIQUE	31	named	CCHBoredGeneric::vfunc509
000deaa0	GAME_UNIQUE	31	named	CCombatNodeHandler::vfunc353
000e4330	GAME_UNIQUE	31	named	CCEAtkSpawnProjectile::vfunc30
000e9e70	GAME_UNIQUE	31	named	CFightStyle::vfunc24
000eb040	GAME_UNIQUE	31	UNNAMED	FUN_000eb040
000ec200	GAME_UNIQUE	31	named	CFightStyle::vfunc3
00102a30	GAME_UNIQUE	31	UNNAMED	FUN_00102a30
0010f990	GAME_UNIQUE	31	UNNAMED	FUN_0010f990
00123490	GAME_PORTABLE	31	UNNAMED	FUN_00123490
00137040	GAME_PORTABLE	31	UNNAMED	FUN_00137040
00137a70	GAME_PORTABLE	31	UNNAMED	FUN_00137a70
00137ae0	GAME_PORTABLE	31	UNNAMED	FUN_00137ae0
00137c50	GAME_UNIQUE	31	UNNAMED	FUN_00137c50
001528c0	GAME_UNIQUE	31	named	CAutoMap::vfunc7
00156030	GAME_PORTABLE	31	UNNAMED	FUN_00156030
0015e250	GAME_PORTABLE	31	UNNAMED	FUN_0015e250
001662f0	GAME_PORTABLE	31	UNNAMED	FUN_001662f0
00168e50	GAME_UNIQUE	31	UNNAMED	FUN_00168e50
0016a510	GAME_UNIQUE	31	UNNAMED	FUN_0016a510
0016af10	GAME_UNIQUE	31	UNNAMED	FUN_0016af10
0016bff0	GAME_UNIQUE	31	UNNAMED	FUN_0016bff0
00174030	GAME_UNIQUE	31	UNNAMED	FUN_00174030
0017e7c0	GAME_UNIQUE	31	named	CMenuMain::vfunc6
00182360	GAME_UNIQUE	31	named	tmpl__AV_tree_base_U_value_semantics_node_V_handle_str_01_00Vtree_node_ratl_storage_ratl_ratl_::vfunc128
0018b800	GAME_UNIQUE	31	UNNAMED	FUN_0018b800
0018c3b0	GAME_UNIQUE	31	UNNAMED	FUN_0018c3b0
0018f600	GAME_UNIQUE	31	UNNAMED	FUN_0018f600
00193b20	GAME_UNIQUE	31	UNNAMED	FUN_00193b20
00199cd0	GAME_PORTABLE	31	UNNAMED	FUN_00199cd0
001a5d00	GAME_UNIQUE	31	UNNAMED	FUN_001a5d00
001ef660	GAME_UNIQUE	31	UNNAMED	FUN_001ef660
00252070	GAME_UNIQUE	31	UNNAMED	FUN_00252070
00253640	GAME_UNIQUE	31	UNNAMED	FUN_00253640
00253f50	GAME_UNIQUE	31	UNNAMED	FUN_00253f50
002546c0	GAME_UNIQUE	31	UNNAMED	FUN_002546c0
00255c30	GAME_UNIQUE	31	UNNAMED	FUN_00255c30
0025c6c0	GAME_UNIQUE	31	UNNAMED	FUN_0025c6c0
00275c70	GAME_UNIQUE	31	UNNAMED	FUN_00275c70
002765c0	GAME_UNIQUE	31	UNNAMED	FUN_002765c0
002849c0	GAME_UNIQUE	31	UNNAMED	FUN_002849c0
002973a0	GAME_UNIQUE	31	UNNAMED	FUN_002973a0
002cdad1	GAME_UNIQUE	31	UNNAMED	FUN_002cdad1
003199d0	GAME_UNIQUE	31	UNNAMED	FUN_003199d0
003299a0	GAME_UNIQUE	31	UNNAMED	FUN_003299a0
0035ec80	XMEN_SERIES	31	named	D3D8__D3DDevice_SetRenderState_StencilFail
003b5427	GAME_UNIQUE	31	UNNAMED	FUN_003b5427
00011e40	GAME_UNIQUE	30	named	engine_main_loop
00015d10	GAME_UNIQUE	30	named	SpatialPool_GetNodePropertiesOrFallback_588
000166a0	GAME_UNIQUE	30	named	SpatialSubsystem_ScheduleTransform_128
00018350	GAME_UNIQUE	30	UNNAMED	FUN_00018350
000183d0	GAME_UNIQUE	30	UNNAMED	FUN_000183d0
00026b60	GAME_UNIQUE	30	UNNAMED	FUN_00026b60
00038340	GAME_UNIQUE	30	UNNAMED	FUN_00038340
000383a0	GAME_UNIQUE	30	UNNAMED	FUN_000383a0
0003e550	GAME_UNIQUE	30	UNNAMED	FUN_0003e550
00049810	GAME_PORTABLE	30	UNNAMED	FUN_00049810
0004a240	GAME_UNIQUE	30	UNNAMED	FUN_0004a240
0004a7a0	GAME_UNIQUE	30	UNNAMED	FUN_0004a7a0
0004a980	GAME_UNIQUE	30	named	CCamera::vfunc33
0004aa00	GAME_UNIQUE	30	named	CCamera::vfunc34
0004ae20	GAME_UNIQUE	30	named	CCamera::vfunc72
00051660	GAME_PORTABLE	30	named	CCamera::vfunc84
00056e90	GAME_UNIQUE	30	UNNAMED	FUN_00056e90
0005e8a0	GAME_UNIQUE	30	UNNAMED	FUN_0005e8a0
0006e100	GAME_UNIQUE	30	UNNAMED	FUN_0006e100
0006f090	GAME_UNIQUE	30	named	CGame::vfunc15
00070860	GAME_UNIQUE	30	named	CGame::vfunc16
00074df0	GAME_UNIQUE	30	named	tmpl__AV_COnlyOneEvent_VCActor_VEFirstEquipment_::vfunc113
00074e80	GAME_UNIQUE	30	UNNAMED	FUN_00074e80
00076830	GAME_UNIQUE	30	UNNAMED	FUN_00076830
00083a10	GAME_UNIQUE	30	UNNAMED	FUN_00083a10
000849c0	GAME_UNIQUE	30	UNNAMED	FUN_000849c0
000932b0	GAME_UNIQUE	30	UNNAMED	FUN_000932b0
000a1770	GAME_UNIQUE	30	named	CStaticQuery::vfunc29
000a4030	GAME_PORTABLE	30	UNNAMED	FUN_000a4030
000acc20	GAME_UNIQUE	30	named	CShadowMgr::vfunc8
000acc80	GAME_UNIQUE	30	named	CShadowMgr::vfunc9
000afa40	GAME_UNIQUE	30	UNNAMED	FUN_000afa40
000b60f0	GAME_UNIQUE	30	named	CTalent::vfunc8
000c0f00	GAME_UNIQUE	30	UNNAMED	FUN_000c0f00
000c1910	GAME_UNIQUE	30	UNNAMED	FUN_000c1910
000cc120	GAME_UNIQUE	30	UNNAMED	FUN_000cc120
000d7780	GAME_UNIQUE	30	UNNAMED	FUN_000d7780
000d8530	GAME_UNIQUE	30	named	CCEAtkTeleport::vfunc405
000e5bd0	GAME_UNIQUE	30	named	CCEAtkTeleport::vfunc440
000f7910	GAME_UNIQUE	30	named	CAI::vfunc136
000f9e80	GAME_UNIQUE	30	UNNAMED	FUN_000f9e80
0011e1c0	GAME_UNIQUE	30	UNNAMED	FUN_0011e1c0
00121170	GAME_UNIQUE	30	named	CAnimDBPrecacher::vfunc9
00131b60	GAME_PORTABLE	30	UNNAMED	FUN_00131b60
00137130	GAME_PORTABLE	30	UNNAMED	FUN_00137130
0013ee10	GAME_PORTABLE	30	UNNAMED	FUN_0013ee10
00147440	GAME_UNIQUE	30	UNNAMED	FUN_00147440
00149660	GAME_UNIQUE	30	UNNAMED	FUN_00149660
00149950	GAME_PORTABLE	30	UNNAMED	FUN_00149950
00162880	GAME_UNIQUE	30	UNNAMED	FUN_00162880
00164c40	GAME_UNIQUE	30	UNNAMED	FUN_00164c40
00176da0	GAME_UNIQUE	30	UNNAMED	FUN_00176da0
001779d0	GAME_UNIQUE	30	UNNAMED	FUN_001779d0
0017fa20	GAME_UNIQUE	30	named	CMenuEquipShop::vfunc34
00180d90	GAME_UNIQUE	30	named	tmpl__AV_tree_base_U_value_semantics_node_V_handle_str_01_00Vtree_node_ratl_storage_ratl_ratl_::vfunc64
0018a420	GAME_PORTABLE	30	UNNAMED	FUN_0018a420
0018b8b0	GAME_UNIQUE	30	UNNAMED	FUN_0018b8b0
00242380	GAME_UNIQUE	30	UNNAMED	FUN_00242380
0024b860	GAME_UNIQUE	30	UNNAMED	FUN_0024b860
002a59b0	GAME_UNIQUE	30	UNNAMED	FUN_002a59b0
0030f940	GAME_UNIQUE	30	UNNAMED	FUN_0030f940
0034d4c8	GAME_UNIQUE	30	UNNAMED	FUN_0034d4c8
0035d100	XMEN_SERIES	30	named	D3D8__D3DDevice_SetVertexShaderConstant1
0035d3f0	XMEN_SERIES	30	named	D3D8__D3DDevice_LoadVertexShader
0035dcd0	GAME_UNIQUE	30	named	D3D8__D3DDevice_SetRenderState_CullMode
00012a00	GAME_UNIQUE	29	named	Ray_Init
00015d70	GAME_UNIQUE	29	named	SpatialPool_EvaluateNodeRayPoint_588
00015e90	GAME_UNIQUE	29	named	SpatialPool_TransformAndJitterVectorSecondary_588
00026010	GAME_PORTABLE	29	UNNAMED	FUN_00026010
00027c00	GAME_UNIQUE	29	named	tmpl__AV_COnlyOneEvent_VCActor_VEFirstEquipment_::vfunc75
00029c00	GAME_UNIQUE	29	UNNAMED	FUN_00029c00
0002da00	GAME_UNIQUE	29	UNNAMED	FUN_0002da00
00033c60	GAME_UNIQUE	29	UNNAMED	FUN_00033c60
00038270	GAME_UNIQUE	29	UNNAMED	FUN_00038270
00047860	GAME_UNIQUE	29	UNNAMED	FUN_00047860
0004aa80	GAME_UNIQUE	29	named	CCamera::vfunc36
0004d280	GAME_UNIQUE	29	UNNAMED	FUN_0004d280
00057910	GAME_PORTABLE	29	UNNAMED	FUN_00057910
00058810	GAME_UNIQUE	29	UNNAMED	FUN_00058810
00058870	GAME_UNIQUE	29	UNNAMED	FUN_00058870
0005d0d0	GAME_UNIQUE	29	UNNAMED	FUN_0005d0d0
0006ac40	GAME_UNIQUE	29	named	CEntityGrid::vfunc0
0006bfd0	GAME_UNIQUE	29	UNNAMED	FUN_0006bfd0
0006c020	GAME_UNIQUE	29	UNNAMED	FUN_0006c020
00079fe0	GAME_UNIQUE	29	UNNAMED	FUN_00079fe0
0007fd30	GAME_UNIQUE	29	UNNAMED	FUN_0007fd30
00082fd0	GAME_UNIQUE	29	UNNAMED	FUN_00082fd0
00083030	GAME_UNIQUE	29	UNNAMED	FUN_00083030
00089230	GAME_UNIQUE	29	UNNAMED	FUN_00089230
000a1ce0	GAME_UNIQUE	29	UNNAMED	FUN_000a1ce0
000a26d0	GAME_UNIQUE	29	named	CStaticQuery::vfunc4
000a2950	GAME_UNIQUE	29	UNNAMED	FUN_000a2950
000a29b0	GAME_UNIQUE	29	UNNAMED	FUN_000a29b0
000a2a10	GAME_UNIQUE	29	UNNAMED	FUN_000a2a10
000a6050	GAME_UNIQUE	29	UNNAMED	FUN_000a6050
000aa560	GAME_PORTABLE	29	named	tmpl__AV_CEntityFactory_VCScriptTriggerEntity_VCGameEntity_::vfunc7
000acd40	GAME_UNIQUE	29	named	CShadowMgr::vfunc11
000ad680	GAME_UNIQUE	29	UNNAMED	FUN_000ad680
000ae080	GAME_UNIQUE	29	UNNAMED	FUN_000ae080
000b2960	GAME_UNIQUE	29	UNNAMED	FUN_000b2960
000b29d0	GAME_UNIQUE	29	UNNAMED	FUN_000b29d0
000b2dc0	GAME_UNIQUE	29	UNNAMED	FUN_000b2dc0
000b3ad0	GAME_UNIQUE	29	named	CTalent::vfunc13
000b3e90	GAME_UNIQUE	29	named	CTalentSystem::vfunc6
000b3f40	GAME_PORTABLE	29	UNNAMED	FUN_000b3f40
000b4d30	GAME_UNIQUE	29	named	CTalentSystem::vfunc11
000b6650	GAME_UNIQUE	29	UNNAMED	FUN_000b6650
000b7100	GAME_UNIQUE	29	named	CTileEntity::vfunc5
000bb130	GAME_UNIQUE	29	named	CWeapons::vfunc2
000be0c0	GAME_UNIQUE	29	UNNAMED	FUN_000be0c0
000c9710	GAME_UNIQUE	29	UNNAMED	FUN_000c9710
000d74a0	GAME_UNIQUE	29	named	CCEPowerup::vfunc5
000e1cf0	GAME_UNIQUE	29	named	CExtrnalCombatNodeInterface::vfunc10
000e5010	GAME_PORTABLE	29	UNNAMED	FUN_000e5010
000ee0d0	GAME_UNIQUE	29	UNNAMED	FUN_000ee0d0
000f4560	GAME_UNIQUE	29	UNNAMED	FUN_000f4560
000f45c0	GAME_UNIQUE	29	UNNAMED	FUN_000f45c0
000f9770	GAME_UNIQUE	29	named	CAI::vfunc130
000f97d0	GAME_UNIQUE	29	named	CAI::vfunc144
000fd140	GAME_PORTABLE	29	UNNAMED	FUN_000fd140
00124120	XMEN_SERIES	29	UNNAMED	FUN_00124120
0012e810	GAME_PORTABLE	29	named	ICacheBase::vfunc10
00130fc0	XMEN_SERIES	29	UNNAMED	FUN_00130fc0
00133a50	GAME_UNIQUE	29	named	IModelComponent::vfunc50
00133ab0	GAME_UNIQUE	29	named	IModelComponent::vfunc48
0013ec80	GAME_UNIQUE	29	UNNAMED	FUN_0013ec80
0013ece0	GAME_UNIQUE	29	named	tmpl__AV_tree_base_U_value_semantics_node_V_string_vs_0BAA_ratl_00Vtree_node_2_storage_ratl_ratl_::vfunc13
00147280	GAME_PORTABLE	29	named	tmpl__AV_ISafeResMgr_VITexture_::vfunc17
00156af0	GAME_PORTABLE	29	UNNAMED	FUN_00156af0
0015e200	GAME_UNIQUE	29	named	CHudCharacter::vfunc46
0015f550	GAME_UNIQUE	29	named	CHudCharacter::vfunc25
00187880	GAME_UNIQUE	29	UNNAMED	FUN_00187880
001a8410	GAME_UNIQUE	29	UNNAMED	FUN_001a8410
0020c2d0	GAME_UNIQUE	29	UNNAMED	FUN_0020c2d0
0021c760	GAME_UNIQUE	29	UNNAMED	FUN_0021c760
0024de60	GAME_UNIQUE	29	UNNAMED	FUN_0024de60
0027bed0	GAME_UNIQUE	29	UNNAMED	FUN_0027bed0
00299140	GAME_UNIQUE	29	UNNAMED	FUN_00299140
002991a0	GAME_UNIQUE	29	UNNAMED	FUN_002991a0
0029a220	GAME_UNIQUE	29	UNNAMED	FUN_0029a220
00306d70	GAME_UNIQUE	29	UNNAMED	FUN_00306d70
0030bdd0	GAME_UNIQUE	29	UNNAMED	FUN_0030bdd0
003488d8	GAME_UNIQUE	29	named	__trandisp1
003611f0	GAME_UNIQUE	29	UNNAMED	FUN_003611f0
00371dd5	GAME_UNIQUE	29	UNNAMED	FUN_00371dd5
003ac51c	GAME_UNIQUE	29	UNNAMED	FUN_003ac51c
003ad5b8	GAME_UNIQUE	29	UNNAMED	FUN_003ad5b8
000125b0	GAME_PORTABLE	28	named	IntegerPower
000135e0	GAME_UNIQUE	28	named	BoundingVolume_Ctor_DualBoundedLeafNode
00013a20	GAME_UNIQUE	28	named	CFxCylinderPrimitive::vfunc18
00014b60	GAME_UNIQUE	28	named	Array80Byte_AppendEntry_Max94
00031470	GAME_UNIQUE	28	UNNAMED	FUN_00031470
000324d0	GAME_UNIQUE	28	named	CActor::vfunc83
00049660	GAME_UNIQUE	28	UNNAMED	FUN_00049660
00055130	GAME_UNIQUE	28	named	tmpl__AV_map_vs_V_handle_str_0A_E_0PP_ratl_::vfunc50
000669f0	GAME_UNIQUE	28	named	IEntityDef::IEntityDefCallback::vfunc4
00069dc0	GAME_PORTABLE	28	UNNAMED	FUN_00069dc0
0006bf00	GAME_UNIQUE	28	UNNAMED	FUN_0006bf00
0006c7d0	GAME_UNIQUE	28	UNNAMED	FUN_0006c7d0
0006d9b0	GAME_UNIQUE	28	UNNAMED	FUN_0006d9b0
0006dad0	GAME_UNIQUE	28	UNNAMED	FUN_0006dad0
0006e0a0	GAME_UNIQUE	28	UNNAMED	FUN_0006e0a0
00074d30	GAME_UNIQUE	28	named	tmpl__AV_COnlyOneEvent_VCActor_VEFirstEquipment_::vfunc102
00083590	GAME_UNIQUE	28	UNNAMED	FUN_00083590
00084e80	GAME_UNIQUE	28	named	CMissionMgr::vfunc16
00093170	GAME_UNIQUE	28	named	tmpl__AV_COnlyOneEvent_VCActor_VEFirstEquipment_::vfunc22
00093be0	GAME_UNIQUE	28	named	tmpl__AV_COnlyOneEvent_VCActor_VEFirstEquipment_::vfunc121
000a1120	GAME_UNIQUE	28	named	CCollisions::vfunc4
000a1dc0	GAME_UNIQUE	28	named	CStaticQuery::vfunc10
000af0f0	GAME_UNIQUE	28	UNNAMED	FUN_000af0f0
000b0ea0	GAME_UNIQUE	28	UNNAMED	FUN_000b0ea0
000b4d90	GAME_UNIQUE	28	named	CTalentSystem::vfunc7
000b4f10	GAME_UNIQUE	28	named	CTalentSystem::vfunc15
000bdfd0	GAME_UNIQUE	28	named	IWorld::vfunc41
000bf9c0	GAME_UNIQUE	28	UNNAMED	FUN_000bf9c0
000ca950	GAME_UNIQUE	28	UNNAMED	FUN_000ca950
000ca9b0	GAME_UNIQUE	28	UNNAMED	FUN_000ca9b0
000cde40	GAME_UNIQUE	28	named	CCEAtkTeleport::vfunc218
000d0b20	GAME_UNIQUE	28	named	CCEAtkTeleport::vfunc184
000d96e0	GAME_UNIQUE	28	named	CCombatNodeHandler::vfunc448
000e2160	GAME_UNIQUE	28	named	CCombatNode::vfunc9
000e4da0	GAME_UNIQUE	28	UNNAMED	FUN_000e4da0
000e4eb0	GAME_PORTABLE	28	UNNAMED	FUN_000e4eb0
000e54f0	GAME_UNIQUE	28	UNNAMED	FUN_000e54f0
000e6cc0	GAME_UNIQUE	28	UNNAMED	FUN_000e6cc0
000fdcc0	GAME_PORTABLE	28	UNNAMED	FUN_000fdcc0
00117b10	GAME_UNIQUE	28	UNNAMED	FUN_00117b10
0011e4a0	GAME_UNIQUE	28	UNNAMED	FUN_0011e4a0
00125da0	GAME_UNIQUE	28	UNNAMED	FUN_00125da0
00130490	GAME_UNIQUE	28	UNNAMED	FUN_00130490
00136820	GAME_UNIQUE	28	named	CModelIGB::vfunc88
00137480	GAME_PORTABLE	28	UNNAMED	FUN_00137480
00138100	GAME_UNIQUE	28	UNNAMED	FUN_00138100
00138d00	GAME_UNIQUE	28	named	CModelIGB::vfunc92
00145700	GAME_UNIQUE	28	UNNAMED	FUN_00145700
0014f5e0	GAME_UNIQUE	28	named	tmpl__AV_tree_base_U_value_semantics_node_USFileRecord_CSoundSystem_0BCC_Vtree_node_ratl_storage_ratl::vfunc83
0014fa80	GAME_PORTABLE	28	named	tmpl__AV_tree_base_U_value_semantics_node_USFileRecord_CSoundSystem_0BCC_Vtree_node_ratl_storage_ratl::vfunc79
00159050	GAME_UNIQUE	28	named	CHudCharacter::vfunc39
001658c0	GAME_UNIQUE	28	UNNAMED	FUN_001658c0
00165ad0	GAME_UNIQUE	28	UNNAMED	FUN_00165ad0
001729b0	GAME_UNIQUE	28	named	CMenuImageViewer::vfunc12
00178330	GAME_UNIQUE	28	UNNAMED	FUN_00178330
001783e0	GAME_UNIQUE	28	UNNAMED	FUN_001783e0
0017aa40	GAME_UNIQUE	28	UNNAMED	FUN_0017aa40
0017aba0	GAME_UNIQUE	28	named	CMenuItemShop::vfunc8
0017fda0	GAME_UNIQUE	28	named	CMenuPlayers::vfunc9
001816f0	GAME_UNIQUE	28	named	tmpl__AV_tree_base_U_value_semantics_node_V_handle_str_01_00Vtree_node_ratl_storage_ratl_ratl_::vfunc81
0018a1b0	GAME_UNIQUE	28	UNNAMED	FUN_0018a1b0
0018bd40	GAME_PORTABLE	28	UNNAMED	FUN_0018bd40
0018c280	GAME_UNIQUE	28	UNNAMED	FUN_0018c280
001ef730	GAME_UNIQUE	28	UNNAMED	FUN_001ef730
00258e90	GAME_UNIQUE	28	UNNAMED	FUN_00258e90
002694b0	GAME_UNIQUE	28	UNNAMED	FUN_002694b0
0027ba60	XMEN_SERIES	28	UNNAMED	FUN_0027ba60
00308bc0	GAME_UNIQUE	28	UNNAMED	FUN_00308bc0
003096c0	GAME_UNIQUE	28	UNNAMED	FUN_003096c0
00340f99	GAME_UNIQUE	28	named	?_UnwindNestedFrames@@YGXPAUEHRegistrationNode@@PAUEHExceptionRecord@@@Z
00359aa0	GAME_UNIQUE	28	UNNAMED	FUN_00359aa0
003ad7f0	GAME_UNIQUE	28	UNNAMED	FUN_003ad7f0
003ba6e1	GAME_UNIQUE	28	UNNAMED	FUN_003ba6e1
000136f0	GAME_UNIQUE	27	named	AudioNode_UpdateAndCheckLifetime
00013760	GAME_UNIQUE	27	named	BoundingVolume_Ctor_DualBoundedLeafNode_Shifted
00014220	GAME_UNIQUE	27	named	BitmaskQueue_PopAndSetFlag_588
000145b0	GAME_UNIQUE	27	named	BitQueue_PopAndSetFlag
000146c0	GAME_UNIQUE	27	named	BitQueue_PopAndSetFlag_540
00014890	GAME_UNIQUE	27	named	BitQueue_PopAndSetFlag_2100
00014910	GAME_UNIQUE	27	named	BitQueue_PopAndSetFlag_750
00014e50	GAME_UNIQUE	27	named	Queue588_Init_0934
000150d0	GAME_UNIQUE	27	named	Queue588_Init_44ECC
000151a0	GAME_UNIQUE	27	named	Queue540_Init_1954
00015260	GAME_UNIQUE	27	named	Queue2100_Init_29044
000152d0	GAME_UNIQUE	27	named	Queue750_Init_8CA4
00023660	GAME_UNIQUE	27	UNNAMED	FUN_00023660
00023860	GAME_UNIQUE	27	UNNAMED	FUN_00023860
000256d0	GAME_UNIQUE	27	UNNAMED	FUN_000256d0
000257d0	GAME_UNIQUE	27	UNNAMED	FUN_000257d0
000258e0	GAME_UNIQUE	27	UNNAMED	FUN_000258e0
000262a0	GAME_UNIQUE	27	UNNAMED	FUN_000262a0
0002e040	GAME_UNIQUE	27	named	CActor::vfunc62
0002e0b0	GAME_UNIQUE	27	named	CActor::vfunc113
0002e320	GAME_UNIQUE	27	UNNAMED	FUN_0002e320
0002ebc0	GAME_PORTABLE	27	UNNAMED	FUN_0002ebc0
00036120	GAME_UNIQUE	27	UNNAMED	FUN_00036120
00036260	GAME_UNIQUE	27	UNNAMED	FUN_00036260
000472a0	GAME_PORTABLE	27	UNNAMED	FUN_000472a0
00047560	GAME_UNIQUE	27	UNNAMED	FUN_00047560
000480f0	GAME_UNIQUE	27	UNNAMED	FUN_000480f0
000481a0	GAME_UNIQUE	27	UNNAMED	FUN_000481a0
000535d0	GAME_PORTABLE	27	named	CCamera::vfunc58
00054b20	GAME_UNIQUE	27	UNNAMED	FUN_00054b20
00054f10	GAME_UNIQUE	27	named	tmpl__AV_map_vs_V_handle_str_0A_E_0PP_ratl_::vfunc19
000559c0	GAME_UNIQUE	27	UNNAMED	FUN_000559c0
00057380	GAME_PORTABLE	27	UNNAMED	FUN_00057380
00057550	GAME_UNIQUE	27	named	CCheats::vfunc3
000575a0	GAME_UNIQUE	27	named	CCheats::vfunc4
0005f4f0	GAME_UNIQUE	27	UNNAMED	FUN_0005f4f0
0005f550	GAME_UNIQUE	27	UNNAMED	FUN_0005f550
0005f7f0	GAME_UNIQUE	27	UNNAMED	FUN_0005f7f0
0005f890	GAME_UNIQUE	27	UNNAMED	FUN_0005f890
00060b90	GAME_UNIQUE	27	UNNAMED	FUN_00060b90
000668e0	GAME_UNIQUE	27	UNNAMED	FUN_000668e0
00066980	GAME_PORTABLE	27	named	tmpl__AV_COnlyOneEvent_VCActor_VEFirstEquipment_::vfunc53
000681e0	GAME_UNIQUE	27	UNNAMED	FUN_000681e0
00068250	GAME_UNIQUE	27	UNNAMED	FUN_00068250
000687e0	GAME_PORTABLE	27	UNNAMED	FUN_000687e0
0006c460	GAME_UNIQUE	27	UNNAMED	FUN_0006c460
0006c710	GAME_UNIQUE	27	UNNAMED	FUN_0006c710
0006c770	GAME_UNIQUE	27	UNNAMED	FUN_0006c770
0006e170	GAME_UNIQUE	27	UNNAMED	FUN_0006e170
00074890	GAME_UNIQUE	27	named	tmpl__AV_COnlyOneEvent_VCActor_VEFirstEquipment_::vfunc83
00076ed0	GAME_UNIQUE	27	UNNAMED	FUN_00076ed0
00082450	GAME_UNIQUE	27	UNNAMED	FUN_00082450
00083810	GAME_UNIQUE	27	UNNAMED	FUN_00083810
00083910	GAME_UNIQUE	27	UNNAMED	FUN_00083910
0008c5a0	GAME_UNIQUE	27	named	COptions::vfunc12
00094dc0	GAME_UNIQUE	27	UNNAMED	FUN_00094dc0
00095020	GAME_UNIQUE	27	UNNAMED	FUN_00095020
000a2880	GAME_UNIQUE	27	UNNAMED	FUN_000a2880
000a4820	GAME_UNIQUE	27	named	CReviewPaths::vfunc9
000a5cb0	GAME_UNIQUE	27	UNNAMED	FUN_000a5cb0
000acda0	GAME_UNIQUE	27	named	CShadowMgr::vfunc13
000ad730	GAME_UNIQUE	27	UNNAMED	FUN_000ad730
000af890	GAME_UNIQUE	27	UNNAMED	FUN_000af890
000b1190	GAME_UNIQUE	27	UNNAMED	FUN_000b1190
000b2e80	GAME_UNIQUE	27	UNNAMED	FUN_000b2e80
000b3e20	GAME_UNIQUE	27	UNNAMED	FUN_000b3e20
000b4120	GAME_UNIQUE	27	UNNAMED	FUN_000b4120
000b7d00	GAME_PORTABLE	27	UNNAMED	FUN_000b7d00
000bf650	GAME_PORTABLE	27	UNNAMED	FUN_000bf650
000c9af0	GAME_UNIQUE	27	UNNAMED	FUN_000c9af0
000c9da0	GAME_PORTABLE	27	UNNAMED	FUN_000c9da0
000c9e40	GAME_UNIQUE	27	UNNAMED	FUN_000c9e40
000c9f80	GAME_UNIQUE	27	UNNAMED	FUN_000c9f80
000ca200	GAME_UNIQUE	27	UNNAMED	FUN_000ca200
000ca540	GAME_PORTABLE	27	UNNAMED	FUN_000ca540
000ca5a0	GAME_UNIQUE	27	UNNAMED	FUN_000ca5a0
000ca710	GAME_UNIQUE	27	UNNAMED	FUN_000ca710
000ccca0	GAME_PORTABLE	27	UNNAMED	FUN_000ccca0
000ceee0	GAME_UNIQUE	27	UNNAMED	FUN_000ceee0
000d4ed0	GAME_UNIQUE	27	named	CCEAtkTeleport::vfunc22
000d7f00	GAME_UNIQUE	27	named	CCEAtkTeleport::vfunc284
000d92d0	GAME_UNIQUE	27	named	CCombatNodeHandler::vfunc15
000da670	GAME_UNIQUE	27	named	CCombatNodeHandler::vfunc197
000e3090	GAME_UNIQUE	27	UNNAMED	FUN_000e3090
000e4d30	GAME_UNIQUE	27	UNNAMED	FUN_000e4d30
000e6d10	GAME_UNIQUE	27	UNNAMED	FUN_000e6d10
000e7a90	GAME_UNIQUE	27	UNNAMED	FUN_000e7a90
000e8d60	GAME_UNIQUE	27	UNNAMED	FUN_000e8d60
000e98b0	GAME_UNIQUE	27	UNNAMED	FUN_000e98b0
000e9dd0	GAME_UNIQUE	27	named	tmpl__AV_tree_base_U_value_semantics_node_V_handle_str_02_0BH_Vtree_node_ratl_storage_ratl_ratl_::vfunc17
000ea4d0	GAME_UNIQUE	27	UNNAMED	FUN_000ea4d0
000ea540	GAME_UNIQUE	27	UNNAMED	FUN_000ea540
000edc60	GAME_UNIQUE	27	named	CAIStandardAttackHandler::vfunc4
0010f7c0	GAME_UNIQUE	27	UNNAMED	FUN_0010f7c0
0011c9d0	GAME_PORTABLE	27	named	tmpl__AV_tree_base_U_value_semantics_node_V_handle_str_0A_0EA_Vtree_node_ratl_storage_ratl_ratl_::vfunc24
0011e0f0	GAME_PORTABLE	27	UNNAMED	FUN_0011e0f0
0011e150	GAME_PORTABLE	27	UNNAMED	FUN_0011e150
00121720	GAME_PORTABLE	27	UNNAMED	FUN_00121720
00121780	GAME_PORTABLE	27	UNNAMED	FUN_00121780
001217f0	GAME_UNIQUE	27	UNNAMED	FUN_001217f0
00121860	GAME_UNIQUE	27	UNNAMED	FUN_00121860
00123080	GAME_UNIQUE	27	UNNAMED	FUN_00123080
001230c0	GAME_UNIQUE	27	UNNAMED	FUN_001230c0
001232c0	GAME_UNIQUE	27	UNNAMED	FUN_001232c0
00123720	GAME_PORTABLE	27	UNNAMED	FUN_00123720
00125fa0	GAME_UNIQUE	27	UNNAMED	FUN_00125fa0
00126040	GAME_UNIQUE	27	UNNAMED	FUN_00126040
0012cba0	GAME_UNIQUE	27	UNNAMED	FUN_0012cba0
001339f0	GAME_UNIQUE	27	UNNAMED	FUN_001339f0
00133df0	GAME_PORTABLE	27	UNNAMED	FUN_00133df0
001347b0	GAME_UNIQUE	27	UNNAMED	FUN_001347b0
00134820	GAME_UNIQUE	27	UNNAMED	FUN_00134820
00134890	GAME_UNIQUE	27	UNNAMED	FUN_00134890
001349d0	GAME_UNIQUE	27	UNNAMED	FUN_001349d0
00134a40	GAME_UNIQUE	27	UNNAMED	FUN_00134a40
001350e0	GAME_UNIQUE	27	named	IModelComponent::vfunc72
00135e40	GAME_UNIQUE	27	UNNAMED	FUN_00135e40
00135f40	GAME_UNIQUE	27	UNNAMED	FUN_00135f40
00136040	GAME_UNIQUE	27	UNNAMED	FUN_00136040
001362e0	GAME_UNIQUE	27	UNNAMED	FUN_001362e0
001364a0	GAME_UNIQUE	27	UNNAMED	FUN_001364a0
00137a00	GAME_PORTABLE	27	UNNAMED	FUN_00137a00
00139890	GAME_UNIQUE	27	named	CModelIGB::vfunc76
0013a050	GAME_UNIQUE	27	UNNAMED	FUN_0013a050
0013c500	GAME_UNIQUE	27	named	CMotionPath::vfunc0
0013fef0	GAME_UNIQUE	27	UNNAMED	FUN_0013fef0
001413e0	GAME_UNIQUE	27	UNNAMED	FUN_001413e0
00144110	GAME_UNIQUE	27	named	IPlayfield::vfunc55
00145cf0	GAME_UNIQUE	27	named	tmpl__AV_CSafeResMgrI_VIPlayfield_04_0CLDI_::vfunc11
001462d0	GAME_UNIQUE	27	UNNAMED	FUN_001462d0
00149460	XMEN_SERIES	27	UNNAMED	FUN_00149460
0014e940	GAME_UNIQUE	27	UNNAMED	FUN_0014e940
0014eab0	GAME_UNIQUE	27	UNNAMED	FUN_0014eab0
0014ec10	GAME_UNIQUE	27	UNNAMED	FUN_0014ec10
0014f670	GAME_UNIQUE	27	named	tmpl__AV_tree_base_U_value_semantics_node_USFileRecord_CSoundSystem_0BCC_Vtree_node_ratl_storage_ratl::vfunc107
00150ce0	GAME_UNIQUE	27	UNNAMED	FUN_00150ce0
001611d0	GAME_UNIQUE	27	UNNAMED	FUN_001611d0
001628f0	GAME_UNIQUE	27	UNNAMED	FUN_001628f0
00165b40	GAME_PORTABLE	27	UNNAMED	FUN_00165b40
00166350	GAME_PORTABLE	27	UNNAMED	FUN_00166350
00174cd0	GAME_UNIQUE	27	UNNAMED	FUN_00174cd0
00176160	GAME_UNIQUE	27	UNNAMED	FUN_00176160
001761c0	GAME_PORTABLE	27	UNNAMED	FUN_001761c0
00177d90	GAME_UNIQUE	27	UNNAMED	FUN_00177d90
00177df0	GAME_UNIQUE	27	named	CMenuItemListBox::vfunc94
001789a0	GAME_PORTABLE	27	UNNAMED	FUN_001789a0
0017a0b0	GAME_UNIQUE	27	UNNAMED	FUN_0017a0b0
0017e430	GAME_UNIQUE	27	UNNAMED	FUN_0017e430
0017e5a0	GAME_UNIQUE	27	UNNAMED	FUN_0017e5a0
0017e610	GAME_UNIQUE	27	UNNAMED	FUN_0017e610
00180d30	GAME_UNIQUE	27	named	tmpl__AV_tree_base_U_value_semantics_node_V_handle_str_01_00Vtree_node_ratl_storage_ratl_ratl_::vfunc63
001812d0	GAME_UNIQUE	27	UNNAMED	FUN_001812d0
001818e0	GAME_PORTABLE	27	named	tmpl__AV_tree_base_U_value_semantics_node_V_handle_str_01_00Vtree_node_ratl_storage_ratl_ratl_::vfunc124
00182d80	GAME_PORTABLE	27	UNNAMED	FUN_00182d80
00182de0	GAME_PORTABLE	27	UNNAMED	FUN_00182de0
00183cb0	GAME_UNIQUE	27	UNNAMED	FUN_00183cb0
00187a80	GAME_UNIQUE	27	UNNAMED	FUN_00187a80
0018c970	GAME_UNIQUE	27	UNNAMED	FUN_0018c970
0019b820	GAME_UNIQUE	27	named	Gap::Sg::igNode::vfunc299
001ef540	GAME_UNIQUE	27	UNNAMED	FUN_001ef540
0021b970	GAME_UNIQUE	27	UNNAMED	FUN_0021b970
0025bb40	GAME_UNIQUE	27	UNNAMED	FUN_0025bb40
002987e0	GAME_UNIQUE	27	UNNAMED	FUN_002987e0
00308930	GAME_UNIQUE	27	UNNAMED	FUN_00308930
0031d640	GAME_UNIQUE	27	UNNAMED	FUN_0031d640
003c070b	GAME_UNIQUE	27	named	XAPILIB__GetTypeInformation_8
00014f70	GAME_PORTABLE	26	named	QueueManager175_ResetState
00016700	GAME_PORTABLE	26	named	PoolManager128_Init_00016700
00026c00	GAME_UNIQUE	26	UNNAMED	FUN_00026c00
000362d0	GAME_UNIQUE	26	UNNAMED	FUN_000362d0
0004ba90	GAME_PORTABLE	26	UNNAMED	FUN_0004ba90
00051d30	GAME_UNIQUE	26	UNNAMED	FUN_00051d30
00052110	GAME_UNIQUE	26	UNNAMED	FUN_00052110
00052430	GAME_PORTABLE	26	UNNAMED	FUN_00052430
00054150	GAME_UNIQUE	26	named	tmpl__AV_map_vs_V_handle_str_0A_E_0PP_ratl_::vfunc28
0005f380	GAME_UNIQUE	26	UNNAMED	FUN_0005f380
0005f690	GAME_UNIQUE	26	UNNAMED	FUN_0005f690
0005f6e0	GAME_UNIQUE	26	UNNAMED	FUN_0005f6e0
0005fdc0	GAME_UNIQUE	26	UNNAMED	FUN_0005fdc0
00066ca0	GAME_UNIQUE	26	UNNAMED	FUN_00066ca0
00066e40	GAME_UNIQUE	26	UNNAMED	FUN_00066e40
0006a300	GAME_PORTABLE	26	UNNAMED	FUN_0006a300
0006d8c0	GAME_UNIQUE	26	UNNAMED	FUN_0006d8c0
0006df30	GAME_UNIQUE	26	UNNAMED	FUN_0006df30
0006e7e0	GAME_PORTABLE	26	UNNAMED	FUN_0006e7e0
0006e830	GAME_PORTABLE	26	UNNAMED	FUN_0006e830
0006f310	GAME_UNIQUE	26	named	CGame::vfunc79
0006f8b0	GAME_UNIQUE	26	named	CGame::vfunc62
0007e450	GAME_UNIQUE	26	named	CInventorySystem::vfunc31
00083500	GAME_UNIQUE	26	UNNAMED	FUN_00083500
0008bdc0	GAME_UNIQUE	26	UNNAMED	FUN_0008bdc0
0008c1d0	GAME_PORTABLE	26	named	COptions::vfunc29
00091190	GAME_UNIQUE	26	UNNAMED	FUN_00091190
00091380	GAME_UNIQUE	26	named	tmpl__AV_COnlyOneEvent_VCActor_VEFirstEquipment_::vfunc122
00093a70	GAME_UNIQUE	26	UNNAMED	FUN_00093a70
00096690	GAME_PORTABLE	26	UNNAMED	FUN_00096690
00096754	GAME_UNIQUE	26	UNNAMED	FUN_00096754
0009a6e0	GAME_UNIQUE	26	UNNAMED	FUN_0009a6e0
000a2b10	GAME_UNIQUE	26	UNNAMED	FUN_000a2b10
000acce0	GAME_UNIQUE	26	named	CShadowMgr::vfunc10
000ad780	GAME_UNIQUE	26	UNNAMED	FUN_000ad780
000aee70	GAME_UNIQUE	26	UNNAMED	FUN_000aee70
000b1b30	GAME_UNIQUE	26	UNNAMED	FUN_000b1b30
000c00f0	GAME_PORTABLE	26	UNNAMED	FUN_000c00f0
000c4d10	GAME_UNIQUE	26	UNNAMED	FUN_000c4d10
000d44a0	GAME_PORTABLE	26	named	CCEAtkTeleport::vfunc6
000de6e0	GAME_UNIQUE	26	UNNAMED	FUN_000de6e0
000e12d0	GAME_UNIQUE	26	named	CCHJump::vfunc503
000e14d0	GAME_UNIQUE	26	named	CCombatNodeHandler::vfunc245
000e5c60	GAME_PORTABLE	26	named	CCEAtkTeleport::vfunc451
000e5f50	GAME_PORTABLE	26	named	CCESound::vfunc237
000eb270	GAME_UNIQUE	26	named	CFightStyle::vfunc20
000eb2c0	GAME_UNIQUE	26	named	CFightStyle::vfunc21
000ec270	GAME_UNIQUE	26	named	CFightStyle::vfunc4
000fb750	GAME_PORTABLE	26	UNNAMED	FUN_000fb750
00121430	GAME_PORTABLE	26	named	CAnimDBPrecacher::vfunc34
001355b0	GAME_UNIQUE	26	named	IModelComponent::vfunc73
001363e0	GAME_PORTABLE	26	UNNAMED	FUN_001363e0
00137b60	GAME_PORTABLE	26	UNNAMED	FUN_00137b60
00137cd0	GAME_PORTABLE	26	UNNAMED	FUN_00137cd0
00138870	GAME_UNIQUE	26	UNNAMED	FUN_00138870
0013c4a0	GAME_UNIQUE	26	named	CMotionPath::vfunc3
00146250	GAME_UNIQUE	26	UNNAMED	FUN_00146250
00146c30	GAME_PORTABLE	26	UNNAMED	FUN_00146c30
00146db0	GAME_PORTABLE	26	UNNAMED	FUN_00146db0
0014a4d0	GAME_UNIQUE	26	named	CXmlCache::vfunc0
00150b30	GAME_PORTABLE	26	UNNAMED	FUN_00150b30
001511b0	GAME_PORTABLE	26	UNNAMED	FUN_001511b0
00154890	GAME_PORTABLE	26	UNNAMED	FUN_00154890
00159f40	GAME_UNIQUE	26	named	CHudCharacter::vfunc4
0015aba0	GAME_UNIQUE	26	UNNAMED	FUN_0015aba0
0015fdb0	GAME_UNIQUE	26	named	CHudCharacter::vfunc32
00161cb0	GAME_PORTABLE	26	UNNAMED	FUN_00161cb0
00162990	GAME_PORTABLE	26	UNNAMED	FUN_00162990
00162a40	GAME_UNIQUE	26	named	CMenu::vfunc23
00162aa0	GAME_UNIQUE	26	named	CMenu::vfunc24
0016dbb0	GAME_UNIQUE	26	named	CMenuCodex::vfunc6
00171df0	GAME_UNIQUE	26	UNNAMED	FUN_00171df0
00173f80	GAME_UNIQUE	26	UNNAMED	FUN_00173f80
00174f20	GAME_UNIQUE	26	named	CMenuItemCharacters::vfunc15
0017dae0	GAME_UNIQUE	26	UNNAMED	FUN_0017dae0
0017dcd0	GAME_UNIQUE	26	UNNAMED	FUN_0017dcd0
0017e760	GAME_UNIQUE	26	named	CMenuMain::vfunc4
0017f9b0	GAME_UNIQUE	26	named	CMenuEquipShop::vfunc43
00182d40	GAME_PORTABLE	26	UNNAMED	FUN_00182d40
0018a060	GAME_UNIQUE	26	UNNAMED	FUN_0018a060
001a85b0	GAME_UNIQUE	26	UNNAMED	FUN_001a85b0
0024deb0	GAME_UNIQUE	26	UNNAMED	FUN_0024deb0
0024fa40	GAME_UNIQUE	26	UNNAMED	FUN_0024fa40
0031d5c0	GAME_UNIQUE	26	UNNAMED	FUN_0031d5c0
00345550	GAME_UNIQUE	26	named	__mtinitlocks
00345b25	XMEN_SERIES	26	UNNAMED	FUN_00345b25
003aa6bd	GAME_UNIQUE	26	UNNAMED	FUN_003aa6bd
00013990	GAME_UNIQUE	25	named	BoundingVolume_Ctor_MultiBoundedLeafNode
00015dd0	GAME_UNIQUE	25	named	SpatialPool_GetRandomPointFromNodeRay_588
000292a0	GAME_UNIQUE	25	UNNAMED	FUN_000292a0
0002f290	XMEN_SERIES	25	UNNAMED	FUN_0002f290
0002f3e0	GAME_UNIQUE	25	named	tmpl__AV_COnlyOneEvent_VCActor_VEFirstEquipment_::vfunc0
0002f430	GAME_UNIQUE	25	named	tmpl__AV_COnlyOneEvent_VCActor_VEFirstEquipment_::vfunc4
00043df0	GAME_UNIQUE	25	UNNAMED	FUN_00043df0
000516c0	GAME_UNIQUE	25	named	CCamera::vfunc85
000528d0	GAME_PORTABLE	25	UNNAMED	FUN_000528d0
00055a30	GAME_UNIQUE	25	UNNAMED	FUN_00055a30
00057450	GAME_UNIQUE	25	UNNAMED	FUN_00057450
0005e7b0	GAME_PORTABLE	25	UNNAMED	FUN_0005e7b0
0005fe30	GAME_UNIQUE	25	named	CConversationSystem::vfunc21
00068850	GAME_PORTABLE	25	UNNAMED	FUN_00068850
0006b4e0	GAME_UNIQUE	25	UNNAMED	FUN_0006b4e0
0006bec0	GAME_UNIQUE	25	UNNAMED	FUN_0006bec0
0007d3c0	GAME_UNIQUE	25	named	CInventoryEntity::vfunc5
000838c0	GAME_UNIQUE	25	UNNAMED	FUN_000838c0
000839c0	GAME_UNIQUE	25	UNNAMED	FUN_000839c0
00086000	GAME_UNIQUE	25	named	GetAnimationManager
000860d0	GAME_UNIQUE	25	named	CMissionMgr::vfunc7
00090010	GAME_UNIQUE	25	UNNAMED	FUN_00090010
00091100	GAME_PORTABLE	25	named	tmpl__AV_COnlyOneEvent_VCActor_VEFirstEquipment_::vfunc63
00099830	GAME_UNIQUE	25	UNNAMED	FUN_00099830
000a2800	GAME_UNIQUE	25	UNNAMED	FUN_000a2800
000a2a70	GAME_UNIQUE	25	UNNAMED	FUN_000a2a70
000a4d40	GAME_UNIQUE	25	named	CReviewPaths::vfunc13
000acb80	GAME_UNIQUE	25	named	CShadowMgr::vfunc6
000acbd0	GAME_UNIQUE	25	named	CShadowMgr::vfunc7
000be380	GAME_UNIQUE	25	named	IWorld::vfunc61
000ccac0	GAME_PORTABLE	25	UNNAMED	FUN_000ccac0
000ccb60	GAME_PORTABLE	25	UNNAMED	FUN_000ccb60
000d7460	GAME_UNIQUE	25	named	CCEPowerup::vfunc4
000d7530	GAME_UNIQUE	25	named	CCEPowerup::vfunc6
000da870	GAME_UNIQUE	25	named	CCombatNodeHandler::vfunc209
000de3c0	GAME_UNIQUE	25	named	CCHIdle::vfunc506
000e1960	GAME_PORTABLE	25	named	CCombatNode::vfunc7
000ea030	GAME_UNIQUE	25	UNNAMED	FUN_000ea030
000ebc90	GAME_UNIQUE	25	UNNAMED	FUN_000ebc90
000f2930	GAME_PORTABLE	25	UNNAMED	FUN_000f2930
000f6a50	GAME_UNIQUE	25	UNNAMED	FUN_000f6a50
000f8880	GAME_PORTABLE	25	named	CAI::vfunc87
0011dab0	GAME_UNIQUE	25	named	CFileBundleMgr::vfunc18
00120590	GAME_UNIQUE	25	named	CMemoryCardXBox::vfunc27
00125820	GAME_UNIQUE	25	UNNAMED	FUN_00125820
00125c00	GAME_UNIQUE	25	UNNAMED	FUN_00125c00
00125ce0	GAME_UNIQUE	25	UNNAMED	FUN_00125ce0
00128580	GAME_UNIQUE	25	UNNAMED	FUN_00128580
0012e520	GAME_UNIQUE	25	UNNAMED	FUN_0012e520
00131c40	GAME_UNIQUE	25	UNNAMED	FUN_00131c40
00135950	GAME_UNIQUE	25	UNNAMED	FUN_00135950
00136790	GAME_UNIQUE	25	named	CModelIGB::vfunc84
00136870	GAME_UNIQUE	25	named	CModelIGB::vfunc87
00139e90	GAME_UNIQUE	25	named	CModelIGB::vfunc57
0013c8b0	GAME_PORTABLE	25	UNNAMED	FUN_0013c8b0
0013cdc0	GAME_UNIQUE	25	UNNAMED	FUN_0013cdc0
0013ebc0	GAME_UNIQUE	25	named	tmpl__AV_tree_base_U_value_semantics_node_V_string_vs_0BAA_ratl_00Vtree_node_2_storage_ratl_ratl_::vfunc10
0013ec20	GAME_UNIQUE	25	named	tmpl__AV_tree_base_U_value_semantics_node_V_string_vs_0BAA_ratl_00Vtree_node_2_storage_ratl_ratl_::vfunc11
0014be00	GAME_PORTABLE	25	UNNAMED	FUN_0014be00
0014bf60	GAME_PORTABLE	25	UNNAMED	FUN_0014bf60
001506c0	GAME_PORTABLE	25	named	tmpl__AV_tree_base_U_value_semantics_node_USFileRecord_CSoundSystem_0BCC_Vtree_node_ratl_storage_ratl::vfunc86
00154af0	GAME_PORTABLE	25	UNNAMED	FUN_00154af0
00161140	GAME_UNIQUE	25	named	CMenu::vfunc5
00163e30	GAME_UNIQUE	25	UNNAMED	FUN_00163e30
00164dd0	GAME_UNIQUE	25	UNNAMED	FUN_00164dd0
00174ff0	GAME_UNIQUE	25	UNNAMED	FUN_00174ff0
0017cd80	GAME_UNIQUE	25	named	CMenuItemSlider::vfunc3
00181990	GAME_PORTABLE	25	named	tmpl__AV_tree_base_U_value_semantics_node_V_handle_str_01_00Vtree_node_ratl_storage_ratl_ratl_::vfunc127
00181c50	GAME_UNIQUE	25	UNNAMED	FUN_00181c50
00186c60	GAME_UNIQUE	25	named	CPopupDialog::vfunc15
0018b860	GAME_UNIQUE	25	UNNAMED	FUN_0018b860
0018bda0	GAME_PORTABLE	25	UNNAMED	FUN_0018bda0
0018e090	GAME_UNIQUE	25	UNNAMED	FUN_0018e090
00191fd0	GAME_UNIQUE	25	UNNAMED	FUN_00191fd0
001f5090	GAME_UNIQUE	25	UNNAMED	FUN_001f5090
002059f0	GAME_UNIQUE	25	UNNAMED	FUN_002059f0
0020c320	GAME_UNIQUE	25	UNNAMED	FUN_0020c320
00298910	GAME_UNIQUE	25	UNNAMED	FUN_00298910
00298970	GAME_UNIQUE	25	UNNAMED	FUN_00298970
0029cbe0	GAME_UNIQUE	25	UNNAMED	FUN_0029cbe0
002fccaf	GAME_UNIQUE	25	UNNAMED	FUN_002fccaf
0031d690	GAME_UNIQUE	25	UNNAMED	FUN_0031d690
003204d0	GAME_UNIQUE	25	UNNAMED	FUN_003204d0
00346743	GAME_UNIQUE	25	UNNAMED	FUN_00346743
003b03bc	GAME_UNIQUE	25	UNNAMED	FUN_003b03bc
003c452e	GAME_UNIQUE	25	UNNAMED	FUN_003c452e
00013300	GAME_UNIQUE	24	named	AudioNode_UpdateAndCheckBounds
00014500	GAME_UNIQUE	24	named	StringHandle_Assign
00027b50	GAME_UNIQUE	24	named	tmpl__AV_COnlyOneEventArgs_VCActionEntity_VERemove_VCEntityID_::vfunc0
00027ba0	GAME_UNIQUE	24	UNNAMED	FUN_00027ba0
00027ef0	GAME_UNIQUE	24	UNNAMED	FUN_00027ef0
000293f0	GAME_UNIQUE	24	UNNAMED	FUN_000293f0
00029430	GAME_UNIQUE	24	UNNAMED	FUN_00029430
00029470	GAME_UNIQUE	24	UNNAMED	FUN_00029470
0002b560	GAME_UNIQUE	24	UNNAMED	FUN_0002b560
0002b810	GAME_UNIQUE	24	UNNAMED	FUN_0002b810
00031810	GAME_UNIQUE	24	UNNAMED	FUN_00031810
000347b0	GAME_UNIQUE	24	UNNAMED	FUN_000347b0
000364c0	GAME_UNIQUE	24	UNNAMED	FUN_000364c0
00038300	GAME_UNIQUE	24	named	CActor::vfunc39
0003cd80	GAME_UNIQUE	24	UNNAMED	FUN_0003cd80
00047820	GAME_UNIQUE	24	UNNAMED	FUN_00047820
000514e0	GAME_UNIQUE	24	UNNAMED	FUN_000514e0
000524b0	GAME_UNIQUE	24	UNNAMED	FUN_000524b0
000552a0	GAME_UNIQUE	24	named	tmpl__AV_map_vs_V_handle_str_0A_E_0PP_ratl_::vfunc17
00057840	GAME_PORTABLE	24	UNNAMED	FUN_00057840
000670b0	GAME_UNIQUE	24	UNNAMED	FUN_000670b0
00069f70	GAME_PORTABLE	24	named	tmpl__AV_map_vs_V_handle_str_02_V1_0BJ_ratl_::vfunc12
000757b0	GAME_UNIQUE	24	UNNAMED	FUN_000757b0
00076c90	GAME_UNIQUE	24	named	tmpl__AV_COnlyOneEvent_VCActor_VEFirstEquipment_::vfunc97
0007cf70	GAME_UNIQUE	24	UNNAMED	FUN_0007cf70
00080640	GAME_UNIQUE	24	named	IMap::vfunc87
00089f60	GAME_UNIQUE	24	named	CMultipart::vfunc3
00090ee0	GAME_UNIQUE	24	UNNAMED	FUN_00090ee0
00090f50	GAME_PORTABLE	24	named	tmpl__AV_COnlyOneEvent_VCActor_VEFirstEquipment_::vfunc79
00091000	GAME_UNIQUE	24	named	tmpl__AV_COnlyOneEvent_VCActor_VEFirstEquipment_::vfunc23
00091240	GAME_UNIQUE	24	UNNAMED	FUN_00091240
00098f70	GAME_UNIQUE	24	UNNAMED	FUN_00098f70
00099390	GAME_UNIQUE	24	UNNAMED	FUN_00099390
000a1e10	GAME_UNIQUE	24	named	CStaticQuery::vfunc11
000a2730	GAME_UNIQUE	24	named	CStaticQuery::vfunc3
000a6c80	GAME_UNIQUE	24	UNNAMED	FUN_000a6c80
000aa060	GAME_UNIQUE	24	UNNAMED	FUN_000aa060
000adad0	GAME_UNIQUE	24	UNNAMED	FUN_000adad0
000b1150	GAME_UNIQUE	24	UNNAMED	FUN_000b1150
000b3fa0	GAME_UNIQUE	24	UNNAMED	FUN_000b3fa0
000bb240	GAME_UNIQUE	24	UNNAMED	FUN_000bb240
000bdc50	GAME_PORTABLE	24	named	IWorld::vfunc55
000bdf80	GAME_UNIQUE	24	named	IWorld::vfunc43
000bec60	GAME_UNIQUE	24	UNNAMED	FUN_000bec60
000ca780	GAME_UNIQUE	24	UNNAMED	FUN_000ca780
000ccbb0	GAME_PORTABLE	24	UNNAMED	FUN_000ccbb0
000ccc50	GAME_PORTABLE	24	UNNAMED	FUN_000ccc50
000cf660	GAME_PORTABLE	24	named	CCEAction::vfunc6
000da6c0	GAME_UNIQUE	24	named	CCombatNodeHandler::vfunc200
000da900	GAME_UNIQUE	24	named	CCombatNodeHandler::vfunc212
000dd370	GAME_UNIQUE	24	named	CCombatNodeHandler::vfunc223
000e10e0	GAME_UNIQUE	24	named	CCombatNodeHandler::vfunc340
000e1130	GAME_UNIQUE	24	named	CCombatNodeHandler::vfunc347
000e57d0	GAME_UNIQUE	24	UNNAMED	FUN_000e57d0
000e5e20	GAME_UNIQUE	24	UNNAMED	FUN_000e5e20
000ecd50	GAME_PORTABLE	24	UNNAMED	FUN_000ecd50
000edfe0	GAME_UNIQUE	24	UNNAMED	FUN_000edfe0
000f24a0	GAME_UNIQUE	24	UNNAMED	FUN_000f24a0
000f24e0	GAME_UNIQUE	24	UNNAMED	FUN_000f24e0
000f2520	GAME_UNIQUE	24	UNNAMED	FUN_000f2520
000f2560	GAME_UNIQUE	24	UNNAMED	FUN_000f2560
000f6e10	GAME_UNIQUE	24	named	CAIPattern::vfunc4
000fe240	GAME_UNIQUE	24	UNNAMED	FUN_000fe240
0011bf80	GAME_UNIQUE	24	named	IClock::vfunc12
00124420	GAME_UNIQUE	24	UNNAMED	FUN_00124420
00133bb0	GAME_UNIQUE	24	named	IModelComponent::vfunc45
00134f30	XMEN_SERIES	24	UNNAMED	FUN_00134f30
001374e0	GAME_UNIQUE	24	UNNAMED	FUN_001374e0
0013d5e0	GAME_UNIQUE	24	UNNAMED	FUN_0013d5e0
00147720	GAME_PORTABLE	24	named	tmpl__AV_ISafeResMgr_VITexture_::vfunc28
00147b90	GAME_UNIQUE	24	UNNAMED	FUN_00147b90
0014ecd0	GAME_PORTABLE	24	UNNAMED	FUN_0014ecd0
00151ab0	GAME_UNIQUE	24	named	tmpl__AV_tree_base_U_value_semantics_node_USFileRecord_CSoundSystem_0BCC_Vtree_node_ratl_storage_ratl::vfunc89
001543a0	GAME_UNIQUE	24	named	CHud::vfunc36
00161360	GAME_UNIQUE	24	UNNAMED	FUN_00161360
001613a0	GAME_UNIQUE	24	UNNAMED	FUN_001613a0
00166080	GAME_UNIQUE	24	UNNAMED	FUN_00166080
00171ee0	GAME_UNIQUE	24	UNNAMED	FUN_00171ee0
00173fe0	GAME_UNIQUE	24	UNNAMED	FUN_00173fe0
0017b570	GAME_UNIQUE	24	UNNAMED	FUN_0017b570
0017fce0	GAME_UNIQUE	24	named	CMenuPersonal::vfunc4
00193d10	GAME_UNIQUE	24	named	CDisplay::vfunc9
0019eb69	GAME_UNIQUE	24	named	XAPILIB__XLaunchNewImageA
001a5a10	GAME_UNIQUE	24	UNNAMED	FUN_001a5a10
001a6270	GAME_UNIQUE	24	UNNAMED	FUN_001a6270
002046e0	GAME_UNIQUE	24	UNNAMED	FUN_002046e0
0025cd00	GAME_UNIQUE	24	UNNAMED	FUN_0025cd00
00260390	GAME_UNIQUE	24	UNNAMED	FUN_00260390
002763a0	GAME_UNIQUE	24	UNNAMED	FUN_002763a0
00279ad0	GAME_UNIQUE	24	UNNAMED	FUN_00279ad0
00325550	GAME_UNIQUE	24	UNNAMED	FUN_00325550
0035ddc0	XMEN_SERIES	24	named	D3D8__D3DDevice_SetRenderState_TextureFactor
003b54a9	GAME_UNIQUE	24	UNNAMED	FUN_003b54a9
003b9a2a	GAME_UNIQUE	24	UNNAMED	FUN_003b9a2a
003c0e83	GAME_UNIQUE	24	UNNAMED	FUN_003c0e83
00015210	GAME_UNIQUE	23	named	SpatialPoolManager175_Reset_33F8
0001cd50	GAME_PORTABLE	23	named	CFxPrimitiveBase::vfunc9
00023920	GAME_PORTABLE	23	UNNAMED	FUN_00023920
000275e0	GAME_UNIQUE	23	UNNAMED	FUN_000275e0
00027620	GAME_UNIQUE	23	UNNAMED	FUN_00027620
00027660	GAME_UNIQUE	23	UNNAMED	FUN_00027660
00029210	GAME_UNIQUE	23	UNNAMED	FUN_00029210
00029250	GAME_UNIQUE	23	UNNAMED	FUN_00029250
0002f590	GAME_UNIQUE	23	UNNAMED	FUN_0002f590
00034700	GAME_UNIQUE	23	UNNAMED	FUN_00034700
0003ae80	GAME_UNIQUE	23	UNNAMED	FUN_0003ae80
0003b100	GAME_PORTABLE	23	UNNAMED	FUN_0003b100
00046a40	GAME_UNIQUE	23	UNNAMED	FUN_00046a40
00059b10	GAME_UNIQUE	23	UNNAMED	FUN_00059b10
00060b20	GAME_UNIQUE	23	UNNAMED	FUN_00060b20
00068ff0	GAME_PORTABLE	23	UNNAMED	FUN_00068ff0
000692a0	GAME_PORTABLE	23	UNNAMED	FUN_000692a0
0006c520	GAME_UNIQUE	23	UNNAMED	FUN_0006c520
0006e1d0	GAME_UNIQUE	23	UNNAMED	FUN_0006e1d0
0006ef10	GAME_UNIQUE	23	named	CGame::vfunc11
0006fa30	GAME_UNIQUE	23	named	CGame::vfunc35
0008a410	GAME_UNIQUE	23	UNNAMED	FUN_0008a410
0008c0a0	GAME_PORTABLE	23	named	COptions::vfunc25
0008c130	GAME_PORTABLE	23	named	COptions::vfunc23
0008c180	GAME_PORTABLE	23	named	COptions::vfunc27
000946f0	GAME_UNIQUE	23	UNNAMED	FUN_000946f0
00096a20	GAME_UNIQUE	23	UNNAMED	FUN_00096a20
00098ec0	GAME_UNIQUE	23	UNNAMED	FUN_00098ec0
0009a770	GAME_UNIQUE	23	UNNAMED	FUN_0009a770
0009a7e0	GAME_UNIQUE	23	UNNAMED	FUN_0009a7e0
0009a850	GAME_UNIQUE	23	UNNAMED	FUN_0009a850
0009a8c0	GAME_UNIQUE	23	UNNAMED	FUN_0009a8c0
000a0980	GAME_UNIQUE	23	named	CSortByLastAttackedTime::vfunc0
000a1600	GAME_UNIQUE	23	named	CStaticQuery::vfunc9
000a3e60	GAME_UNIQUE	23	UNNAMED	FUN_000a3e60
000a9f60	GAME_UNIQUE	23	UNNAMED	FUN_000a9f60
000ae730	GAME_UNIQUE	23	UNNAMED	FUN_000ae730
000b3ef0	GAME_UNIQUE	23	UNNAMED	FUN_000b3ef0
000b5dc0	GAME_UNIQUE	23	named	CTalent::vfunc9
000b8550	GAME_UNIQUE	23	named	GetScriptEngine
000c1050	GAME_UNIQUE	23	UNNAMED	FUN_000c1050
000c1630	GAME_UNIQUE	23	UNNAMED	FUN_000c1630
000cbcd0	GAME_UNIQUE	23	UNNAMED	FUN_000cbcd0
000cbd40	GAME_UNIQUE	23	UNNAMED	FUN_000cbd40
000cca70	GAME_PORTABLE	23	UNNAMED	FUN_000cca70
000ccb10	GAME_PORTABLE	23	UNNAMED	FUN_000ccb10
000d1fd0	GAME_UNIQUE	23	UNNAMED	FUN_000d1fd0
000daa90	GAME_UNIQUE	23	named	CCombatNodeHandler::vfunc177
000dc690	GAME_UNIQUE	23	UNNAMED	FUN_000dc690
000dd450	GAME_UNIQUE	23	named	CCombatNodeHandler::vfunc87
000ddc50	GAME_PORTABLE	23	UNNAMED	FUN_000ddc50
000e17e0	GAME_UNIQUE	23	named	CCombatNode::vfunc1
000e5460	GAME_UNIQUE	23	UNNAMED	FUN_000e5460
000f7060	GAME_UNIQUE	23	UNNAMED	FUN_000f7060
000f98e0	GAME_PORTABLE	23	UNNAMED	FUN_000f98e0
00117960	GAME_UNIQUE	23	named	CInput::vfunc11
0011e220	GAME_UNIQUE	23	named	IMemory::vfunc46
0011e270	GAME_UNIQUE	23	named	IMemory::vfunc47
0011e2c0	GAME_UNIQUE	23	named	IMemory::vfunc48
0011e310	GAME_UNIQUE	23	named	IMemory::vfunc49
0011e360	GAME_UNIQUE	23	named	IMemory::vfunc50
0011e3a0	GAME_UNIQUE	23	named	IMemory::vfunc51
00125310	GAME_UNIQUE	23	named	tmpl__AV_tree_base_U_value_semantics_node_V_string_vs_0BAA_ratl_04Vtree_node_2_storage_ratl_ratl_::vfunc28
00125d40	GAME_UNIQUE	23	UNNAMED	FUN_00125d40
00127ed0	GAME_UNIQUE	23	UNNAMED	FUN_00127ed0
00135700	GAME_UNIQUE	23	UNNAMED	FUN_00135700
00136b40	GAME_UNIQUE	23	named	CModelIGB::vfunc80
0013d2b0	GAME_PORTABLE	23	UNNAMED	FUN_0013d2b0
00140890	GAME_UNIQUE	23	named	INodeCaches::vfunc34
00145dd0	GAME_UNIQUE	23	UNNAMED	FUN_00145dd0
001486f0	GAME_PORTABLE	23	UNNAMED	FUN_001486f0
0014c820	GAME_PORTABLE	23	named	CZonePlayfield::vfunc14
0014fcf0	GAME_PORTABLE	23	UNNAMED	FUN_0014fcf0
00153570	GAME_UNIQUE	23	named	GetViewportManager
00154230	GAME_UNIQUE	23	named	CHud::vfunc14
00156dd0	GAME_PORTABLE	23	UNNAMED	FUN_00156dd0
00167dd0	GAME_UNIQUE	23	UNNAMED	FUN_00167dd0
0016e160	GAME_UNIQUE	23	named	CMenuCredits::vfunc5
00170bc0	GAME_UNIQUE	23	UNNAMED	FUN_00170bc0
00173240	GAME_UNIQUE	23	named	CMenuItem::vfunc17
00177170	GAME_UNIQUE	23	UNNAMED	FUN_00177170
00178510	GAME_UNIQUE	23	UNNAMED	FUN_00178510
0018c180	GAME_UNIQUE	23	UNNAMED	FUN_0018c180
0018d4f0	GAME_UNIQUE	23	UNNAMED	FUN_0018d4f0
001941b0	GAME_UNIQUE	23	named	GetThreadManager
001ef610	GAME_UNIQUE	23	UNNAMED	FUN_001ef610
00203300	GAME_UNIQUE	23	UNNAMED	FUN_00203300
00219480	GAME_UNIQUE	23	UNNAMED	FUN_00219480
0024e6d0	GAME_UNIQUE	23	UNNAMED	FUN_0024e6d0
0024f510	GAME_UNIQUE	23	UNNAMED	FUN_0024f510
00275ba0	GAME_UNIQUE	23	UNNAMED	FUN_00275ba0
0027ba00	GAME_UNIQUE	23	UNNAMED	FUN_0027ba00
00281500	GAME_UNIQUE	23	UNNAMED	FUN_00281500
00287cd0	GAME_UNIQUE	23	UNNAMED	FUN_00287cd0
00298ee0	GAME_UNIQUE	23	UNNAMED	FUN_00298ee0
0029a1e0	GAME_UNIQUE	23	UNNAMED	FUN_0029a1e0
00308e20	GAME_UNIQUE	23	UNNAMED	FUN_00308e20
0030bc60	GAME_UNIQUE	23	UNNAMED	FUN_0030bc60
0030fc40	GAME_UNIQUE	23	UNNAMED	FUN_0030fc40
0034491a	GAME_UNIQUE	23	UNNAMED	FUN_0034491a
0035dc80	GAME_UNIQUE	23	named	D3D8__D3DDevice_SetRenderState_FogColor
003731b3	GAME_UNIQUE	23	UNNAMED	FUN_003731b3
003a3a77	GAME_UNIQUE	23	UNNAMED	FUN_003a3a77
00011000	GAME_UNIQUE	22	named	CClient::vfunc8
00011f70	GAME_UNIQUE	22	named	apply_render_state_flags
00013df0	GAME_UNIQUE	22	named	HashSet_ContainsHandle
00013eb0	GAME_UNIQUE	22	named	Object_SetStringProperty
00016650	GAME_UNIQUE	22	named	tmpl__AV_tree_base_U_value_semantics_node_USFxFileRecord_CFxTemplateManager_0KP_Vtree_node_ratl_stora::vfunc26
0001d590	GAME_UNIQUE	22	named	CFxParticleCloudPrimitive::vfunc113
00025fc0	GAME_UNIQUE	22	UNNAMED	FUN_00025fc0
00027550	GAME_UNIQUE	22	named	tmpl__AV_CEventArgs_VCActionEntity_VEFirstAct_M_::vfunc0
00027eb0	GAME_UNIQUE	22	UNNAMED	FUN_00027eb0
0002f1c0	GAME_UNIQUE	22	UNNAMED	FUN_0002f1c0
00034df0	GAME_UNIQUE	22	UNNAMED	FUN_00034df0
00038230	GAME_UNIQUE	22	UNNAMED	FUN_00038230
0003d600	GAME_UNIQUE	22	UNNAMED	FUN_0003d600
000474e0	GAME_UNIQUE	22	UNNAMED	FUN_000474e0
0004a430	GAME_UNIQUE	22	UNNAMED	FUN_0004a430
00053e90	GAME_UNIQUE	22	UNNAMED	FUN_00053e90
00055090	GAME_UNIQUE	22	named	tmpl__AV_map_vs_V_handle_str_0A_E_0PP_ratl_::vfunc48
000550e0	GAME_UNIQUE	22	named	tmpl__AV_map_vs_V_handle_str_0A_E_0PP_ratl_::vfunc49
00057510	GAME_UNIQUE	22	named	CCheats::vfunc2
00059ce0	GAME_UNIQUE	22	UNNAMED	FUN_00059ce0
00060610	GAME_UNIQUE	22	UNNAMED	FUN_00060610
00066fa0	GAME_UNIQUE	22	UNNAMED	FUN_00066fa0
00069040	GAME_PORTABLE	22	UNNAMED	FUN_00069040
00069d30	GAME_PORTABLE	22	UNNAMED	FUN_00069d30
0006db20	GAME_UNIQUE	22	UNNAMED	FUN_0006db20
0006de80	GAME_UNIQUE	22	UNNAMED	FUN_0006de80
0006df90	GAME_UNIQUE	22	UNNAMED	FUN_0006df90
0006f770	GAME_UNIQUE	22	named	CGame::vfunc31
000729b0	GAME_UNIQUE	22	UNNAMED	FUN_000729b0
0007d410	GAME_UNIQUE	22	named	CInventoryEntity::vfunc3
0007dce0	GAME_UNIQUE	22	UNNAMED	FUN_0007dce0
0008a470	GAME_UNIQUE	22	named	CMultiplayer::vfunc0
0008a5b0	GAME_UNIQUE	22	named	CMultiplayer::vfunc23
0008c3b0	GAME_UNIQUE	22	named	COptions::vfunc13
0008c930	GAME_UNIQUE	22	named	COptions::vfunc7
0008f230	GAME_UNIQUE	22	named	CPath::vfunc10
00093b60	GAME_UNIQUE	22	UNNAMED	FUN_00093b60
00094c70	GAME_UNIQUE	22	UNNAMED	FUN_00094c70
00099b90	GAME_UNIQUE	22	named	CPythonGameInterface::vfunc2
0009e520	GAME_UNIQUE	22	UNNAMED	FUN_0009e520
000a1e60	GAME_UNIQUE	22	named	CStaticQuery::vfunc13
000a30e0	GAME_UNIQUE	22	UNNAMED	FUN_000a30e0
000a44b0	GAME_UNIQUE	22	UNNAMED	FUN_000a44b0
000a4690	GAME_UNIQUE	22	named	CReviewPaths::vfunc6
000a4f80	GAME_UNIQUE	22	named	CReviewPaths::vfunc7
000ad600	GAME_UNIQUE	22	named	CShadowMgr::vfunc5
000b39e0	GAME_UNIQUE	22	UNNAMED	FUN_000b39e0
000b4090	GAME_UNIQUE	22	UNNAMED	FUN_000b4090
000b55d0	GAME_UNIQUE	22	UNNAMED	FUN_000b55d0
000ba2b0	GAME_UNIQUE	22	UNNAMED	FUN_000ba2b0
000bd080	GAME_UNIQUE	22	UNNAMED	FUN_000bd080
000bdf20	GAME_UNIQUE	22	named	IWorld::vfunc58
000beea0	GAME_UNIQUE	22	UNNAMED	FUN_000beea0
000c4d70	GAME_UNIQUE	22	UNNAMED	FUN_000c4d70
000cb1f0	GAME_UNIQUE	22	UNNAMED	FUN_000cb1f0
000cbda0	GAME_UNIQUE	22	UNNAMED	FUN_000cbda0
000cc870	GAME_PORTABLE	22	UNNAMED	FUN_000cc870
000d2010	GAME_UNIQUE	22	UNNAMED	FUN_000d2010
000d6dc0	GAME_UNIQUE	22	named	CCESound::vfunc232
000d73d0	GAME_UNIQUE	22	UNNAMED	FUN_000d73d0
000e0bd0	GAME_UNIQUE	22	named	CCombatNodeHandler::vfunc127
000e25b0	GAME_UNIQUE	22	named	CCombatNode::vfunc61
000e4540	GAME_UNIQUE	22	named	CCEAtkSpawnProjectile::vfunc79
000eaa50	GAME_PORTABLE	22	UNNAMED	FUN_000eaa50
000eaaa0	GAME_UNIQUE	22	UNNAMED	FUN_000eaaa0
000edcb0	GAME_UNIQUE	22	named	CAIStandardAttackHandler::vfunc22
000f3e20	GAME_UNIQUE	22	named	CPatternNodeMoveTo::vfunc29
000f96f0	GAME_UNIQUE	22	named	CAI::vfunc108
000f9730	GAME_UNIQUE	22	UNNAMED	FUN_000f9730
000fd0c0	GAME_UNIQUE	22	UNNAMED	FUN_000fd0c0
0011b330	GAME_UNIQUE	22	UNNAMED	FUN_0011b330
0011c800	GAME_PORTABLE	22	UNNAMED	FUN_0011c800
0011e450	GAME_UNIQUE	22	named	IMemory::vfunc53
00125f00	GAME_UNIQUE	22	UNNAMED	FUN_00125f00
00125f60	GAME_UNIQUE	22	UNNAMED	FUN_00125f60
00126420	GAME_UNIQUE	22	named	TiXmlComment::vfunc1
00126610	GAME_UNIQUE	22	named	TiXmlComment::vfunc19
00140620	GAME_PORTABLE	22	UNNAMED	FUN_00140620
00140a50	GAME_UNIQUE	22	named	INodeCaches::vfunc39
00141b30	GAME_PORTABLE	22	UNNAMED	FUN_00141b30
001442c0	GAME_UNIQUE	22	UNNAMED	FUN_001442c0
00144a00	GAME_UNIQUE	22	UNNAMED	FUN_00144a00
0014e640	GAME_PORTABLE	22	UNNAMED	FUN_0014e640
0014f900	GAME_UNIQUE	22	UNNAMED	FUN_0014f900
00150c40	GAME_PORTABLE	22	UNNAMED	FUN_00150c40
00151670	GAME_PORTABLE	22	UNNAMED	FUN_00151670
00152300	GAME_UNIQUE	22	named	CAutoMap::vfunc8
00154b80	GAME_PORTABLE	22	UNNAMED	FUN_00154b80
00154bd0	GAME_PORTABLE	22	UNNAMED	FUN_00154bd0
0015fcf0	GAME_PORTABLE	22	UNNAMED	FUN_0015fcf0
00162760	GAME_UNIQUE	22	UNNAMED	FUN_00162760
001690e0	GAME_UNIQUE	22	UNNAMED	FUN_001690e0
0016d240	GAME_UNIQUE	22	named	CMenuCodex::vfunc16
0016de30	GAME_PORTABLE	22	UNNAMED	FUN_0016de30
0016e0f0	GAME_UNIQUE	22	UNNAMED	FUN_0016e0f0
00174220	GAME_UNIQUE	22	UNNAMED	FUN_00174220
00177d50	GAME_UNIQUE	22	UNNAMED	FUN_00177d50
00178a70	GAME_PORTABLE	22	UNNAMED	FUN_00178a70
00178ea0	GAME_UNIQUE	22	UNNAMED	FUN_00178ea0
00178ef0	GAME_UNIQUE	22	UNNAMED	FUN_00178ef0
0017cde0	GAME_UNIQUE	22	named	CMenuItemSlider::vfunc4
0017cff0	GAME_UNIQUE	22	UNNAMED	FUN_0017cff0
0017d790	GAME_UNIQUE	22	named	CMenuItemText::vfunc22
0017d860	GAME_PORTABLE	22	UNNAMED	FUN_0017d860
0017db20	GAME_UNIQUE	22	UNNAMED	FUN_0017db20
0017efd0	GAME_UNIQUE	22	UNNAMED	FUN_0017efd0
0017f300	GAME_UNIQUE	22	named	CMenuItemShop::vfunc37
00184b40	GAME_UNIQUE	22	UNNAMED	FUN_00184b40
00185720	GAME_UNIQUE	22	named	CPopupDialog::vfunc2
0018a100	GAME_PORTABLE	22	UNNAMED	FUN_0018a100
00191940	GAME_UNIQUE	22	UNNAMED	FUN_00191940
00194120	GAME_UNIQUE	22	named	CDisplay::vfunc1
001ee7e0	GAME_UNIQUE	22	UNNAMED	FUN_001ee7e0
00218ae0	GAME_UNIQUE	22	UNNAMED	FUN_00218ae0
0027b820	GAME_UNIQUE	22	UNNAMED	FUN_0027b820
00293550	GAME_UNIQUE	22	UNNAMED	FUN_00293550
00297d50	GAME_UNIQUE	22	UNNAMED	FUN_00297d50
00298f40	GAME_UNIQUE	22	UNNAMED	FUN_00298f40
0029a930	GAME_UNIQUE	22	UNNAMED	FUN_0029a930
002c2ec7	GAME_UNIQUE	22	UNNAMED	FUN_002c2ec7
002cf04b	GAME_UNIQUE	22	UNNAMED	FUN_002cf04b
0030b170	GAME_UNIQUE	22	UNNAMED	FUN_0030b170
00310420	GAME_UNIQUE	22	UNNAMED	FUN_00310420
00310470	GAME_UNIQUE	22	UNNAMED	FUN_00310470
003615b0	XMEN_SERIES	22	named	D3D8__D3DVertexBuffer_Lock2
003c1d0c	GAME_UNIQUE	22	UNNAMED	FUN_003c1d0c
00025a70	GAME_UNIQUE	21	UNNAMED	FUN_00025a70
00028fa0	GAME_UNIQUE	21	UNNAMED	FUN_00028fa0
0002e8c0	GAME_UNIQUE	21	UNNAMED	FUN_0002e8c0
000316c0	GAME_UNIQUE	21	UNNAMED	FUN_000316c0
000317c0	GAME_UNIQUE	21	UNNAMED	FUN_000317c0
00031860	GAME_UNIQUE	21	UNNAMED	FUN_00031860
000318b0	GAME_UNIQUE	21	UNNAMED	FUN_000318b0
00031d60	GAME_UNIQUE	21	UNNAMED	FUN_00031d60
00051f20	GAME_UNIQUE	21	named	CCamera::vfunc57
000587d0	GAME_UNIQUE	21	UNNAMED	FUN_000587d0
00060670	GAME_UNIQUE	21	UNNAMED	FUN_00060670
000685b0	GAME_UNIQUE	21	UNNAMED	FUN_000685b0
00068940	GAME_PORTABLE	21	UNNAMED	FUN_00068940
0006a410	GAME_PORTABLE	21	named	IEntityDefinitions::vfunc29
0006b6d0	GAME_UNIQUE	21	named	CEntityGrid::vfunc15
0006d6b0	GAME_UNIQUE	21	UNNAMED	FUN_0006d6b0
00072880	GAME_PORTABLE	21	UNNAMED	FUN_00072880
00080bb0	GAME_UNIQUE	21	UNNAMED	FUN_00080bb0
00084e40	GAME_UNIQUE	21	UNNAMED	FUN_00084e40
00085cb0	GAME_UNIQUE	21	named	CMissionMgr::vfunc8
00095170	GAME_UNIQUE	21	UNNAMED	FUN_00095170
00098f10	GAME_UNIQUE	21	UNNAMED	FUN_00098f10
00099420	GAME_UNIQUE	21	UNNAMED	FUN_00099420
00099530	GAME_UNIQUE	21	UNNAMED	FUN_00099530
0009a310	GAME_UNIQUE	21	UNNAMED	FUN_0009a310
000a2e40	GAME_UNIQUE	21	UNNAMED	FUN_000a2e40
000aa520	GAME_PORTABLE	21	named	tmpl__AV_CEntityFactory_VCScriptTriggerEntity_VCGameEntity_::vfunc6
000b12f0	GAME_UNIQUE	21	UNNAMED	FUN_000b12f0
000b7d70	GAME_UNIQUE	21	UNNAMED	FUN_000b7d70
000bd800	GAME_UNIQUE	21	UNNAMED	FUN_000bd800
000c1880	GAME_PORTABLE	21	UNNAMED	FUN_000c1880
000ca880	GAME_UNIQUE	21	UNNAMED	FUN_000ca880
000cabe0	GAME_PORTABLE	21	UNNAMED	FUN_000cabe0
000cc1a0	GAME_PORTABLE	21	named	CVariable::vfunc16
000d8740	GAME_UNIQUE	21	named	CCEAtkTeleport::vfunc457
000d9270	GAME_UNIQUE	21	named	CCombatNodeHandler::vfunc11
000e3580	GAME_UNIQUE	21	UNNAMED	FUN_000e3580
000e52b0	GAME_UNIQUE	21	UNNAMED	FUN_000e52b0
000edb20	GAME_UNIQUE	21	named	CAIStandardAttackHandler::vfunc17
001114a0	GAME_UNIQUE	21	UNNAMED	FUN_001114a0
001114e0	GAME_UNIQUE	21	UNNAMED	FUN_001114e0
001198b0	GAME_PORTABLE	21	UNNAMED	FUN_001198b0
001199b0	GAME_PORTABLE	21	UNNAMED	FUN_001199b0
0011b6c0	GAME_PORTABLE	21	UNNAMED	FUN_0011b6c0
0011be90	GAME_PORTABLE	21	UNNAMED	FUN_0011be90
0011d110	GAME_UNIQUE	21	named	CConfigSystem::vfunc13
0011d160	GAME_UNIQUE	21	named	CConfigSystem::vfunc12
0011d470	GAME_PORTABLE	21	UNNAMED	FUN_0011d470
0011d4c0	GAME_PORTABLE	21	UNNAMED	FUN_0011d4c0
0011dc60	GAME_UNIQUE	21	named	IMemory::vfunc55
00123c70	GAME_UNIQUE	21	UNNAMED	FUN_00123c70
00124190	GAME_PORTABLE	21	UNNAMED	FUN_00124190
00124620	XMEN_SERIES	21	UNNAMED	FUN_00124620
0012b1d0	GAME_UNIQUE	21	UNNAMED	FUN_0012b1d0
0012f140	GAME_PORTABLE	21	UNNAMED	FUN_0012f140
00130670	GAME_PORTABLE	21	UNNAMED	FUN_00130670
001306c0	GAME_PORTABLE	21	UNNAMED	FUN_001306c0
00130f70	GAME_PORTABLE	21	UNNAMED	FUN_00130f70
00131030	GAME_PORTABLE	21	UNNAMED	FUN_00131030
00131080	GAME_PORTABLE	21	UNNAMED	FUN_00131080
00132410	GAME_PORTABLE	21	UNNAMED	FUN_00132410
00132680	GAME_PORTABLE	21	UNNAMED	FUN_00132680
00134be0	GAME_PORTABLE	21	UNNAMED	FUN_00134be0
00134c30	GAME_PORTABLE	21	UNNAMED	FUN_00134c30
00136d40	GAME_UNIQUE	21	named	CModelIGB::vfunc71
001398e0	GAME_PORTABLE	21	UNNAMED	FUN_001398e0
00139930	GAME_PORTABLE	21	UNNAMED	FUN_00139930
00139980	GAME_PORTABLE	21	UNNAMED	FUN_00139980
0013abc0	GAME_PORTABLE	21	UNNAMED	FUN_0013abc0
0013ac10	GAME_PORTABLE	21	UNNAMED	FUN_0013ac10
0013ac60	GAME_PORTABLE	21	UNNAMED	FUN_0013ac60
0013acb0	GAME_PORTABLE	21	UNNAMED	FUN_0013acb0
0013ad00	GAME_PORTABLE	21	UNNAMED	FUN_0013ad00
0013ad50	GAME_PORTABLE	21	UNNAMED	FUN_0013ad50
0013ada0	GAME_PORTABLE	21	UNNAMED	FUN_0013ada0
0013dfe0	GAME_PORTABLE	21	UNNAMED	FUN_0013dfe0
0013e030	GAME_PORTABLE	21	UNNAMED	FUN_0013e030
0013e080	GAME_PORTABLE	21	UNNAMED	FUN_0013e080
0013e0d0	GAME_PORTABLE	21	UNNAMED	FUN_0013e0d0
0013e120	GAME_PORTABLE	21	UNNAMED	FUN_0013e120
0013e170	GAME_PORTABLE	21	UNNAMED	FUN_0013e170
0013e1c0	GAME_PORTABLE	21	UNNAMED	FUN_0013e1c0
0013e210	GAME_PORTABLE	21	UNNAMED	FUN_0013e210
0013e260	GAME_PORTABLE	21	UNNAMED	FUN_0013e260
0013e2b0	GAME_PORTABLE	21	UNNAMED	FUN_0013e2b0
0013f220	GAME_PORTABLE	21	UNNAMED	FUN_0013f220
001402f0	GAME_PORTABLE	21	UNNAMED	FUN_001402f0
00140790	GAME_PORTABLE	21	UNNAMED	FUN_00140790
00140bf0	GAME_PORTABLE	21	UNNAMED	FUN_00140bf0
00140e20	GAME_PORTABLE	21	UNNAMED	FUN_00140e20
00141050	GAME_PORTABLE	21	UNNAMED	FUN_00141050
00141560	GAME_PORTABLE	21	UNNAMED	FUN_00141560
00141790	GAME_PORTABLE	21	UNNAMED	FUN_00141790
00141ca0	GAME_PORTABLE	21	UNNAMED	FUN_00141ca0
00141f70	GAME_PORTABLE	21	UNNAMED	FUN_00141f70
00144180	GAME_PORTABLE	21	UNNAMED	FUN_00144180
001441d0	GAME_PORTABLE	21	UNNAMED	FUN_001441d0
00144220	GAME_PORTABLE	21	UNNAMED	FUN_00144220
00144270	GAME_PORTABLE	21	UNNAMED	FUN_00144270
001448c0	GAME_UNIQUE	21	named	IPlayfield::vfunc30
00144b00	GAME_PORTABLE	21	UNNAMED	FUN_00144b00
00146a60	GAME_PORTABLE	21	UNNAMED	FUN_00146a60
00147920	GAME_PORTABLE	21	UNNAMED	FUN_00147920
00148530	GAME_PORTABLE	21	UNNAMED	FUN_00148530
00148580	GAME_PORTABLE	21	UNNAMED	FUN_00148580
001497a0	GAME_UNIQUE	21	named	IUIExtension::vfunc3
0014b960	GAME_PORTABLE	21	UNNAMED	FUN_0014b960
0014b9b0	GAME_PORTABLE	21	UNNAMED	FUN_0014b9b0
0014ba00	GAME_PORTABLE	21	UNNAMED	FUN_0014ba00
0014ba50	GAME_PORTABLE	21	UNNAMED	FUN_0014ba50
0014baa0	GAME_PORTABLE	21	UNNAMED	FUN_0014baa0
0014baf0	GAME_PORTABLE	21	UNNAMED	FUN_0014baf0
0014bb40	GAME_PORTABLE	21	UNNAMED	FUN_0014bb40
00150af0	GAME_PORTABLE	21	UNNAMED	FUN_00150af0
0015fe90	GAME_UNIQUE	21	named	CHudCharacter::vfunc18
00166430	GAME_UNIQUE	21	UNNAMED	FUN_00166430
00180280	GAME_UNIQUE	21	UNNAMED	FUN_00180280
00181940	GAME_PORTABLE	21	named	tmpl__AV_tree_base_U_value_semantics_node_V_handle_str_01_00Vtree_node_ratl_storage_ratl_ratl_::vfunc125
00187920	GAME_UNIQUE	21	UNNAMED	FUN_00187920
00188ce0	GAME_UNIQUE	21	UNNAMED	FUN_00188ce0
0018b4b0	GAME_UNIQUE	21	UNNAMED	FUN_0018b4b0
0018f020	GAME_UNIQUE	21	UNNAMED	FUN_0018f020
00194290	GAME_PORTABLE	21	UNNAMED	FUN_00194290
001942e0	GAME_PORTABLE	21	UNNAMED	FUN_001942e0
001afce0	GAME_UNIQUE	21	UNNAMED	FUN_001afce0
00243b80	GAME_UNIQUE	21	UNNAMED	FUN_00243b80
0025c780	GAME_UNIQUE	21	UNNAMED	FUN_0025c780
0025fc70	XMEN_SERIES	21	UNNAMED	FUN_0025fc70
0027b220	GAME_UNIQUE	21	UNNAMED	FUN_0027b220
002812c0	GAME_UNIQUE	21	UNNAMED	FUN_002812c0
002815c0	GAME_UNIQUE	21	UNNAMED	FUN_002815c0
00294de0	GAME_UNIQUE	21	UNNAMED	FUN_00294de0
002cef0f	GAME_UNIQUE	21	UNNAMED	FUN_002cef0f
0030fbe0	GAME_UNIQUE	21	UNNAMED	FUN_0030fbe0
00342ef1	GAME_UNIQUE	21	named	FID_conflict:_wprintf
0039d592	GAME_UNIQUE	21	UNNAMED	FUN_0039d592
00013430	GAME_UNIQUE	20	named	BoundingVolume_Ctor_BoundedLeafNode
00014bd0	GAME_UNIQUE	20	named	Array48Byte_AppendEntry_Max13
00026d50	GAME_UNIQUE	20	UNNAMED	FUN_00026d50
0002eb70	GAME_PORTABLE	20	UNNAMED	FUN_0002eb70
0002f330	GAME_UNIQUE	20	named	tmpl__AV_CEvent_VCActor_VEUpdateDamageFlash_::vfunc0
0002f380	GAME_UNIQUE	20	named	tmpl__AV_CEvent_VCActor_VEUpdateDamageFlash_::vfunc3
0003b910	GAME_UNIQUE	20	named	CActor::vfunc7
00052ca0	GAME_PORTABLE	20	UNNAMED	FUN_00052ca0
00052cf0	GAME_PORTABLE	20	UNNAMED	FUN_00052cf0
00055260	GAME_UNIQUE	20	named	tmpl__AV_map_vs_V_handle_str_0A_E_0PP_ratl_::vfunc47
00058340	GAME_UNIQUE	20	UNNAMED	FUN_00058340
00059810	GAME_UNIQUE	20	named	CCombatSystem::vfunc22
00060a80	GAME_PORTABLE	20	named	CConversationSystem::vfunc11
0006de00	GAME_UNIQUE	20	UNNAMED	FUN_0006de00
00070810	GAME_UNIQUE	20	named	CGame::vfunc21
00072a70	GAME_PORTABLE	20	UNNAMED	FUN_00072a70
00074900	GAME_PORTABLE	20	named	tmpl__AV_COnlyOneEvent_VCActor_VEFirstEquipment_::vfunc84
00075a90	GAME_UNIQUE	20	UNNAMED	FUN_00075a90
00077f30	GAME_UNIQUE	20	UNNAMED	FUN_00077f30
00083880	GAME_UNIQUE	20	UNNAMED	FUN_00083880
0008c280	GAME_PORTABLE	20	named	COptions::vfunc33
0008c560	GAME_UNIQUE	20	named	COptions::vfunc9
0008c820	GAME_UNIQUE	20	named	COptions::vfunc6
000966f0	GAME_UNIQUE	20	UNNAMED	FUN_000966f0
00099580	GAME_UNIQUE	20	UNNAMED	FUN_00099580
00099f50	GAME_UNIQUE	20	UNNAMED	FUN_00099f50
000a5380	GAME_UNIQUE	20	named	CSaveLoad::vfunc14
000a5420	GAME_UNIQUE	20	named	CSaveLoad::vfunc18
000a9bc0	GAME_UNIQUE	20	named	tmpl__AV_CEntityFactory_VCScanTurretEntity_VCScanEntity_::vfunc13
000b35f0	GAME_UNIQUE	20	UNNAMED	FUN_000b35f0
000b99e0	GAME_UNIQUE	20	named	CWeaponMode::vfunc15
000be8f0	GAME_UNIQUE	20	UNNAMED	FUN_000be8f0
000cc200	GAME_PORTABLE	20	named	CVariable::vfunc27
000cfe50	GAME_UNIQUE	20	UNNAMED	FUN_000cfe50
000cfec0	GAME_UNIQUE	20	UNNAMED	FUN_000cfec0
000d7390	GAME_UNIQUE	20	named	CCEAtkTeleport::vfunc479
000dd4a0	GAME_UNIQUE	20	named	CCombatNodeHandler::vfunc114
000e1190	GAME_UNIQUE	20	named	CCombatNodeHandler::vfunc349
000e1bd0	GAME_UNIQUE	20	named	CExtrnalCombatNodeInterface::vfunc6
000e1c20	GAME_UNIQUE	20	named	CExtrnalCombatNodeInterface::vfunc7
000e2110	GAME_UNIQUE	20	named	CCombatNode::vfunc6
000e3100	GAME_UNIQUE	20	UNNAMED	FUN_000e3100
000e4df0	GAME_UNIQUE	20	UNNAMED	FUN_000e4df0
000e54b0	GAME_UNIQUE	20	named	CCEAtkTeleport::vfunc286
000e5ce0	GAME_UNIQUE	20	named	CCEAtkTeleport::vfunc462
000eaf10	GAME_UNIQUE	20	UNNAMED	FUN_000eaf10
000ec120	GAME_UNIQUE	20	UNNAMED	FUN_000ec120
000edae0	GAME_UNIQUE	20	UNNAMED	FUN_000edae0
000fdd10	GAME_PORTABLE	20	UNNAMED	FUN_000fdd10
00117910	GAME_UNIQUE	20	named	CInput::vfunc8
00117bf0	GAME_UNIQUE	20	named	CInput::vfunc20
0011cdd0	GAME_UNIQUE	20	UNNAMED	FUN_0011cdd0
0011ec30	XMEN_SERIES	20	UNNAMED	FUN_0011ec30
00120fe0	GAME_UNIQUE	20	named	CAnimDBPrecacher::vfunc1
001233c0	GAME_UNIQUE	20	UNNAMED	FUN_001233c0
00125e00	GAME_UNIQUE	20	UNNAMED	FUN_00125e00
00128b30	GAME_UNIQUE	20	UNNAMED	FUN_00128b30
0012cb60	GAME_UNIQUE	20	UNNAMED	FUN_0012cb60
00130040	GAME_UNIQUE	20	UNNAMED	FUN_00130040
0013adf0	GAME_UNIQUE	20	UNNAMED	FUN_0013adf0
0013f820	GAME_PORTABLE	20	UNNAMED	FUN_0013f820
0013fca0	GAME_PORTABLE	20	named	INodeCaches::vfunc9
00147860	GAME_PORTABLE	20	UNNAMED	FUN_00147860
00148480	GAME_UNIQUE	20	named	CUIFrame::vfunc7
0014fa40	GAME_PORTABLE	20	named	tmpl__AV_tree_base_U_value_semantics_node_USFileRecord_CSoundSystem_0BCC_Vtree_node_ratl_storage_ratl::vfunc98
00151e30	GAME_UNIQUE	20	named	tmpl__AV_tree_base_U_value_semantics_node_USFileRecord_CSoundSystem_0BCC_Vtree_node_ratl_storage_ratl::vfunc110
00152350	GAME_UNIQUE	20	UNNAMED	FUN_00152350
00155bb0	GAME_UNIQUE	20	UNNAMED	FUN_00155bb0
00160930	GAME_UNIQUE	20	UNNAMED	FUN_00160930
001647c0	GAME_UNIQUE	20	UNNAMED	FUN_001647c0
00164d80	GAME_UNIQUE	20	UNNAMED	FUN_00164d80
00168200	GAME_UNIQUE	20	UNNAMED	FUN_00168200
00173f30	GAME_UNIQUE	20	UNNAMED	FUN_00173f30
001784d0	GAME_UNIQUE	20	UNNAMED	FUN_001784d0
0017d750	GAME_UNIQUE	20	named	CMenuItemText::vfunc4
00180cf0	GAME_UNIQUE	20	named	tmpl__AV_tree_base_U_value_semantics_node_V_handle_str_01_00Vtree_node_ratl_storage_ratl_ratl_::vfunc40
00185940	GAME_PORTABLE	20	UNNAMED	FUN_00185940
00185df0	GAME_UNIQUE	20	named	CPopupDialog::vfunc12
0018a720	GAME_UNIQUE	20	UNNAMED	FUN_0018a720
0018b510	GAME_UNIQUE	20	UNNAMED	FUN_0018b510
0018d490	GAME_UNIQUE	20	UNNAMED	FUN_0018d490
00193f80	GAME_UNIQUE	20	named	CDisplay::vfunc28
0019ca80	XMEN_SERIES	20	UNNAMED	FUN_0019ca80
0019f111	GAME_UNIQUE	20	named	XAPILIB__XRegisterThreadNotifyRoutine
00212740	GAME_UNIQUE	20	UNNAMED	FUN_00212740
0027bb30	GAME_UNIQUE	20	UNNAMED	FUN_0027bb30
00298830	GAME_UNIQUE	20	UNNAMED	FUN_00298830
0030bad0	GAME_UNIQUE	20	UNNAMED	FUN_0030bad0
003ab607	GAME_UNIQUE	20	UNNAMED	FUN_003ab607
003c0742	GAME_UNIQUE	20	named	XAPILIB__GetTypeInformation_4
003c2f38	GAME_UNIQUE	20	UNNAMED	FUN_003c2f38
000120f0	GAME_PORTABLE	19	named	Polynomial_EvaluateClamped
0001cbe0	GAME_UNIQUE	19	UNNAMED	FUN_0001cbe0
0002e220	GAME_UNIQUE	19	UNNAMED	FUN_0002e220
0003ac90	GAME_UNIQUE	19	UNNAMED	FUN_0003ac90
00049870	GAME_PORTABLE	19	UNNAMED	FUN_00049870
00051100	GAME_UNIQUE	19	UNNAMED	FUN_00051100
00052330	GAME_UNIQUE	19	UNNAMED	FUN_00052330
00054a10	GAME_UNIQUE	19	named	tmpl__AV_map_vs_V_handle_str_0A_E_0PP_ratl_::vfunc18
0005f930	GAME_UNIQUE	19	UNNAMED	FUN_0005f930
00066940	GAME_UNIQUE	19	named	tmpl__AV_COnlyOneEvent_VCActor_VEFirstEquipment_::vfunc51
00066be0	GAME_UNIQUE	19	UNNAMED	FUN_00066be0
00069f00	GAME_PORTABLE	19	named	tmpl__AV_map_vs_V_handle_str_02_V1_0BJ_ratl_::vfunc16
0006a1e0	GAME_PORTABLE	19	UNNAMED	FUN_0006a1e0
0006c3a0	GAME_PORTABLE	19	UNNAMED	FUN_0006c3a0
00072cf0	GAME_UNIQUE	19	named	GetAudioManager
000752f0	XMEN_SERIES	19	named	tmpl__AV_COnlyOneEvent_VCActor_VEFirstEquipment_::vfunc92
0007f850	GAME_UNIQUE	19	UNNAMED	FUN_0007f850
00080470	GAME_UNIQUE	19	named	IMap::vfunc83
00084f80	GAME_UNIQUE	19	named	CMissionMgr::vfunc15
0008c980	GAME_UNIQUE	19	UNNAMED	FUN_0008c980
00091280	GAME_UNIQUE	19	named	tmpl__AV_COnlyOneEvent_VCActor_VEFirstEquipment_::vfunc24
00099350	GAME_UNIQUE	19	UNNAMED	FUN_00099350
0009ad20	GAME_PORTABLE	19	named	CPythonGameInterface::vfunc16
0009fcd0	GAME_UNIQUE	19	UNNAMED	FUN_0009fcd0
000a1640	GAME_UNIQUE	19	named	CStaticQuery::vfunc12
000a22f0	GAME_UNIQUE	19	named	CStaticQuery::vfunc18
000a28f0	GAME_UNIQUE	19	UNNAMED	FUN_000a28f0
000a51d0	GAME_UNIQUE	19	UNNAMED	FUN_000a51d0
000af900	GAME_UNIQUE	19	UNNAMED	FUN_000af900
000b40e0	GAME_UNIQUE	19	UNNAMED	FUN_000b40e0
000b9520	GAME_UNIQUE	19	UNNAMED	FUN_000b9520
000bef20	GAME_UNIQUE	19	UNNAMED	FUN_000bef20
000c00b0	GAME_UNIQUE	19	UNNAMED	FUN_000c00b0
000c01e0	GAME_PORTABLE	19	UNNAMED	FUN_000c01e0
000c02c0	GAME_UNIQUE	19	UNNAMED	FUN_000c02c0
000c02f0	GAME_UNIQUE	19	UNNAMED	FUN_000c02f0
000c7d10	GAME_PORTABLE	19	UNNAMED	FUN_000c7d10
000cc830	GAME_PORTABLE	19	UNNAMED	FUN_000cc830
000cc8b0	GAME_PORTABLE	19	UNNAMED	FUN_000cc8b0
000cc8f0	GAME_PORTABLE	19	UNNAMED	FUN_000cc8f0
000d7eb0	GAME_UNIQUE	19	named	CCEAtkTeleport::vfunc501
000df130	GAME_UNIQUE	19	named	CCHJumpPunch::vfunc511
000e0da0	GAME_UNIQUE	19	named	CCombatNodeHandler::vfunc299
000e1c70	GAME_UNIQUE	19	named	CExtrnalCombatNodeInterface::vfunc8
000e1cb0	GAME_UNIQUE	19	named	CExtrnalCombatNodeInterface::vfunc9
000e4840	GAME_PORTABLE	19	UNNAMED	FUN_000e4840
000e53a0	GAME_UNIQUE	19	UNNAMED	FUN_000e53a0
000e8dd0	GAME_UNIQUE	19	UNNAMED	FUN_000e8dd0
000ea480	GAME_UNIQUE	19	UNNAMED	FUN_000ea480
000eb230	GAME_UNIQUE	19	named	CFightStyle::vfunc19
000fe2c0	XMEN_SERIES	19	UNNAMED	FUN_000fe2c0
00102790	GAME_PORTABLE	19	UNNAMED	FUN_00102790
001085b0	GAME_PORTABLE	19	UNNAMED	FUN_001085b0
00118740	GAME_UNIQUE	19	named	GetDebugLogger
0011c050	GAME_UNIQUE	19	UNNAMED	FUN_0011c050
0011c0c0	GAME_UNIQUE	19	named	GetClock
0011c550	GAME_UNIQUE	19	UNNAMED	FUN_0011c550
0011e0b0	GAME_PORTABLE	19	UNNAMED	FUN_0011e0b0
0011ebb0	GAME_UNIQUE	19	named	init_display_subsystem
00122cb0	GAME_UNIQUE	19	named	GetSubsystemOptionManager
001234f0	XMEN_SERIES	19	UNNAMED	FUN_001234f0
00123c30	GAME_UNIQUE	19	UNNAMED	FUN_00123c30
0012f280	GAME_UNIQUE	19	UNNAMED	FUN_0012f280
00132500	GAME_UNIQUE	19	UNNAMED	FUN_00132500
00133050	GAME_UNIQUE	19	UNNAMED	FUN_00133050
00133120	GAME_UNIQUE	19	UNNAMED	FUN_00133120
00134ba0	GAME_PORTABLE	19	UNNAMED	FUN_00134ba0
00136c70	GAME_UNIQUE	19	named	CModelIGB::vfunc69
0013b220	GAME_UNIQUE	19	UNNAMED	FUN_0013b220
0013ff40	GAME_UNIQUE	19	named	INodeCaches::vfunc14
001400f0	GAME_UNIQUE	19	named	INodeCaches::vfunc19
001403f0	GAME_UNIQUE	19	named	INodeCaches::vfunc24
00140590	GAME_UNIQUE	19	named	INodeCaches::vfunc29
00141da0	GAME_UNIQUE	19	named	INodeCaches::vfunc89
00142070	GAME_UNIQUE	19	named	INodeCaches::vfunc94
00142de0	GAME_UNIQUE	19	UNNAMED	FUN_00142de0
00142e40	GAME_UNIQUE	19	UNNAMED	FUN_00142e40
00142ea0	GAME_UNIQUE	19	UNNAMED	FUN_00142ea0
00142f00	GAME_UNIQUE	19	UNNAMED	FUN_00142f00
00142f60	GAME_UNIQUE	19	UNNAMED	FUN_00142f60
00142fc0	GAME_UNIQUE	19	UNNAMED	FUN_00142fc0
00143020	GAME_UNIQUE	19	UNNAMED	FUN_00143020
00143080	GAME_UNIQUE	19	UNNAMED	FUN_00143080
001430e0	GAME_UNIQUE	19	UNNAMED	FUN_001430e0
00143140	GAME_UNIQUE	19	UNNAMED	FUN_00143140
001431a0	GAME_UNIQUE	19	UNNAMED	FUN_001431a0
00143200	GAME_UNIQUE	19	UNNAMED	FUN_00143200
00143260	GAME_UNIQUE	19	UNNAMED	FUN_00143260
001432c0	GAME_UNIQUE	19	UNNAMED	FUN_001432c0
00143320	GAME_UNIQUE	19	UNNAMED	FUN_00143320
00143380	GAME_UNIQUE	19	UNNAMED	FUN_00143380
001433e0	GAME_UNIQUE	19	UNNAMED	FUN_001433e0
001463f0	GAME_UNIQUE	19	named	GetDisplayOrSwapManager
00147a40	GAME_UNIQUE	19	UNNAMED	FUN_00147a40
00148430	GAME_PORTABLE	19	named	CUIFrame::vfunc5
0014a660	GAME_UNIQUE	19	UNNAMED	FUN_0014a660
001505e0	GAME_UNIQUE	19	named	tmpl__AV_tree_base_U_value_semantics_node_USFileRecord_CSoundSystem_0BCC_Vtree_node_ratl_storage_ratl::vfunc111
00151580	GAME_PORTABLE	19	UNNAMED	FUN_00151580
00154280	GAME_UNIQUE	19	named	CHud::vfunc15
00154b40	GAME_UNIQUE	19	UNNAMED	FUN_00154b40
001561d0	GAME_UNIQUE	19	UNNAMED	FUN_001561d0
00158860	GAME_UNIQUE	19	named	GetNetworkOrSessionManager
00159010	GAME_UNIQUE	19	named	CHudCharacter::vfunc36
0015a9c0	GAME_UNIQUE	19	named	CHudCharacter::vfunc8
00167910	GAME_UNIQUE	19	UNNAMED	FUN_00167910
0016e220	GAME_UNIQUE	19	UNNAMED	FUN_0016e220
00171b70	GAME_UNIQUE	19	UNNAMED	FUN_00171b70
00172730	GAME_UNIQUE	19	UNNAMED	FUN_00172730
00172830	GAME_UNIQUE	19	named	CMenuImageViewer::vfunc7
00172d30	GAME_UNIQUE	19	named	CMenuItem::vfunc10
00172fe0	GAME_UNIQUE	19	UNNAMED	FUN_00172fe0
00175190	GAME_UNIQUE	19	UNNAMED	FUN_00175190
001771f0	GAME_UNIQUE	19	UNNAMED	FUN_001771f0
00178490	GAME_UNIQUE	19	UNNAMED	FUN_00178490
00178b50	GAME_UNIQUE	19	named	CMenuItemListBox::vfunc2
0017f050	GAME_UNIQUE	19	UNNAMED	FUN_0017f050
0017f3a0	GAME_UNIQUE	19	named	CMenuItemShop::vfunc46
00182620	GAME_UNIQUE	19	named	tmpl__AV_tree_base_U_value_semantics_node_V_handle_str_01_00Vtree_node_ratl_storage_ratl_ratl_::vfunc34
00186cb0	GAME_UNIQUE	19	named	CPopupDialog::vfunc16
00186cf0	GAME_UNIQUE	19	named	CPopupDialog::vfunc17
00186d30	GAME_UNIQUE	19	named	CPopupDialog::vfunc18
00188ee0	GAME_UNIQUE	19	UNNAMED	FUN_00188ee0
0018b550	GAME_UNIQUE	19	UNNAMED	FUN_0018b550
0018cf30	GAME_UNIQUE	19	UNNAMED	FUN_0018cf30
00199c10	GAME_UNIQUE	19	named	ResourceManager_GetOrInitInstance
00199c70	GAME_UNIQUE	19	UNNAMED	FUN_00199c70
00199d50	GAME_UNIQUE	19	UNNAMED	FUN_00199d50
001e9840	GAME_UNIQUE	19	UNNAMED	FUN_001e9840
002071e0	GAME_UNIQUE	19	UNNAMED	FUN_002071e0
00217d90	GAME_UNIQUE	19	UNNAMED	FUN_00217d90
00230490	GAME_UNIQUE	19	UNNAMED	FUN_00230490
0024e880	GAME_UNIQUE	19	UNNAMED	FUN_0024e880
0025faa0	GAME_UNIQUE	19	UNNAMED	FUN_0025faa0
00260110	GAME_UNIQUE	19	UNNAMED	FUN_00260110
00275630	GAME_UNIQUE	19	UNNAMED	FUN_00275630
002be550	GAME_UNIQUE	19	UNNAMED	FUN_002be550
0034422a	GAME_UNIQUE	19	named	FID_conflict:_vprintf
0035d2f0	GAME_UNIQUE	19	named	D3D8__D3DDevice_SetVertexShaderConstantNotInline
00365e1b	GAME_UNIQUE	19	UNNAMED	FUN_00365e1b
00011320	GAME_UNIQUE	18	named	GetEngineInstance
00012f10	GAME_UNIQUE	18	named	CFxPrimitiveBase::vfunc58
00025ba0	GAME_PORTABLE	18	UNNAMED	FUN_00025ba0
00026ca0	GAME_UNIQUE	18	UNNAMED	FUN_00026ca0
00027910	GAME_UNIQUE	18	UNNAMED	FUN_00027910
0002e4d0	XMEN_SERIES	18	named	tmpl__AV_COnlyOneEvent_VCActor_VEFirstEquipment_::vfunc33
0002f230	GAME_UNIQUE	18	named	CActor::vfunc36
0002f480	GAME_UNIQUE	18	named	tmpl__AV_COnlyOneEvent_VCActor_VEFirstEquipment_::vfunc8
00032ed0	GAME_UNIQUE	18	UNNAMED	FUN_00032ed0
00040db0	GAME_UNIQUE	18	UNNAMED	FUN_00040db0
00048270	GAME_UNIQUE	18	UNNAMED	FUN_00048270
000482b0	GAME_UNIQUE	18	UNNAMED	FUN_000482b0
0004b3c0	GAME_UNIQUE	18	named	CCamera::vfunc14
0004b610	GAME_UNIQUE	18	named	CCamera::vfunc43
000549e0	GAME_UNIQUE	18	named	tmpl__AV_map_vs_V_handle_str_0A_E_0PP_ratl_::vfunc20
0005cbd0	GAME_UNIQUE	18	UNNAMED	FUN_0005cbd0
00060590	GAME_UNIQUE	18	UNNAMED	FUN_00060590
00067fc0	GAME_PORTABLE	18	UNNAMED	FUN_00067fc0
00069e90	GAME_PORTABLE	18	named	tmpl__AV_map_vs_V_handle_str_02_V1_0BJ_ratl_::vfunc14
00074c00	GAME_UNIQUE	18	UNNAMED	FUN_00074c00
00076070	GAME_UNIQUE	18	named	tmpl__AV_COnlyOneEvent_VCActor_VEFirstEquipment_::vfunc78
0007a460	GAME_UNIQUE	18	UNNAMED	FUN_0007a460
0007a810	GAME_UNIQUE	18	named	CSoundDebounce::vfunc4
0007dec0	GAME_UNIQUE	18	UNNAMED	FUN_0007dec0
0007def0	GAME_UNIQUE	18	named	CInventorySystem::vfunc44
00080b10	GAME_UNIQUE	18	UNNAMED	FUN_00080b10
00089390	GAME_UNIQUE	18	named	CMultipart::vfunc5
0008a030	GAME_UNIQUE	18	named	CMultiplayer::vfunc4
0008a090	GAME_UNIQUE	18	named	CMultiplayer::vfunc7
0008a0f0	GAME_UNIQUE	18	named	CMultiplayer::vfunc8
00091160	GAME_UNIQUE	18	named	tmpl__AV_COnlyOneEvent_VCActor_VEFirstEquipment_::vfunc59
00093a30	GAME_UNIQUE	18	UNNAMED	FUN_00093a30
00096810	GAME_UNIQUE	18	UNNAMED	FUN_00096810
000a1530	GAME_UNIQUE	18	named	CStaticQuery::vfunc31
000a8230	GAME_UNIQUE	18	named	CScanEntity::vfunc111
000b9e10	GAME_UNIQUE	18	named	CWeaponInfo::vfunc0
000bff60	GAME_PORTABLE	18	UNNAMED	FUN_000bff60
000d3de0	GAME_UNIQUE	18	UNNAMED	FUN_000d3de0
000d3f90	GAME_UNIQUE	18	UNNAMED	FUN_000d3f90
000de430	GAME_PORTABLE	18	named	CCombatNodeHandler::vfunc150
000df0f0	GAME_UNIQUE	18	named	CCombatNodeHandler::vfunc376
000e1b10	GAME_UNIQUE	18	named	CExtrnalCombatNodeInterface::vfunc2
000e1b50	GAME_UNIQUE	18	named	CExtrnalCombatNodeInterface::vfunc3
000e1b90	GAME_UNIQUE	18	named	CExtrnalCombatNodeInterface::vfunc5
000e2070	GAME_UNIQUE	18	UNNAMED	FUN_000e2070
000f3de0	GAME_PORTABLE	18	named	CAIPattern::vfunc13
000f46b0	GAME_UNIQUE	18	named	CAIPattern::vfunc9
000f4890	GAME_UNIQUE	18	named	CAIPattern::vfunc15
000f99a0	GAME_UNIQUE	18	named	CAI::vfunc53
000f9d50	GAME_PORTABLE	18	UNNAMED	FUN_000f9d50
0011bfe0	GAME_UNIQUE	18	named	IClock::vfunc14
0011cd10	GAME_UNIQUE	18	UNNAMED	FUN_0011cd10
00120f30	GAME_UNIQUE	18	named	CAnimDBPrecacher::vfunc16
00123550	GAME_UNIQUE	18	UNNAMED	FUN_00123550
00128de0	GAME_PORTABLE	18	UNNAMED	FUN_00128de0
00129390	GAME_UNIQUE	18	UNNAMED	FUN_00129390
0012a950	GAME_UNIQUE	18	UNNAMED	FUN_0012a950
0012eee0	GAME_PORTABLE	18	UNNAMED	FUN_0012eee0
00134e30	GAME_UNIQUE	18	UNNAMED	FUN_00134e30
00134ed0	GAME_UNIQUE	18	UNNAMED	FUN_00134ed0
00134fa0	GAME_UNIQUE	18	UNNAMED	FUN_00134fa0
00134fd0	GAME_UNIQUE	18	UNNAMED	FUN_00134fd0
00136920	GAME_UNIQUE	18	named	CModelIGB::vfunc89
0013b1d0	GAME_UNIQUE	18	UNNAMED	FUN_0013b1d0
0013edd0	GAME_PORTABLE	18	UNNAMED	FUN_0013edd0
0013fd00	GAME_PORTABLE	18	UNNAMED	FUN_0013fd00
001419c0	GAME_UNIQUE	18	named	INodeCaches::vfunc79
00145880	GAME_UNIQUE	18	UNNAMED	FUN_00145880
00146d00	GAME_PORTABLE	18	UNNAMED	FUN_00146d00
0014e310	GAME_PORTABLE	18	UNNAMED	FUN_0014e310
00159e50	GAME_UNIQUE	18	named	CHudCharacter::vfunc2
001709f0	GAME_UNIQUE	18	UNNAMED	FUN_001709f0
001782f0	GAME_UNIQUE	18	UNNAMED	FUN_001782f0
001783a0	GAME_UNIQUE	18	UNNAMED	FUN_001783a0
00178450	GAME_UNIQUE	18	UNNAMED	FUN_00178450
00183960	GAME_UNIQUE	18	named	tmpl__AV_tree_base_U_value_semantics_node_V_handle_str_01_00Vtree_node_ratl_storage_ratl_ratl_::vfunc54
0018a4b0	GAME_UNIQUE	18	UNNAMED	FUN_0018a4b0
0018dcc0	GAME_UNIQUE	18	UNNAMED	FUN_0018dcc0
0018f690	GAME_UNIQUE	18	UNNAMED	FUN_0018f690
00192020	GAME_UNIQUE	18	UNNAMED	FUN_00192020
0019eec8	GAME_UNIQUE	18	named	XAPILIB__XapiCallThreadNotifyRoutines
001a35ac	GAME_UNIQUE	18	named	XAPILIB___rtinit
001afd90	GAME_UNIQUE	18	UNNAMED	FUN_001afd90
0021b9f0	GAME_UNIQUE	18	UNNAMED	FUN_0021b9f0
0021c630	GAME_UNIQUE	18	UNNAMED	FUN_0021c630
00230420	GAME_UNIQUE	18	UNNAMED	FUN_00230420
0024dcc0	GAME_UNIQUE	18	UNNAMED	FUN_0024dcc0
0025c630	GAME_UNIQUE	18	UNNAMED	FUN_0025c630
0027af00	GAME_UNIQUE	18	UNNAMED	FUN_0027af00
0027be30	GAME_UNIQUE	18	UNNAMED	FUN_0027be30
00305f70	GAME_UNIQUE	18	UNNAMED	FUN_00305f70
00308610	GAME_UNIQUE	18	UNNAMED	FUN_00308610
0031d8f0	GAME_UNIQUE	18	UNNAMED	FUN_0031d8f0
00320b00	GAME_UNIQUE	18	UNNAMED	FUN_00320b00
00368ba0	GAME_UNIQUE	18	UNNAMED	FUN_00368ba0
003c1e17	GAME_UNIQUE	18	UNNAMED	FUN_003c1e17
000167a0	GAME_UNIQUE	17	UNNAMED	FUN_000167a0
0001d530	GAME_UNIQUE	17	named	CFxParticleCloudPrimitive::vfunc56
0001ecf0	GAME_PORTABLE	17	named	CFxDLightPrimitive::vfunc58
000291a0	GAME_UNIQUE	17	named	tmpl__AV_COnlyOneEvent_VCActor_VEFirstEquipment_::vfunc86
00029300	GAME_UNIQUE	17	UNNAMED	FUN_00029300
0002e5b0	GAME_UNIQUE	17	named	tmpl__AV_COnlyOneEvent_VCActor_VEFirstEquipment_::vfunc123
0002e5f0	GAME_UNIQUE	17	named	tmpl__AV_COnlyOneEvent_VCActor_VEFirstEquipment_::vfunc124
00034da0	GAME_UNIQUE	17	UNNAMED	FUN_00034da0
0003a2c0	GAME_UNIQUE	17	UNNAMED	FUN_0003a2c0
000472f0	GAME_UNIQUE	17	UNNAMED	FUN_000472f0
000539b0	XMEN_SERIES	17	UNNAMED	FUN_000539b0
00054fd0	GAME_UNIQUE	17	named	tmpl__AV_map_vs_V_handle_str_0A_E_0PP_ratl_::vfunc41
00055220	GAME_UNIQUE	17	named	tmpl__AV_map_vs_V_handle_str_0A_E_0PP_ratl_::vfunc46
000574c0	GAME_PORTABLE	17	named	CCheats::vfunc1
00066c20	GAME_PORTABLE	17	UNNAMED	FUN_00066c20
00069540	GAME_UNIQUE	17	UNNAMED	FUN_00069540
0006c3d0	GAME_UNIQUE	17	UNNAMED	FUN_0006c3d0
0006da10	GAME_UNIQUE	17	UNNAMED	FUN_0006da10
0006f3b0	GAME_UNIQUE	17	named	CGame::vfunc93
00074990	GAME_PORTABLE	17	UNNAMED	FUN_00074990
0007ab20	GAME_UNIQUE	17	UNNAMED	FUN_0007ab20
0007efd0	GAME_UNIQUE	17	named	CInventorySystem::vfunc36
00085630	GAME_UNIQUE	17	UNNAMED	FUN_00085630
00089470	GAME_UNIQUE	17	named	CMultipart::vfunc11
00090e50	GAME_UNIQUE	17	UNNAMED	FUN_00090e50
00098de0	GAME_UNIQUE	17	UNNAMED	FUN_00098de0
000a22c0	GAME_UNIQUE	17	named	CStaticQuery::vfunc19
000a44f0	GAME_UNIQUE	17	named	CReviewPaths::vfunc4
000a9b80	GAME_UNIQUE	17	named	tmpl__AV_CEntityFactory_VCScanTurretEntity_VCScanEntity_::vfunc9
000b4830	GAME_UNIQUE	17	UNNAMED	FUN_000b4830
000b5980	GAME_UNIQUE	17	UNNAMED	FUN_000b5980
000bdac0	GAME_UNIQUE	17	UNNAMED	FUN_000bdac0
000ca310	GAME_PORTABLE	17	UNNAMED	FUN_000ca310
000ca340	GAME_UNIQUE	17	UNNAMED	FUN_000ca340
000ced70	GAME_UNIQUE	17	UNNAMED	FUN_000ced70
000dd1a0	GAME_UNIQUE	17	named	CCombatNodeHandler::vfunc28
000e0d20	GAME_UNIQUE	17	named	CCombatNodeHandler::vfunc120
000e1920	GAME_PORTABLE	17	named	CCombatNode::vfunc8
000e51f0	GAME_UNIQUE	17	UNNAMED	FUN_000e51f0
000e5b00	GAME_PORTABLE	17	UNNAMED	FUN_000e5b00
000ea000	GAME_UNIQUE	17	UNNAMED	FUN_000ea000
000eae70	GAME_UNIQUE	17	named	CCombatNode::vfunc59
000eaeb0	GAME_UNIQUE	17	named	CCombatNode::vfunc60
000edb70	GAME_UNIQUE	17	UNNAMED	FUN_000edb70
000fc600	GAME_UNIQUE	17	UNNAMED	FUN_000fc600
000fe500	GAME_PORTABLE	17	UNNAMED	FUN_000fe500
0010f710	GAME_UNIQUE	17	UNNAMED	FUN_0010f710
0011bd00	GAME_UNIQUE	17	UNNAMED	FUN_0011bd00
0011d090	GAME_UNIQUE	17	named	CConfigSystem::vfunc15
0011d0d0	GAME_UNIQUE	17	named	CConfigSystem::vfunc14
0011d1b0	GAME_UNIQUE	17	named	CConfigSystem::vfunc11
0011edc0	GAME_UNIQUE	17	named	CMemoryCardXBox::vfunc23
0011fe10	GAME_UNIQUE	17	named	CMemoryCardXBox::vfunc20
001205e0	XMEN_SERIES	17	named	CMemoryCardXBox::vfunc29
00123030	GAME_UNIQUE	17	UNNAMED	FUN_00123030
001231e0	GAME_UNIQUE	17	UNNAMED	FUN_001231e0
001258c0	GAME_UNIQUE	17	UNNAMED	FUN_001258c0
00130110	GAME_UNIQUE	17	UNNAMED	FUN_00130110
00132810	GAME_UNIQUE	17	UNNAMED	FUN_00132810
001368c0	GAME_UNIQUE	17	named	CModelIGB::vfunc86
00139e60	GAME_UNIQUE	17	named	CModelIGB::vfunc56
00145c90	GAME_UNIQUE	17	named	tmpl__AV_CSafeResMgrI_VIPlayfield_04_0CLDI_::vfunc9
00146c00	GAME_PORTABLE	17	UNNAMED	FUN_00146c00
001639f0	GAME_UNIQUE	17	named	CMenu::vfunc1
00164640	GAME_UNIQUE	17	UNNAMED	FUN_00164640
001660f0	GAME_UNIQUE	17	UNNAMED	FUN_001660f0
00177570	GAME_UNIQUE	17	UNNAMED	FUN_00177570
00178ad0	GAME_UNIQUE	17	UNNAMED	FUN_00178ad0
00182bc0	GAME_UNIQUE	17	named	tmpl__AV_tree_base_U_value_semantics_node_V_handle_str_01_00Vtree_node_ratl_storage_ratl_ratl_::vfunc68
00187980	GAME_UNIQUE	17	named	CPopupDialog::vfunc8
001879c0	GAME_UNIQUE	17	named	CPopupDialog::vfunc9
00187a00	GAME_UNIQUE	17	named	CPopupDialog::vfunc10
0018dd20	GAME_PORTABLE	17	UNNAMED	FUN_0018dd20
001ed130	GAME_UNIQUE	17	UNNAMED	FUN_001ed130
00205ce0	GAME_UNIQUE	17	UNNAMED	FUN_00205ce0
0020ada0	GAME_UNIQUE	17	UNNAMED	FUN_0020ada0
00258c30	GAME_UNIQUE	17	UNNAMED	FUN_00258c30
0025faf0	GAME_UNIQUE	17	UNNAMED	FUN_0025faf0
0026a860	GAME_UNIQUE	17	UNNAMED	FUN_0026a860
002760f0	GAME_UNIQUE	17	UNNAMED	FUN_002760f0
0029b5c0	GAME_UNIQUE	17	UNNAMED	FUN_0029b5c0
002fd0d8	GAME_UNIQUE	17	UNNAMED	FUN_002fd0d8
002fd113	GAME_UNIQUE	17	UNNAMED	FUN_002fd113
00341358	GAME_UNIQUE	17	named	__global_unwind2
0034b8df	GAME_UNIQUE	17	UNNAMED	FUN_0034b8df
00016910	GAME_UNIQUE	16	UNNAMED	FUN_00016910
000169f0	GAME_UNIQUE	16	UNNAMED	FUN_000169f0
0001cc50	GAME_UNIQUE	16	named	CFxParticleCloudPrimitive::vfunc60
000237a0	GAME_PORTABLE	16	UNNAMED	FUN_000237a0
00026070	GAME_UNIQUE	16	UNNAMED	FUN_00026070
00029360	GAME_UNIQUE	16	UNNAMED	FUN_00029360
0002c880	GAME_UNIQUE	16	UNNAMED	FUN_0002c880
00030590	GAME_UNIQUE	16	UNNAMED	FUN_00030590
0003a620	GAME_UNIQUE	16	UNNAMED	FUN_0003a620
0004f1f0	GAME_PORTABLE	16	UNNAMED	FUN_0004f1f0
000598a0	GAME_UNIQUE	16	UNNAMED	FUN_000598a0
0005cae0	GAME_UNIQUE	16	named	CCombatSystem::vfunc18
0005e680	GAME_PORTABLE	16	named	CConversationSystem::vfunc7
00067d80	GAME_UNIQUE	16	UNNAMED	FUN_00067d80
0006b690	GAME_UNIQUE	16	named	CEntityGrid::vfunc14
0006f570	GAME_UNIQUE	16	named	CGame::vfunc98
0006f870	GAME_PORTABLE	16	named	CGame::vfunc78
00070700	GAME_UNIQUE	16	named	CGame::vfunc104
0007cfe0	GAME_UNIQUE	16	UNNAMED	FUN_0007cfe0
0007f490	GAME_UNIQUE	16	named	CInventorySystem::vfunc24
00083970	GAME_UNIQUE	16	UNNAMED	FUN_00083970
00084310	GAME_UNIQUE	16	named	CMissionMgr::vfunc9
00096910	GAME_UNIQUE	16	UNNAMED	FUN_00096910
00096b70	GAME_UNIQUE	16	named	CProjectileEntity::vfunc60
000a0e50	GAME_UNIQUE	16	named	CSortByTraceFraction::vfunc0
000a1940	GAME_UNIQUE	16	named	CStaticQuery::vfunc22
000a2360	GAME_UNIQUE	16	named	CStaticQuery::vfunc20
000a5510	GAME_UNIQUE	16	named	CSaveLoad::vfunc21
000ad700	GAME_UNIQUE	16	UNNAMED	FUN_000ad700
000b2440	GAME_PORTABLE	16	UNNAMED	FUN_000b2440
000b47e0	GAME_UNIQUE	16	UNNAMED	FUN_000b47e0
000be190	GAME_UNIQUE	16	named	IWorld::vfunc60
000bfa50	GAME_UNIQUE	16	UNNAMED	FUN_000bfa50
000bffb0	GAME_PORTABLE	16	UNNAMED	FUN_000bffb0
000ca7e0	GAME_PORTABLE	16	UNNAMED	FUN_000ca7e0
000ca830	GAME_UNIQUE	16	UNNAMED	FUN_000ca830
000d7430	GAME_UNIQUE	16	named	CCEPowerup::vfunc3
000e9910	GAME_UNIQUE	16	UNNAMED	FUN_000e9910
000edf40	GAME_UNIQUE	16	named	CAISentinelAttackHandler::vfunc5
000ee060	GAME_PORTABLE	16	UNNAMED	FUN_000ee060
00117a80	GAME_UNIQUE	16	named	CInput::vfunc6
0011bcb0	GAME_UNIQUE	16	UNNAMED	FUN_0011bcb0
0011c5a0	GAME_PORTABLE	16	UNNAMED	FUN_0011c5a0
0011da80	GAME_UNIQUE	16	named	CFileBundleMgr::vfunc13
0011ed10	XMEN_SERIES	16	UNNAMED	FUN_0011ed10
001218c0	GAME_PORTABLE	16	UNNAMED	FUN_001218c0
00121910	GAME_UNIQUE	16	UNNAMED	FUN_00121910
00124470	GAME_PORTABLE	16	UNNAMED	FUN_00124470
001255c0	GAME_PORTABLE	16	UNNAMED	FUN_001255c0
001259d0	GAME_UNIQUE	16	UNNAMED	FUN_001259d0
0012e1a0	GAME_UNIQUE	16	named	CAnimMotion::vfunc0
0012e210	GAME_UNIQUE	16	named	CAnimMotion::vfunc2
00132d10	GAME_PORTABLE	16	UNNAMED	FUN_00132d10
00132e40	GAME_PORTABLE	16	named	CModelIGB::vfunc39
00132e90	GAME_PORTABLE	16	named	CModelIGB::vfunc41
00132f10	XMEN_SERIES	16	named	CModelIGB::vfunc44
00136710	GAME_UNIQUE	16	named	CModelIGB::vfunc70
00136760	GAME_UNIQUE	16	named	CModelIGB::vfunc75
00136b00	GAME_UNIQUE	16	named	CModelIGB::vfunc79
00139860	GAME_UNIQUE	16	named	CModelIGB::vfunc58
0013f8a0	GAME_UNIQUE	16	UNNAMED	FUN_0013f8a0
00145930	GAME_UNIQUE	16	named	tmpl__AV_CSafeResMgrI_VIPlayfield_04_0CLDI_::vfunc8
001497e0	GAME_UNIQUE	16	named	IUIExtension::vfunc4
00159f10	GAME_PORTABLE	16	named	CHudCharacter::vfunc1
0015e1d0	GAME_UNIQUE	16	named	CHudCharacter::vfunc44
00162840	GAME_UNIQUE	16	UNNAMED	FUN_00162840
001681a0	GAME_UNIQUE	16	UNNAMED	FUN_001681a0
00176bd0	GAME_UNIQUE	16	UNNAMED	FUN_00176bd0
0017a770	GAME_UNIQUE	16	named	CMenuItemListBox::vfunc69
0017ad10	GAME_UNIQUE	16	UNNAMED	FUN_0017ad10
0017d050	GAME_UNIQUE	16	named	CMenuItemText::vfunc20
00180f00	GAME_UNIQUE	16	named	tmpl__AV_tree_base_U_value_semantics_node_V_handle_str_01_00Vtree_node_ratl_storage_ratl_ratl_::vfunc59
00181e60	GAME_UNIQUE	16	named	tmpl__AV_tree_base_U_value_semantics_node_V_handle_str_01_00Vtree_node_ratl_storage_ratl_ratl_::vfunc65
00182670	GAME_UNIQUE	16	named	tmpl__AV_tree_base_U_value_semantics_node_V_handle_str_01_00Vtree_node_ratl_storage_ratl_ratl_::vfunc35
00183020	GAME_PORTABLE	16	UNNAMED	FUN_00183020
00183a40	GAME_UNIQUE	16	named	tmpl__AV_tree_base_U_value_semantics_node_V_handle_str_01_00Vtree_node_ratl_storage_ratl_ratl_::vfunc99
00187a40	GAME_UNIQUE	16	named	CPopupDialog::vfunc11
0018a5a0	GAME_UNIQUE	16	named	CProcRect::vfunc2
0018a760	GAME_UNIQUE	16	UNNAMED	FUN_0018a760
0018c0f0	GAME_PORTABLE	16	UNNAMED	FUN_0018c0f0
00191980	GAME_UNIQUE	16	UNNAMED	FUN_00191980
001a8dd0	GAME_UNIQUE	16	UNNAMED	FUN_001a8dd0
001bcf30	GAME_UNIQUE	16	UNNAMED	FUN_001bcf30
00200140	XMEN_SERIES	16	UNNAMED	FUN_00200140
00204680	GAME_UNIQUE	16	UNNAMED	FUN_00204680
00214a40	GAME_UNIQUE	16	UNNAMED	FUN_00214a40
0021c170	GAME_UNIQUE	16	UNNAMED	FUN_0021c170
0021c880	GAME_UNIQUE	16	UNNAMED	FUN_0021c880
002557d0	GAME_UNIQUE	16	UNNAMED	FUN_002557d0
0025f070	GAME_UNIQUE	16	UNNAMED	FUN_0025f070
0025f570	GAME_UNIQUE	16	UNNAMED	FUN_0025f570
0025f7a0	GAME_UNIQUE	16	UNNAMED	FUN_0025f7a0
0025f840	GAME_UNIQUE	16	UNNAMED	FUN_0025f840
0025fbd0	XMEN_SERIES	16	UNNAMED	FUN_0025fbd0
0027c030	GAME_UNIQUE	16	UNNAMED	FUN_0027c030
00287d50	GAME_UNIQUE	16	UNNAMED	FUN_00287d50
00295000	GAME_UNIQUE	16	UNNAMED	FUN_00295000
0029b910	GAME_UNIQUE	16	UNNAMED	FUN_0029b910
0029bc10	GAME_UNIQUE	16	UNNAMED	FUN_0029bc10
0030d5e0	GAME_UNIQUE	16	UNNAMED	FUN_0030d5e0
0035d610	XMEN_SERIES	16	UNNAMED	FUN_0035d610
00362d00	GAME_UNIQUE	16	UNNAMED	FUN_00362d00
0039d5c4	GAME_UNIQUE	16	UNNAMED	FUN_0039d5c4
003ad045	GAME_UNIQUE	16	UNNAMED	FUN_003ad045
00013340	GAME_PORTABLE	15	named	CFxTessMeshPrimitive::vfunc11
0001d1c0	GAME_UNIQUE	15	named	CFxDLightPrimitive::vfunc3
000274c0	GAME_UNIQUE	15	UNNAMED	FUN_000274c0
000385f0	GAME_UNIQUE	15	UNNAMED	FUN_000385f0
00046ab0	GAME_UNIQUE	15	UNNAMED	FUN_00046ab0
0004a360	GAME_UNIQUE	15	UNNAMED	FUN_0004a360
00054a60	GAME_UNIQUE	15	named	tmpl__AV_map_vs_V_handle_str_0A_E_0PP_ratl_::vfunc11
00057050	GAME_UNIQUE	15	named	tmpl__AV_map_vs_V_handle_str_0A_E_0PP_ratl_::vfunc6
0005ca80	GAME_UNIQUE	15	UNNAMED	FUN_0005ca80
0005f730	GAME_UNIQUE	15	UNNAMED	FUN_0005f730
00069ed0	GAME_PORTABLE	15	named	tmpl__AV_map_vs_V_handle_str_02_V1_0BJ_ratl_::vfunc15
0007a230	GAME_UNIQUE	15	named	CSoundDebounce::vfunc2
0007e570	GAME_UNIQUE	15	named	CInventorySystem::vfunc41
0007ec50	GAME_UNIQUE	15	named	CInventorySystem::vfunc37
0007ef50	GAME_UNIQUE	15	named	CInventorySystem::vfunc30
00086790	GAME_UNIQUE	15	UNNAMED	FUN_00086790
00090fb0	GAME_UNIQUE	15	UNNAMED	FUN_00090fb0
000910c0	GAME_UNIQUE	15	named	tmpl__AV_COnlyOneEvent_VCActor_VEFirstEquipment_::vfunc130
00094fe0	GAME_UNIQUE	15	UNNAMED	FUN_00094fe0
000967b0	GAME_UNIQUE	15	UNNAMED	FUN_000967b0
0009ad80	GAME_UNIQUE	15	UNNAMED	FUN_0009ad80
000a1fd0	GAME_UNIQUE	15	UNNAMED	FUN_000a1fd0
000a2ae0	GAME_UNIQUE	15	UNNAMED	FUN_000a2ae0
000a4630	GAME_UNIQUE	15	named	CReviewPaths::vfunc1
000a4660	GAME_UNIQUE	15	named	CReviewPaths::vfunc2
000a5c80	GAME_UNIQUE	15	UNNAMED	FUN_000a5c80
000c7bd0	GAME_PORTABLE	15	UNNAMED	FUN_000c7bd0
000cb6e0	GAME_UNIQUE	15	UNNAMED	FUN_000cb6e0
000cb730	GAME_UNIQUE	15	UNNAMED	FUN_000cb730
000cf610	GAME_UNIQUE	15	UNNAMED	FUN_000cf610
000e4190	GAME_UNIQUE	15	UNNAMED	FUN_000e4190
000e56e0	GAME_UNIQUE	15	UNNAMED	FUN_000e56e0
000f9a50	GAME_PORTABLE	15	named	CAI::vfunc109
000fc5d0	GAME_UNIQUE	15	UNNAMED	FUN_000fc5d0
000fc630	GAME_UNIQUE	15	UNNAMED	FUN_000fc630
0011d510	GAME_UNIQUE	15	named	GetConfigManager
0011d8c0	GAME_UNIQUE	15	named	GetSystemRegistry
001203d0	GAME_UNIQUE	15	named	CMemoryCardXBox::vfunc26
00132e10	GAME_PORTABLE	15	named	CModelIGB::vfunc38
00136c30	GAME_UNIQUE	15	named	CModelIGB::vfunc67
001422f0	GAME_UNIQUE	15	UNNAMED	FUN_001422f0
00151630	GAME_PORTABLE	15	UNNAMED	FUN_00151630
00153f80	GAME_PORTABLE	15	UNNAMED	FUN_00153f80
0015aa00	GAME_UNIQUE	15	named	CHudCharacter::vfunc9
00163900	GAME_UNIQUE	15	named	CMenu::vfunc3
0016ece0	GAME_UNIQUE	15	UNNAMED	FUN_0016ece0
00177940	GAME_UNIQUE	15	named	CMenuItemListBox::vfunc4
0017ace0	GAME_UNIQUE	15	UNNAMED	FUN_0017ace0
0017f3f0	GAME_UNIQUE	15	named	CMenuItemShop::vfunc39
0017fd70	GAME_UNIQUE	15	named	CMenuPlayers::vfunc4
00180ec0	GAME_UNIQUE	15	named	tmpl__AV_tree_base_U_value_semantics_node_V_handle_str_01_00Vtree_node_ratl_storage_ratl_ratl_::vfunc56
00182b60	GAME_UNIQUE	15	named	tmpl__AV_tree_base_U_value_semantics_node_V_handle_str_01_00Vtree_node_ratl_storage_ratl_ratl_::vfunc70
00182b90	GAME_UNIQUE	15	named	tmpl__AV_tree_base_U_value_semantics_node_V_handle_str_01_00Vtree_node_ratl_storage_ratl_ratl_::vfunc71
00189c10	GAME_PORTABLE	15	named	CHudInputMap::vfunc7
00193ce0	GAME_UNIQUE	15	named	CDisplay::vfunc21
00199b50	GAME_UNIQUE	15	UNNAMED	FUN_00199b50
00212710	GAME_UNIQUE	15	UNNAMED	FUN_00212710
0025e830	GAME_UNIQUE	15	UNNAMED	FUN_0025e830
00271320	XMEN_SERIES	15	UNNAMED	FUN_00271320
00306de0	GAME_UNIQUE	15	UNNAMED	FUN_00306de0
00307970	GAME_UNIQUE	15	UNNAMED	FUN_00307970
00309280	GAME_UNIQUE	15	UNNAMED	FUN_00309280
00309740	GAME_UNIQUE	15	UNNAMED	FUN_00309740
003097f0	GAME_UNIQUE	15	UNNAMED	FUN_003097f0
0030ab60	GAME_UNIQUE	15	UNNAMED	FUN_0030ab60
0030d8c0	GAME_UNIQUE	15	UNNAMED	FUN_0030d8c0
0030fd30	GAME_UNIQUE	15	UNNAMED	FUN_0030fd30
0034391f	GAME_UNIQUE	15	named	__lock_file
00343971	GAME_UNIQUE	15	named	__unlock_file
00345599	GAME_UNIQUE	15	UNNAMED	FUN_00345599
00367ed0	GAME_UNIQUE	15	named	D3D8__D3D_GetAdapterIdentifier
00370666	XMEN_SERIES	15	named	DSOUND__IDirectSound_DownloadEffectsImage
003ac427	GAME_UNIQUE	15	UNNAMED	FUN_003ac427
00013240	GAME_UNIQUE	14	named	BoundingVolume_Ctor_LeafNode
00013380	GAME_UNIQUE	14	named	BoundingVolume_Ctor_LeafNodeB
00014ec0	GAME_UNIQUE	14	named	SpatialBufferManager_Reset_0934
00016110	GAME_UNIQUE	14	named	SpatialManager_InitLargePool2100_00016110
00016140	GAME_UNIQUE	14	named	SpatialManager_InitMidPool750_00016140
00027510	GAME_UNIQUE	14	named	tmpl__AV_CEventArgs_VCActionEntity_VEAct_VCEntityID_::vfunc0
000291e0	GAME_UNIQUE	14	UNNAMED	FUN_000291e0
0002ed50	GAME_UNIQUE	14	named	CActor::vfunc117
0002f560	GAME_UNIQUE	14	named	tmpl__AV_CEvent_VCActor_VEResurrection_::vfunc9
00030610	GAME_UNIQUE	14	named	tmpl__AV_CEvent_VCActor_VEUpdateDamageFlash_::vfunc15
00047530	GAME_UNIQUE	14	UNNAMED	FUN_00047530
0004afc0	GAME_UNIQUE	14	named	CCamera::vfunc42
0004c5d0	GAME_UNIQUE	14	named	CCamera::vfunc23
00053ed0	GAME_UNIQUE	14	named	CCamera::vfunc62
00057a20	GAME_UNIQUE	14	UNNAMED	FUN_00057a20
0005f850	GAME_UNIQUE	14	UNNAMED	FUN_0005f850
0005f8f0	GAME_UNIQUE	14	UNNAMED	FUN_0005f8f0
000666b0	GAME_PORTABLE	14	named	CEnableEntity::vfunc5
000668b0	GAME_UNIQUE	14	UNNAMED	FUN_000668b0
00069c20	GAME_PORTABLE	14	UNNAMED	FUN_00069c20
00069e30	GAME_PORTABLE	14	named	tmpl__AV_map_vs_V_handle_str_02_V1_0BJ_ratl_::vfunc11
00069e60	GAME_PORTABLE	14	named	tmpl__AV_map_vs_V_handle_str_02_V1_0BJ_ratl_::vfunc13
0006e000	GAME_UNIQUE	14	UNNAMED	FUN_0006e000
0006e040	GAME_UNIQUE	14	UNNAMED	FUN_0006e040
0006f7b0	GAME_UNIQUE	14	named	CGame::vfunc32
00075ae0	GAME_UNIQUE	14	UNNAMED	FUN_00075ae0
0007e0b0	GAME_UNIQUE	14	named	CInventorySystem::vfunc13
00085190	GAME_UNIQUE	14	UNNAMED	FUN_00085190
00086090	GAME_UNIQUE	14	named	CMissionMgr::vfunc19
00089b80	GAME_UNIQUE	14	UNNAMED	FUN_00089b80
0008a060	GAME_UNIQUE	14	named	CMultiplayer::vfunc5
0008a0c0	GAME_UNIQUE	14	named	CMultiplayer::vfunc6
0008c380	GAME_UNIQUE	14	named	COptions::vfunc10
000964a0	GAME_UNIQUE	14	UNNAMED	FUN_000964a0
000981f0	GAME_UNIQUE	14	named	CProjectileTornadoEntity::vfunc5
000a0aa0	GAME_UNIQUE	14	UNNAMED	FUN_000a0aa0
000a10a0	GAME_UNIQUE	14	UNNAMED	FUN_000a10a0
000a2330	GAME_UNIQUE	14	named	CStaticQuery::vfunc21
000ae0f0	GAME_UNIQUE	14	UNNAMED	FUN_000ae0f0
000b2fa0	GAME_UNIQUE	14	named	tmpl__AV_tree_base_U_value_semantics_node_G_0CBG_Vtree_node_ratl_storage_ratl_ratl_::vfunc15
000b5350	GAME_UNIQUE	14	named	tmpl__AV_tree_base_U_value_semantics_node_V_string_vs_0CA_ratl_0JG_Vtree_node_2_storage_ratl_ratl_::vfunc16
000b8400	GAME_UNIQUE	14	UNNAMED	FUN_000b8400
000bd7d0	GAME_UNIQUE	14	UNNAMED	FUN_000bd7d0
000bfff0	GAME_PORTABLE	14	UNNAMED	FUN_000bfff0
000c0020	GAME_PORTABLE	14	UNNAMED	FUN_000c0020
000c0080	GAME_UNIQUE	14	UNNAMED	FUN_000c0080
000caaf0	GAME_UNIQUE	14	UNNAMED	FUN_000caaf0
000e1760	GAME_UNIQUE	14	named	CCombatNode::vfunc15
000e1790	GAME_UNIQUE	14	named	CCombatNode::vfunc16
000e20b0	GAME_PORTABLE	14	named	CCombatNode::vfunc5
000e20e0	GAME_PORTABLE	14	named	CCombatNode::vfunc4
000e5660	GAME_PORTABLE	14	UNNAMED	FUN_000e5660
000e5ba0	GAME_UNIQUE	14	UNNAMED	FUN_000e5ba0
000e5d20	XMEN_SERIES	14	UNNAMED	FUN_000e5d20
000e5f10	GAME_PORTABLE	14	UNNAMED	FUN_000e5f10
000e9fc0	GAME_UNIQUE	14	UNNAMED	FUN_000e9fc0
000f8410	GAME_UNIQUE	14	named	CAI::vfunc139
000f9a00	GAME_UNIQUE	14	UNNAMED	FUN_000f9a00
0010f870	GAME_UNIQUE	14	UNNAMED	FUN_0010f870
0010f940	GAME_UNIQUE	14	UNNAMED	FUN_0010f940
00125a40	GAME_UNIQUE	14	UNNAMED	FUN_00125a40
00125e50	GAME_UNIQUE	14	UNNAMED	FUN_00125e50
001368f0	GAME_UNIQUE	14	named	CModelIGB::vfunc85
00136cc0	GAME_UNIQUE	14	UNNAMED	FUN_00136cc0
00136d10	GAME_UNIQUE	14	named	CModelIGB::vfunc68
00136d80	GAME_UNIQUE	14	named	CModelIGB::vfunc73
00136db0	GAME_UNIQUE	14	named	CModelIGB::vfunc74
0014a450	GAME_UNIQUE	14	UNNAMED	FUN_0014a450
0014a610	GAME_UNIQUE	14	UNNAMED	FUN_0014a610
0014c8f0	GAME_PORTABLE	14	named	tmpl__AV_tree_base_U_value_semantics_node_H_03Vtree_node_ratl_storage_ratl_ratl_::vfunc4
00150c00	GAME_UNIQUE	14	UNNAMED	FUN_00150c00
00154a10	GAME_PORTABLE	14	UNNAMED	FUN_00154a10
0015a920	GAME_UNIQUE	14	UNNAMED	FUN_0015a920
0015e960	GAME_UNIQUE	14	UNNAMED	FUN_0015e960
001779a0	GAME_UNIQUE	14	named	CMenuItemListBox::vfunc90
001782c0	GAME_UNIQUE	14	UNNAMED	FUN_001782c0
00180e90	GAME_PORTABLE	14	named	CMenuMgr::vfunc62
001822a0	GAME_UNIQUE	14	named	tmpl__AV_tree_base_U_value_semantics_node_V_handle_str_01_00Vtree_node_ratl_storage_ratl_ratl_::vfunc50
00182ad0	GAME_UNIQUE	14	named	tmpl__AV_tree_base_U_value_semantics_node_V_handle_str_01_00Vtree_node_ratl_storage_ratl_ratl_::vfunc66
00182b00	GAME_UNIQUE	14	named	tmpl__AV_tree_base_U_value_semantics_node_V_handle_str_01_00Vtree_node_ratl_storage_ratl_ratl_::vfunc67
001856d0	GAME_UNIQUE	14	named	CPopupDialog::vfunc22
00186260	GAME_UNIQUE	14	named	CPopupDialog::vfunc24
00186290	GAME_UNIQUE	14	named	CPopupDialog::vfunc23
00189be0	GAME_UNIQUE	14	UNNAMED	FUN_00189be0
0018e8b0	GAME_UNIQUE	14	UNNAMED	FUN_0018e8b0
00191f20	GAME_UNIQUE	14	UNNAMED	FUN_00191f20
00199ee0	GAME_UNIQUE	14	UNNAMED	FUN_00199ee0
0021fe70	GAME_UNIQUE	14	UNNAMED	FUN_0021fe70
00221960	GAME_UNIQUE	14	UNNAMED	FUN_00221960
00230460	GAME_UNIQUE	14	UNNAMED	FUN_00230460
00247cf0	GAME_UNIQUE	14	UNNAMED	FUN_00247cf0
0025e210	GAME_UNIQUE	14	UNNAMED	FUN_0025e210
0025e240	GAME_UNIQUE	14	UNNAMED	FUN_0025e240
0025e270	GAME_UNIQUE	14	UNNAMED	FUN_0025e270
00294db0	GAME_UNIQUE	14	UNNAMED	FUN_00294db0
00294e30	GAME_UNIQUE	14	UNNAMED	FUN_00294e30
0030a610	GAME_UNIQUE	14	UNNAMED	FUN_0030a610
0031ce70	GAME_UNIQUE	14	UNNAMED	FUN_0031ce70
0031ed90	GAME_UNIQUE	14	UNNAMED	FUN_0031ed90
00013040	GAME_UNIQUE	13	named	BoundingVolume_Ctor_Query
000133f0	GAME_PORTABLE	13	named	CFxOrientedSpritePrimitive::vfunc14
000138f0	GAME_UNIQUE	13	named	BoundingVolume_Ctor_TripleBoundedLeafNode
00013b80	GAME_UNIQUE	13	named	AudioNode_Ctor_DualKinematicLeaf
00023750	GAME_UNIQUE	13	UNNAMED	FUN_00023750
000253a0	GAME_UNIQUE	13	UNNAMED	FUN_000253a0
00027350	GAME_UNIQUE	13	UNNAMED	FUN_00027350
00029a60	GAME_UNIQUE	13	named	IActivePowerupSystem::vfunc12
00029b30	GAME_UNIQUE	13	UNNAMED	FUN_00029b30
00032550	GAME_UNIQUE	13	named	CActor::vfunc111
00034ab0	GAME_UNIQUE	13	named	CActor::vfunc35
000504a0	GAME_PORTABLE	13	named	CCamera::vfunc54
0005cc60	GAME_UNIQUE	13	UNNAMED	FUN_0005cc60
00069230	GAME_PORTABLE	13	UNNAMED	FUN_00069230
0006a240	GAME_PORTABLE	13	UNNAMED	FUN_0006a240
0006c1b0	GAME_UNIQUE	13	UNNAMED	FUN_0006c1b0
0006de50	GAME_UNIQUE	13	UNNAMED	FUN_0006de50
000706c0	GAME_UNIQUE	13	named	CGame::vfunc103
00075800	GAME_UNIQUE	13	named	tmpl__AV_CEvent_VCGameEntity_VEThink_::vfunc19
00079fa0	GAME_UNIQUE	13	UNNAMED	FUN_00079fa0
00083790	GAME_UNIQUE	13	UNNAMED	FUN_00083790
000837c0	GAME_UNIQUE	13	UNNAMED	FUN_000837c0
00085200	GAME_UNIQUE	13	UNNAMED	FUN_00085200
00089fc0	GAME_UNIQUE	13	UNNAMED	FUN_00089fc0
0008f690	GAME_UNIQUE	13	UNNAMED	FUN_0008f690
0008f6c0	GAME_UNIQUE	13	UNNAMED	FUN_0008f6c0
00098db0	GAME_UNIQUE	13	UNNAMED	FUN_00098db0
000990b0	GAME_UNIQUE	13	UNNAMED	FUN_000990b0
000a18f0	GAME_UNIQUE	13	named	CStaticQuery::vfunc23
000a54b0	GAME_UNIQUE	13	UNNAMED	FUN_000a54b0
000a5d10	GAME_UNIQUE	13	named	CSaveLoad::vfunc17
000a8280	GAME_UNIQUE	13	named	CScanEntity::vfunc112
000aa4a0	GAME_UNIQUE	13	UNNAMED	FUN_000aa4a0
000b13b0	GAME_UNIQUE	13	UNNAMED	FUN_000b13b0
000b3bb0	GAME_PORTABLE	13	UNNAMED	FUN_000b3bb0
000b3cb0	GAME_PORTABLE	13	UNNAMED	FUN_000b3cb0
000bd4d0	GAME_UNIQUE	13	UNNAMED	FUN_000bd4d0
000be160	GAME_UNIQUE	13	named	IWorld::vfunc59
000d4470	GAME_UNIQUE	13	UNNAMED	FUN_000d4470
000def50	GAME_PORTABLE	13	named	CCombatNodeHandler::vfunc371
000e16e0	GAME_UNIQUE	13	named	CCombatNode::vfunc11
000e1700	GAME_UNIQUE	13	named	CCombatNode::vfunc12
000e1720	GAME_UNIQUE	13	named	CCombatNode::vfunc13
000e1740	GAME_UNIQUE	13	named	CCombatNode::vfunc14
000e17c0	GAME_UNIQUE	13	named	CCombatNode::vfunc17
000e47d0	GAME_PORTABLE	13	UNNAMED	FUN_000e47d0
000e55d0	GAME_PORTABLE	13	UNNAMED	FUN_000e55d0
000e5760	GAME_UNIQUE	13	UNNAMED	FUN_000e5760
000e5cb0	GAME_UNIQUE	13	UNNAMED	FUN_000e5cb0
000e5d90	GAME_PORTABLE	13	UNNAMED	FUN_000e5d90
000edc30	GAME_UNIQUE	13	UNNAMED	FUN_000edc30
000f9e40	GAME_PORTABLE	13	UNNAMED	FUN_000f9e40
000fda40	GAME_UNIQUE	13	UNNAMED	FUN_000fda40
00117680	GAME_PORTABLE	13	named	IInput::vfunc33
0011ee10	GAME_UNIQUE	13	named	CMemoryCardXBox::vfunc28
00120f70	GAME_UNIQUE	13	named	CAnimDBPrecacher::vfunc39
00131660	GAME_UNIQUE	13	named	GetMemoryPool
001326e0	GAME_UNIQUE	13	UNNAMED	FUN_001326e0
00135c70	GAME_PORTABLE	13	named	CModelIGB::vfunc37
00137e40	GAME_UNIQUE	13	named	CModelIGB::vfunc95
0013d320	GAME_UNIQUE	13	UNNAMED	FUN_0013d320
0013dfb0	GAME_PORTABLE	13	UNNAMED	FUN_0013dfb0
00143590	GAME_UNIQUE	13	UNNAMED	FUN_00143590
0014b8a0	GAME_PORTABLE	13	named	CZonePlayfield::vfunc8
0014b8d0	GAME_PORTABLE	13	named	CZonePlayfield::vfunc9
0014b900	GAME_PORTABLE	13	named	CZonePlayfield::vfunc11
0014b930	GAME_PORTABLE	13	named	CZonePlayfield::vfunc12
00153fb0	GAME_UNIQUE	13	named	CHud::vfunc23
0016e1d0	GAME_UNIQUE	13	named	CMenuCredits::vfunc27
00177be0	GAME_UNIQUE	13	UNNAMED	FUN_00177be0
0017b840	GAME_UNIQUE	13	UNNAMED	FUN_0017b840
00180e50	GAME_PORTABLE	13	named	tmpl__AV_tree_base_U_value_semantics_node_V_handle_str_01_00Vtree_node_ratl_storage_ratl_ratl_::vfunc58
001818b0	GAME_UNIQUE	13	named	tmpl__AV_tree_base_U_value_semantics_node_V_handle_str_01_00Vtree_node_ratl_storage_ratl_ratl_::vfunc86
00186e20	GAME_UNIQUE	13	named	CPopupDialog::vfunc14
001892e0	GAME_UNIQUE	13	UNNAMED	FUN_001892e0
0018a210	GAME_PORTABLE	13	UNNAMED	FUN_0018a210
0018cb40	GAME_UNIQUE	13	UNNAMED	FUN_0018cb40
00199dd0	GAME_UNIQUE	13	UNNAMED	FUN_00199dd0
001f8220	GAME_UNIQUE	13	UNNAMED	FUN_001f8220
001f8320	GAME_UNIQUE	13	UNNAMED	FUN_001f8320
00219be0	GAME_UNIQUE	13	UNNAMED	FUN_00219be0
0023fb20	XMEN_SERIES	13	UNNAMED	FUN_0023fb20
0024dfb0	GAME_UNIQUE	13	UNNAMED	FUN_0024dfb0
00298860	GAME_UNIQUE	13	UNNAMED	FUN_00298860
002fa148	GAME_UNIQUE	13	UNNAMED	FUN_002fa148
00307890	GAME_UNIQUE	13	UNNAMED	FUN_00307890
00308d40	GAME_UNIQUE	13	UNNAMED	FUN_00308d40
00311eb0	GAME_UNIQUE	13	UNNAMED	FUN_00311eb0
003126b0	GAME_UNIQUE	13	UNNAMED	FUN_003126b0
003153d0	XMEN_SERIES	13	UNNAMED	FUN_003153d0
00320740	GAME_UNIQUE	13	UNNAMED	FUN_00320740
00321b20	GAME_UNIQUE	13	UNNAMED	FUN_00321b20
00329df0	GAME_UNIQUE	13	UNNAMED	FUN_00329df0
00329f10	GAME_UNIQUE	13	UNNAMED	FUN_00329f10
0032c3d0	GAME_UNIQUE	13	UNNAMED	FUN_0032c3d0
0032c400	GAME_UNIQUE	13	UNNAMED	FUN_0032c400
00340d86	GAME_UNIQUE	13	named	___onexitinit
00367e30	XMEN_SERIES	13	named	D3D8__D3DDevice_Begin
00012eb0	GAME_UNIQUE	12	named	BoundingVolume_Ctor_Derived
00013090	GAME_UNIQUE	12	named	CFxDLightPrimitive::vfunc24
000131d0	GAME_UNIQUE	12	named	BoundingVolume_Ctor_ComplexNode
000132c0	GAME_UNIQUE	12	named	BoundingVolume_Ctor_ExtendedNode
000188c0	GAME_UNIQUE	12	UNNAMED	FUN_000188c0
0001cb90	GAME_PORTABLE	12	named	CFxPrimitiveBase::vfunc60
0001cc20	GAME_PORTABLE	12	named	CFxParticleCloudPrimitive::vfunc2
0001cdc0	GAME_PORTABLE	12	named	CFxPrimitiveBase::vfunc16
0001cdf0	GAME_PORTABLE	12	named	CFxPrimitiveBase::vfunc20
0001ecd0	GAME_PORTABLE	12	named	CFxDLightPrimitive::vfunc55
0002ec40	GAME_PORTABLE	12	UNNAMED	FUN_0002ec40
0002f600	GAME_UNIQUE	12	UNNAMED	FUN_0002f600
00030d90	GAME_UNIQUE	12	UNNAMED	FUN_00030d90
00030dc0	GAME_UNIQUE	12	UNNAMED	FUN_00030dc0
00034770	GAME_UNIQUE	12	UNNAMED	FUN_00034770
000360d0	GAME_UNIQUE	12	UNNAMED	FUN_000360d0
000494c0	GAME_UNIQUE	12	UNNAMED	FUN_000494c0
000579e0	GAME_UNIQUE	12	UNNAMED	FUN_000579e0
00066a90	GAME_UNIQUE	12	UNNAMED	FUN_00066a90
0006b4b0	GAME_UNIQUE	12	UNNAMED	FUN_0006b4b0
0006c4f0	GAME_UNIQUE	12	UNNAMED	FUN_0006c4f0
0006d190	GAME_UNIQUE	12	UNNAMED	FUN_0006d190
0006dfd0	GAME_UNIQUE	12	UNNAMED	FUN_0006dfd0
0006e070	GAME_UNIQUE	12	UNNAMED	FUN_0006e070
0006e9e0	GAME_PORTABLE	12	UNNAMED	FUN_0006e9e0
0006fba0	GAME_PORTABLE	12	named	CGame::vfunc51
00074b40	GAME_UNIQUE	12	named	tmpl__AV_COnlyOneEvent_VCActor_VEFirstEquipment_::vfunc60
00076f70	GAME_PORTABLE	12	named	tmpl__AV_COnlyOneEventArgs_VCGameEntity_VESetOwner_VCEntityID_::vfunc0
0007e4e0	GAME_UNIQUE	12	named	CInventorySystem::vfunc38
0007e510	GAME_UNIQUE	12	named	CInventorySystem::vfunc39
0007e540	GAME_UNIQUE	12	named	CInventorySystem::vfunc40
00080280	GAME_UNIQUE	12	named	IMap::vfunc46
00080c80	GAME_UNIQUE	12	UNNAMED	FUN_00080c80
00084da0	GAME_UNIQUE	12	UNNAMED	FUN_00084da0
00084df0	GAME_UNIQUE	12	UNNAMED	FUN_00084df0
000893f0	GAME_UNIQUE	12	named	CMultipart::vfunc15
0008f0e0	GAME_UNIQUE	12	named	CPathGrid::vfunc14
0008f130	GAME_UNIQUE	12	UNNAMED	FUN_0008f130
00093ba0	GAME_PORTABLE	12	UNNAMED	FUN_00093ba0
00093c50	GAME_PORTABLE	12	UNNAMED	FUN_00093c50
000a0e20	GAME_UNIQUE	12	UNNAMED	FUN_000a0e20
000a6470	GAME_UNIQUE	12	UNNAMED	FUN_000a6470
000a81f0	GAME_UNIQUE	12	named	GetParticleManager
000aa4f0	GAME_PORTABLE	12	named	CScriptTriggerEntity::vfunc59
000af860	GAME_UNIQUE	12	UNNAMED	FUN_000af860
000b4fb0	GAME_PORTABLE	12	named	tmpl__AV_tree_base_U_value_semantics_node_V_string_vs_0CA_ratl_0JG_Vtree_node_2_storage_ratl_ratl_::vfunc3
000bd520	GAME_UNIQUE	12	UNNAMED	FUN_000bd520
000be850	GAME_UNIQUE	12	named	IWorld::vfunc56
000bf630	GAME_PORTABLE	12	UNNAMED	FUN_000bf630
000cb460	GAME_PORTABLE	12	named	CVariable::vfunc59
000de390	GAME_PORTABLE	12	named	CCombatNodeHandler::vfunc64
000e34b0	GAME_PORTABLE	12	named	tmpl__AV_tree_base_U_value_semantics_node_V_string_vs_0CA_ratl_0JG_Vtree_node_2_storage_ratl_ratl_::vfunc2
000e4fa0	GAME_PORTABLE	12	UNNAMED	FUN_000e4fa0
000e5890	GAME_PORTABLE	12	UNNAMED	FUN_000e5890
000e5a40	GAME_UNIQUE	12	UNNAMED	FUN_000e5a40
000e5c30	GAME_UNIQUE	12	UNNAMED	FUN_000e5c30
000e9e20	GAME_UNIQUE	12	UNNAMED	FUN_000e9e20
000f7a70	XMEN_SERIES	12	UNNAMED	FUN_000f7a70
000f8610	GAME_PORTABLE	12	named	CAI::vfunc91
000f9120	GAME_UNIQUE	12	named	CAI::vfunc18
000fc490	GAME_PORTABLE	12	UNNAMED	FUN_000fc490
0010f760	GAME_UNIQUE	12	UNNAMED	FUN_0010f760
00117650	GAME_PORTABLE	12	named	IInput::vfunc31
0011bf50	GAME_UNIQUE	12	named	IClock::vfunc18
0011bfc0	GAME_UNIQUE	12	named	IClock::vfunc13
0011cd90	GAME_UNIQUE	12	named	GetConsole
00120ee0	GAME_UNIQUE	12	named	CAnimDBPrecacher::vfunc8
00120fa0	GAME_UNIQUE	12	named	CAnimDBPrecacher::vfunc24
00124520	GAME_PORTABLE	12	named	CVariable::vfunc60
00125890	GAME_UNIQUE	12	UNNAMED	FUN_00125890
00127f10	GAME_UNIQUE	12	named	TiXmlComment::vfunc4
0012dcd0	GAME_UNIQUE	12	UNNAMED	FUN_0012dcd0
00132ec0	XMEN_SERIES	12	named	CModelIGB::vfunc42
00134f00	XMEN_SERIES	12	named	IModelComponent::vfunc60
001369a0	GAME_UNIQUE	12	named	CModelIGB::vfunc55
00137e70	GAME_UNIQUE	12	UNNAMED	FUN_00137e70
001380a0	GAME_UNIQUE	12	named	GlobalEngine_GetInstance_001380a0
001483f0	GAME_PORTABLE	12	named	CUIFrame::vfunc3
0014e560	GAME_UNIQUE	12	UNNAMED	FUN_0014e560
0014efc0	GAME_PORTABLE	12	named	tmpl__AV_tree_base_U_value_semantics_node_USFxFileRecord_CFxTemplateManager_0KP_Vtree_node_ratl_stora::vfunc2
00151ef0	GAME_UNIQUE	12	named	GetFontManager
00152650	GAME_UNIQUE	12	named	GetParticleEngine
00154130	GAME_UNIQUE	12	named	CHud::vfunc21
00154160	GAME_UNIQUE	12	named	CHud::vfunc22
001542d0	GAME_UNIQUE	12	named	CHud::vfunc6
001542f0	GAME_UNIQUE	12	named	CHud::vfunc7
001611a0	GAME_UNIQUE	12	UNNAMED	FUN_001611a0
00162960	GAME_UNIQUE	12	UNNAMED	FUN_00162960
00176ef0	GAME_PORTABLE	12	UNNAMED	FUN_00176ef0
0017d590	GAME_UNIQUE	12	named	CMenuItemText::vfunc23
0017e6b0	GAME_PORTABLE	12	UNNAMED	FUN_0017e6b0
0017ee00	GAME_PORTABLE	12	named	CMenuMovie::vfunc5
00180e20	GAME_UNIQUE	12	named	tmpl__AV_tree_base_U_value_semantics_node_V_handle_str_01_00Vtree_node_ratl_storage_ratl_ratl_::vfunc55
00182b30	GAME_PORTABLE	12	named	tmpl__AV_tree_base_U_value_semantics_node_V_handle_str_01_00Vtree_node_ratl_storage_ratl_ratl_::vfunc69
001832e0	GAME_PORTABLE	12	named	tmpl__AV_tree_base_U_value_semantics_node_USFxFileRecord_CFxTemplateManager_0KP_Vtree_node_ratl_stora::vfunc3
00183900	GAME_UNIQUE	12	named	tmpl__AV_tree_base_U_value_semantics_node_V_handle_str_01_00Vtree_node_ratl_storage_ratl_ratl_::vfunc89
00187d60	GAME_PORTABLE	12	named	CHudInputMap::vfunc10
0018a270	GAME_PORTABLE	12	UNNAMED	FUN_0018a270
0018c150	GAME_UNIQUE	12	UNNAMED	FUN_0018c150
00193da0	GAME_UNIQUE	12	named	CDisplay::vfunc16
00193dc0	GAME_UNIQUE	12	named	CDisplay::vfunc17
00193de0	GAME_UNIQUE	12	named	CDisplay::vfunc18
001f81f0	GAME_UNIQUE	12	UNNAMED	FUN_001f81f0
0025c690	GAME_UNIQUE	12	UNNAMED	FUN_0025c690
00312150	GAME_UNIQUE	12	UNNAMED	FUN_00312150
0032f3a0	GAME_UNIQUE	12	UNNAMED	FUN_0032f3a0
0033a470	GAME_UNIQUE	12	UNNAMED	FUN_0033a470
0034b1a4	GAME_UNIQUE	12	UNNAMED	FUN_0034b1a4
0034d220	GAME_UNIQUE	12	UNNAMED	FUN_0034d220
0034d260	GAME_UNIQUE	12	UNNAMED	FUN_0034d260
0037272b	GAME_UNIQUE	12	named	DSOUND__CHRTFSource_SetLightHRTF5Channel
003ac304	GAME_UNIQUE	12	UNNAMED	FUN_003ac304
00012090	XMEN_SERIES	11	named	Matrix3x3_FromEulerDegrees
0001d560	GAME_UNIQUE	11	named	CFxParticleCloudPrimitive::vfunc58
0001d600	GAME_PORTABLE	11	UNNAMED	FUN_0001d600
00025370	GAME_UNIQUE	11	UNNAMED	FUN_00025370
00025bf0	GAME_PORTABLE	11	UNNAMED	FUN_00025bf0
0002e150	GAME_UNIQUE	11	named	CActor::vfunc121
0002f5d0	GAME_UNIQUE	11	UNNAMED	FUN_0002f5d0
0003a2f0	GAME_UNIQUE	11	UNNAMED	FUN_0003a2f0
0003acf0	GAME_UNIQUE	11	UNNAMED	FUN_0003acf0
00046b40	GAME_UNIQUE	11	named	CAffectableHarmEntity::vfunc52
00047380	GAME_UNIQUE	11	UNNAMED	FUN_00047380
000496b0	GAME_PORTABLE	11	UNNAMED	FUN_000496b0
00050450	GAME_PORTABLE	11	named	CCamera::vfunc13
00052a50	GAME_PORTABLE	11	UNNAMED	FUN_00052a50
000541a0	GAME_PORTABLE	11	named	tmpl__AV_map_vs_V_handle_str_0A_E_0PP_ratl_::vfunc12
00056e30	GAME_UNIQUE	11	named	tmpl__AV_map_vs_V_handle_str_0A_E_0PP_ratl_::vfunc43
00059af0	GAME_PORTABLE	11	UNNAMED	FUN_00059af0
0005cb90	GAME_UNIQUE	11	named	CCombatSystem::vfunc19
0006eec0	GAME_PORTABLE	11	named	CGame::vfunc9
0006f110	GAME_UNIQUE	11	named	CGame::vfunc17
0006fab0	GAME_PORTABLE	11	named	CGame::vfunc47
0007c400	GAME_UNIQUE	11	UNNAMED	FUN_0007c400
00084340	GAME_UNIQUE	11	named	CMissionMgr::vfunc10
00084500	GAME_UNIQUE	11	UNNAMED	FUN_00084500
00086530	GAME_UNIQUE	11	UNNAMED	FUN_00086530
00088740	GAME_PORTABLE	11	UNNAMED	FUN_00088740
00089440	GAME_UNIQUE	11	named	CMultipart::vfunc9
0008c5f0	GAME_UNIQUE	11	named	COptions::vfunc8
0008d070	GAME_UNIQUE	11	UNNAMED	FUN_0008d070
000946d0	GAME_UNIQUE	11	UNNAMED	FUN_000946d0
00094a50	GAME_UNIQUE	11	UNNAMED	FUN_00094a50
000a5280	GAME_UNIQUE	11	named	CSaveLoad::vfunc7
000b3540	GAME_PORTABLE	11	named	CTalentSystem::vfunc5
000bfa20	GAME_UNIQUE	11	UNNAMED	FUN_000bfa20
000c6cf0	GAME_UNIQUE	11	UNNAMED	FUN_000c6cf0
000c7e10	GAME_UNIQUE	11	UNNAMED	FUN_000c7e10
000c80d0	GAME_PORTABLE	11	UNNAMED	FUN_000c80d0
000c9ca0	GAME_PORTABLE	11	UNNAMED	FUN_000c9ca0
000caa30	GAME_UNIQUE	11	UNNAMED	FUN_000caa30
000daaf0	GAME_UNIQUE	11	named	CCombatNodeHandler::vfunc192
000dcf00	GAME_PORTABLE	11	named	CCombatNodeHandler::vfunc38
000e0e20	GAME_UNIQUE	11	named	CCombatNodeHandler::vfunc308
000e4300	GAME_UNIQUE	11	UNNAMED	FUN_000e4300
000e46a0	GAME_UNIQUE	11	UNNAMED	FUN_000e46a0
000e5960	GAME_UNIQUE	11	UNNAMED	FUN_000e5960
000ede60	GAME_UNIQUE	11	named	CAIRangedAttackHandler::vfunc21
00103370	GAME_PORTABLE	11	UNNAMED	FUN_00103370
0011fc00	GAME_UNIQUE	11	named	CMemoryCardXBox::vfunc15
00130470	GAME_PORTABLE	11	UNNAMED	FUN_00130470
00136740	GAME_UNIQUE	11	named	CModelIGB::vfunc72
001389e0	GAME_PORTABLE	11	UNNAMED	FUN_001389e0
0013ce20	GAME_PORTABLE	11	named	CMotionPath::vfunc9
001436a0	GAME_UNIQUE	11	UNNAMED	FUN_001436a0
001439b0	GAME_UNIQUE	11	named	IPlayfield::vfunc43
001463d0	GAME_UNIQUE	11	UNNAMED	FUN_001463d0
00149830	GAME_UNIQUE	11	UNNAMED	FUN_00149830
0014e430	GAME_UNIQUE	11	UNNAMED	FUN_0014e430
0014e620	GAME_PORTABLE	11	UNNAMED	FUN_0014e620
00150c80	GAME_UNIQUE	11	UNNAMED	FUN_00150c80
00154410	GAME_PORTABLE	11	UNNAMED	FUN_00154410
0015caa0	GAME_PORTABLE	11	UNNAMED	FUN_0015caa0
001608e0	GAME_UNIQUE	11	named	CMenu::vfunc6
00163d20	GAME_UNIQUE	11	UNNAMED	FUN_00163d20
00164020	GAME_UNIQUE	11	UNNAMED	FUN_00164020
00164680	GAME_PORTABLE	11	UNNAMED	FUN_00164680
00171e90	GAME_UNIQUE	11	UNNAMED	FUN_00171e90
00178b20	GAME_UNIQUE	11	named	CMenuItemListBox::vfunc1
0017ab70	GAME_UNIQUE	11	UNNAMED	FUN_0017ab70
0017ad50	GAME_UNIQUE	11	UNNAMED	FUN_0017ad50
0017df70	GAME_PORTABLE	11	UNNAMED	FUN_0017df70
00180180	GAME_UNIQUE	11	named	CMenuReviewPaths::vfunc11
001812a0	GAME_UNIQUE	11	named	tmpl__AV_tree_base_U_value_semantics_node_V_handle_str_01_00Vtree_node_ratl_storage_ratl_ratl_::vfunc53
00189310	GAME_UNIQUE	11	UNNAMED	FUN_00189310
0018a240	GAME_UNIQUE	11	UNNAMED	FUN_0018a240
001a97d0	GAME_UNIQUE	11	UNNAMED	FUN_001a97d0
001b3870	GAME_UNIQUE	11	UNNAMED	FUN_001b3870
001b80d0	GAME_UNIQUE	11	UNNAMED	FUN_001b80d0
001fdb00	GAME_UNIQUE	11	UNNAMED	FUN_001fdb00
0021a090	GAME_UNIQUE	11	UNNAMED	FUN_0021a090
00247220	GAME_UNIQUE	11	UNNAMED	FUN_00247220
0025fb90	XMEN_SERIES	11	UNNAMED	FUN_0025fb90
002932b0	GAME_UNIQUE	11	UNNAMED	FUN_002932b0
00293730	GAME_UNIQUE	11	UNNAMED	FUN_00293730
00294a20	GAME_UNIQUE	11	UNNAMED	FUN_00294a20
0029b250	GAME_UNIQUE	11	UNNAMED	FUN_0029b250
003072a0	GAME_UNIQUE	11	UNNAMED	FUN_003072a0
00307360	GAME_UNIQUE	11	UNNAMED	FUN_00307360
0030ce30	GAME_UNIQUE	11	UNNAMED	FUN_0030ce30
0030db50	GAME_UNIQUE	11	UNNAMED	FUN_0030db50
0030ef30	GAME_UNIQUE	11	UNNAMED	FUN_0030ef30
0030f530	GAME_UNIQUE	11	UNNAMED	FUN_0030f530
0030ffb0	GAME_UNIQUE	11	UNNAMED	FUN_0030ffb0
00328310	GAME_UNIQUE	11	UNNAMED	FUN_00328310
0032ece0	GAME_UNIQUE	11	UNNAMED	FUN_0032ece0
0033e2d0	GAME_UNIQUE	11	UNNAMED	FUN_0033e2d0
00340c20	GAME_UNIQUE	11	UNNAMED	FUN_00340c20
00012c40	GAME_PORTABLE	10	named	Queue_PopHead
00013150	GAME_UNIQUE	10	named	CFxDLightPrimitive::vfunc234
00013290	GAME_UNIQUE	10	named	CFxDLightPrimitive::vfunc116
00013740	GAME_PORTABLE	10	named	CFxTextPrimitive::vfunc60
000160e0	GAME_UNIQUE	10	named	SpatialManager_InitSubPool16_000160e0
000250a0	GAME_PORTABLE	10	UNNAMED	FUN_000250a0
00026be0	GAME_UNIQUE	10	UNNAMED	FUN_00026be0
00028ff0	GAME_UNIQUE	10	UNNAMED	FUN_00028ff0
0002e650	GAME_UNIQUE	10	UNNAMED	FUN_0002e650
00030660	GAME_PORTABLE	10	UNNAMED	FUN_00030660
000345b0	GAME_UNIQUE	10	UNNAMED	FUN_000345b0
00034600	GAME_UNIQUE	10	UNNAMED	FUN_00034600
00034740	XMEN_SERIES	10	UNNAMED	FUN_00034740
00034dd0	GAME_PORTABLE	10	UNNAMED	FUN_00034dd0
00036ce0	GAME_UNIQUE	10	UNNAMED	FUN_00036ce0
00043e60	GAME_PORTABLE	10	UNNAMED	FUN_00043e60
00046500	GAME_UNIQUE	10	UNNAMED	FUN_00046500
00046af0	GAME_UNIQUE	10	UNNAMED	FUN_00046af0
00049480	GAME_PORTABLE	10	UNNAMED	FUN_00049480
00051da0	GAME_PORTABLE	10	UNNAMED	FUN_00051da0
00056d90	GAME_UNIQUE	10	named	tmpl__AV_map_vs_V_handle_str_0A_E_0PP_ratl_::vfunc37
000573e0	GAME_PORTABLE	10	UNNAMED	FUN_000573e0
00057890	GAME_PORTABLE	10	UNNAMED	FUN_00057890
00068130	GAME_UNIQUE	10	UNNAMED	FUN_00068130
000683f0	GAME_UNIQUE	10	UNNAMED	FUN_000683f0
00069b50	GAME_PORTABLE	10	UNNAMED	FUN_00069b50
00069d00	GAME_PORTABLE	10	UNNAMED	FUN_00069d00
0006e9b0	GAME_PORTABLE	10	named	CGame::vfunc45
00074e60	GAME_UNIQUE	10	UNNAMED	FUN_00074e60
00075fa0	XMEN_SERIES	10	named	tmpl__AV_COnlyOneEvent_VCActor_VEFirstEquipment_::vfunc28
0007e3a0	GAME_UNIQUE	10	named	CInventorySystem::vfunc22
00084390	GAME_PORTABLE	10	UNNAMED	FUN_00084390
00084dd0	GAME_UNIQUE	10	UNNAMED	FUN_00084dd0
00084e20	GAME_UNIQUE	10	UNNAMED	FUN_00084e20
0008a210	GAME_UNIQUE	10	named	CMultiplayer::vfunc11
0008c050	GAME_UNIQUE	10	named	COptions::vfunc3
0008c8f0	GAME_UNIQUE	10	UNNAMED	FUN_0008c8f0
0008c910	GAME_UNIQUE	10	UNNAMED	FUN_0008c910
0008f040	GAME_UNIQUE	10	UNNAMED	FUN_0008f040
00090fe0	GAME_UNIQUE	10	UNNAMED	FUN_00090fe0
00098250	GAME_UNIQUE	10	named	CProjectileTornadoEntity::vfunc71
000a12b0	GAME_PORTABLE	10	UNNAMED	FUN_000a12b0
000a41f0	GAME_UNIQUE	10	UNNAMED	FUN_000a41f0
000a5230	GAME_UNIQUE	10	named	CSaveLoad::vfunc4
000aa140	GAME_UNIQUE	10	UNNAMED	FUN_000aa140
000aa790	GAME_PORTABLE	10	named	CScriptTriggerEntity::vfunc102
000aab70	GAME_UNIQUE	10	UNNAMED	FUN_000aab70
000ad860	GAME_UNIQUE	10	UNNAMED	FUN_000ad860
000b1120	GAME_UNIQUE	10	UNNAMED	FUN_000b1120
000b3440	GAME_UNIQUE	10	UNNAMED	FUN_000b3440
000b8520	GAME_UNIQUE	10	UNNAMED	FUN_000b8520
000be450	GAME_UNIQUE	10	UNNAMED	FUN_000be450
000c0060	GAME_PORTABLE	10	UNNAMED	FUN_000c0060
000ca8e0	GAME_PORTABLE	10	UNNAMED	FUN_000ca8e0
000cae90	GAME_UNIQUE	10	UNNAMED	FUN_000cae90
000da2b0	GAME_UNIQUE	10	named	CCombatNodeHandler::vfunc407
000dc6f0	GAME_UNIQUE	10	named	CCombatNodeHandler::vfunc292
000de470	GAME_UNIQUE	10	named	CCombatNodeHandler::vfunc75
000e0de0	GAME_UNIQUE	10	named	CCombatNodeHandler::vfunc344
000e4520	GAME_UNIQUE	10	UNNAMED	FUN_000e4520
000e4580	GAME_UNIQUE	10	UNNAMED	FUN_000e4580
000e59d0	GAME_PORTABLE	10	UNNAMED	FUN_000e59d0
000ed350	GAME_UNIQUE	10	UNNAMED	FUN_000ed350
000f07a0	GAME_UNIQUE	10	UNNAMED	FUN_000f07a0
000f4460	GAME_UNIQUE	10	UNNAMED	FUN_000f4460
000fc1c0	GAME_UNIQUE	10	UNNAMED	FUN_000fc1c0
000fc4d0	GAME_UNIQUE	10	UNNAMED	FUN_000fc4d0
0010dc90	GAME_PORTABLE	10	UNNAMED	FUN_0010dc90
00111eb0	GAME_UNIQUE	10	UNNAMED	FUN_00111eb0
001177b0	GAME_UNIQUE	10	named	CInput::vfunc5
0011a7a0	GAME_PORTABLE	10	UNNAMED	FUN_0011a7a0
00126c30	GAME_UNIQUE	10	UNNAMED	FUN_00126c30
00129900	GAME_UNIQUE	10	UNNAMED	FUN_00129900
0012ef70	GAME_PORTABLE	10	UNNAMED	FUN_0012ef70
001388c0	GAME_UNIQUE	10	named	CModelIGB::vfunc61
0013dda0	GAME_PORTABLE	10	UNNAMED	FUN_0013dda0
00145b40	GAME_PORTABLE	10	UNNAMED	FUN_00145b40
00145b70	GAME_UNIQUE	10	UNNAMED	FUN_00145b70
00145c00	GAME_UNIQUE	10	UNNAMED	FUN_00145c00
00145c60	GAME_UNIQUE	10	UNNAMED	FUN_00145c60
00149540	GAME_UNIQUE	10	UNNAMED	FUN_00149540
00150bd0	GAME_UNIQUE	10	UNNAMED	FUN_00150bd0
001517c0	GAME_PORTABLE	10	UNNAMED	FUN_001517c0
00151f80	GAME_UNIQUE	10	named	CAutoMap::vfunc6
00159250	GAME_UNIQUE	10	named	CHudCharacter::vfunc37
00159e30	GAME_PORTABLE	10	named	CHudCharacter::vfunc5
0015e990	GAME_PORTABLE	10	UNNAMED	FUN_0015e990
00160be0	GAME_UNIQUE	10	named	CMenu::vfunc15
00160c00	GAME_UNIQUE	10	named	CMenu::vfunc11
001659b0	GAME_PORTABLE	10	UNNAMED	FUN_001659b0
00173f10	GAME_UNIQUE	10	named	CMenuItemActorModel::vfunc7
00174840	GAME_UNIQUE	10	named	CMenuItemBinary::vfunc11
00177050	GAME_UNIQUE	10	UNNAMED	FUN_00177050
0017ebc0	GAME_PORTABLE	10	named	CMenuMovie::vfunc27
001838e0	GAME_UNIQUE	10	named	tmpl__AV_tree_base_U_value_semantics_node_V_handle_str_01_00Vtree_node_ratl_storage_ratl_ratl_::vfunc87
00183c00	GAME_PORTABLE	10	named	tmpl__AV_tree_base_U_value_semantics_node_V_handle_str_01_00Vtree_node_ratl_storage_ratl_ratl_::vfunc113
00183c30	GAME_PORTABLE	10	named	tmpl__AV_tree_base_U_value_semantics_node_V_handle_str_01_00Vtree_node_ratl_storage_ratl_ratl_::vfunc115
0018dd00	GAME_PORTABLE	10	UNNAMED	FUN_0018dd00
00194170	GAME_PORTABLE	10	named	CDisplay::vfunc32
00194190	GAME_PORTABLE	10	named	CDisplay::vfunc33
0019a1b0	GAME_UNIQUE	10	UNNAMED	FUN_0019a1b0
001a75c0	GAME_UNIQUE	10	UNNAMED	FUN_001a75c0
0024dd10	GAME_UNIQUE	10	UNNAMED	FUN_0024dd10
002937a0	GAME_UNIQUE	10	UNNAMED	FUN_002937a0
00295140	GAME_UNIQUE	10	UNNAMED	FUN_00295140
0032a430	GAME_UNIQUE	10	UNNAMED	FUN_0032a430
0033ea30	GAME_UNIQUE	10	UNNAMED	FUN_0033ea30
00340f24	GAME_UNIQUE	10	UNNAMED	FUN_00340f24
00341402	GAME_UNIQUE	10	UNNAMED	FUN_00341402
0034142e	GAME_UNIQUE	10	UNNAMED	FUN_0034142e
003c43da	GAME_UNIQUE	10	UNNAMED	FUN_003c43da
000126d0	GAME_PORTABLE	9	named	IntegerPowerToFloat
00023780	GAME_PORTABLE	9	UNNAMED	FUN_00023780
000272f0	GAME_UNIQUE	9	named	tmpl__AV_COnlyOneEvent_VCActor_VEFirstEquipment_::vfunc57
000276f0	GAME_UNIQUE	9	UNNAMED	FUN_000276f0
00027720	GAME_UNIQUE	9	UNNAMED	FUN_00027720
00029080	GAME_PORTABLE	9	UNNAMED	FUN_00029080
000290d0	GAME_UNIQUE	9	UNNAMED	FUN_000290d0
0002e1f0	GAME_UNIQUE	9	named	CActor::vfunc60
0002ec70	GAME_UNIQUE	9	named	CActor::vfunc34
0003a210	GAME_UNIQUE	9	named	CActor::vfunc114
00047430	GAME_UNIQUE	9	UNNAMED	FUN_00047430
000476a0	GAME_UNIQUE	9	UNNAMED	FUN_000476a0
000541c0	GAME_UNIQUE	9	named	tmpl__AV_map_vs_V_handle_str_0A_E_0PP_ratl_::vfunc8
000598e0	GAME_UNIQUE	9	named	CCombatSystem::vfunc3
0005f770	GAME_UNIQUE	9	UNNAMED	FUN_0005f770
000605f0	GAME_UNIQUE	9	UNNAMED	FUN_000605f0
0006a1b0	GAME_PORTABLE	9	UNNAMED	FUN_0006a1b0
0006ad70	GAME_UNIQUE	9	named	CEntityGrid::vfunc11
0006f400	GAME_UNIQUE	9	named	CGame::vfunc61
00070750	GAME_UNIQUE	9	named	CGame::vfunc105
0007e270	GAME_UNIQUE	9	named	CInventorySystem::vfunc7
0007e3d0	GAME_UNIQUE	9	named	CInventorySystem::vfunc25
0007e3f0	GAME_UNIQUE	9	named	CInventorySystem::vfunc27
0007e410	GAME_UNIQUE	9	named	CInventorySystem::vfunc28
0007e430	GAME_UNIQUE	9	named	CInventorySystem::vfunc29
0007e4a0	GAME_UNIQUE	9	named	CInventorySystem::vfunc32
0007e4c0	GAME_UNIQUE	9	named	CInventorySystem::vfunc26
000850d0	GAME_UNIQUE	9	UNNAMED	FUN_000850d0
0008c0e0	GAME_PORTABLE	9	named	COptions::vfunc20
000a2ac0	GAME_UNIQUE	9	UNNAMED	FUN_000a2ac0
000a5310	GAME_UNIQUE	9	named	CSaveLoad::vfunc8
000a5350	GAME_UNIQUE	9	named	CSaveLoad::vfunc12
000aa5b0	GAME_PORTABLE	9	named	tmpl__AV_CEntityFactory_VCScriptTriggerEntity_VCGameEntity_::vfunc9
000afa20	GAME_UNIQUE	9	UNNAMED	FUN_000afa20
000b6200	GAME_UNIQUE	9	UNNAMED	FUN_000b6200
000bd5f0	GAME_UNIQUE	9	UNNAMED	FUN_000bd5f0
000bee40	GAME_UNIQUE	9	UNNAMED	FUN_000bee40
000bee70	GAME_UNIQUE	9	UNNAMED	FUN_000bee70
000bf9a0	GAME_PORTABLE	9	UNNAMED	FUN_000bf9a0
000c6cd0	GAME_UNIQUE	9	UNNAMED	FUN_000c6cd0
000c7ce0	GAME_UNIQUE	9	UNNAMED	FUN_000c7ce0
000c8010	GAME_UNIQUE	9	UNNAMED	FUN_000c8010
000e1af0	GAME_UNIQUE	9	named	CCombatNode::vfunc62
000e1d50	GAME_PORTABLE	9	named	CExtrnalCombatNodeInterface::vfunc11
000e1d70	GAME_PORTABLE	9	named	CExtrnalCombatNodeInterface::vfunc12
000e5830	GAME_PORTABLE	9	UNNAMED	FUN_000e5830
000e5860	GAME_PORTABLE	9	UNNAMED	FUN_000e5860
000e5e00	GAME_PORTABLE	9	UNNAMED	FUN_000e5e00
000f7290	GAME_UNIQUE	9	named	CAI::vfunc73
000f8e50	GAME_PORTABLE	9	named	CAI::vfunc69
000f8f90	XMEN_SERIES	9	named	CAI::vfunc76
000f8fb0	GAME_UNIQUE	9	named	CAI::vfunc77
000f9630	GAME_UNIQUE	9	named	CAI::vfunc113
000fc110	GAME_PORTABLE	9	UNNAMED	FUN_000fc110
0010f690	GAME_UNIQUE	9	UNNAMED	FUN_0010f690
001179a0	GAME_UNIQUE	9	named	CInput::vfunc12
0011c010	GAME_UNIQUE	9	named	IClock::vfunc16
00122870	GAME_PORTABLE	9	UNNAMED	FUN_00122870
00125bd0	GAME_UNIQUE	9	UNNAMED	FUN_00125bd0
001260e0	GAME_UNIQUE	9	UNNAMED	FUN_001260e0
00126100	GAME_UNIQUE	9	UNNAMED	FUN_00126100
0012e170	GAME_UNIQUE	9	named	CAnimMotion::vfunc3
0012e1e0	GAME_UNIQUE	9	named	CAnimMotion::vfunc1
001366e0	GAME_UNIQUE	9	named	CModelIGB::vfunc66
00138ae0	GAME_UNIQUE	9	named	CModelIGB::vfunc91
00143450	GAME_UNIQUE	9	named	IPlayfield::vfunc54
001435c0	GAME_UNIQUE	9	UNNAMED	FUN_001435c0
001459a0	GAME_UNIQUE	9	UNNAMED	FUN_001459a0
0014bd40	XMEN_SERIES	9	named	CZonePlayfield::vfunc15
0014bd70	XMEN_SERIES	9	named	CZonePlayfield::vfunc16
0014bda0	GAME_PORTABLE	9	named	CZonePlayfield::vfunc19
0014bdd0	GAME_PORTABLE	9	named	CZonePlayfield::vfunc20
0014fda0	GAME_UNIQUE	9	UNNAMED	FUN_0014fda0
00151700	GAME_PORTABLE	9	UNNAMED	FUN_00151700
00151fb0	GAME_UNIQUE	9	named	CAutoMap::vfunc16
00155a60	GAME_UNIQUE	9	named	CHud::vfunc1
00171e60	GAME_UNIQUE	9	UNNAMED	FUN_00171e60
001720d0	GAME_UNIQUE	9	UNNAMED	FUN_001720d0
00173610	GAME_PORTABLE	9	UNNAMED	FUN_00173610
0017fd50	GAME_UNIQUE	9	named	CMenuPlayers::vfunc8
0018a2a0	GAME_PORTABLE	9	UNNAMED	FUN_0018a2a0
0018aa80	GAME_UNIQUE	9	UNNAMED	FUN_0018aa80
00193cc0	GAME_PORTABLE	9	named	CDisplay::vfunc20
00199e20	GAME_UNIQUE	9	UNNAMED	FUN_00199e20
001a5a50	GAME_UNIQUE	9	UNNAMED	FUN_001a5a50
001a7850	GAME_UNIQUE	9	UNNAMED	FUN_001a7850
001a7a80	GAME_UNIQUE	9	UNNAMED	FUN_001a7a80
001a9080	GAME_UNIQUE	9	UNNAMED	FUN_001a9080
00215290	GAME_UNIQUE	9	UNNAMED	FUN_00215290
0021c4f0	GAME_UNIQUE	9	UNNAMED	FUN_0021c4f0
0025b730	GAME_UNIQUE	9	UNNAMED	FUN_0025b730
0025c7b0	GAME_UNIQUE	9	UNNAMED	FUN_0025c7b0
0025fa00	GAME_UNIQUE	9	UNNAMED	FUN_0025fa00
002615e0	GAME_UNIQUE	9	UNNAMED	FUN_002615e0
0029b070	GAME_UNIQUE	9	UNNAMED	FUN_0029b070
0029b100	GAME_UNIQUE	9	UNNAMED	FUN_0029b100
0029d760	GAME_UNIQUE	9	UNNAMED	FUN_0029d760
003073f0	GAME_UNIQUE	9	UNNAMED	FUN_003073f0
0030dc60	XMEN_SERIES	9	UNNAMED	FUN_0030dc60
0030f550	GAME_UNIQUE	9	UNNAMED	FUN_0030f550
0030ffd0	GAME_UNIQUE	9	UNNAMED	FUN_0030ffd0
00312d50	GAME_UNIQUE	9	UNNAMED	FUN_00312d50
0031d7a0	GAME_UNIQUE	9	UNNAMED	FUN_0031d7a0
00321c70	GAME_UNIQUE	9	UNNAMED	FUN_00321c70
0033f450	GAME_UNIQUE	9	UNNAMED	FUN_0033f450
0035adb0	GAME_UNIQUE	9	named	D3D8__D3DDevice_GetDeviceCaps
003c1dfb	GAME_UNIQUE	9	UNNAMED	FUN_003c1dfb
00011300	GAME_UNIQUE	8	named	refresh_timer_state
00012e20	GAME_PORTABLE	8	named	CFxPrimitiveBase::vfunc44
00012e40	GAME_PORTABLE	8	named	CFxPrimitiveBase::vfunc45
00012e60	GAME_PORTABLE	8	named	CFxPrimitiveBase::vfunc46
00012e80	GAME_UNIQUE	8	named	CFxPrimitiveBase::vfunc52
000130e0	GAME_PORTABLE	8	named	Object_SetProperties
000133d0	GAME_UNIQUE	8	named	CFxOrientedSpritePrimitive::vfunc13
0001cda0	GAME_PORTABLE	8	named	CFxPrimitiveBase::vfunc12
0001d110	GAME_PORTABLE	8	named	CFxPrimitiveBase::vfunc86
00025350	GAME_UNIQUE	8	named	ShutdownThreadTLS
00026ff0	GAME_UNIQUE	8	named	tmpl__AV_COnlyOneEvent_VCActor_VEFirstEquipment_::vfunc45
00027020	GAME_PORTABLE	8	named	tmpl__AV_COnlyOneEvent_VCActor_VEFirstEquipment_::vfunc47
00027050	GAME_PORTABLE	8	named	tmpl__AV_COnlyOneEvent_VCActor_VEFirstEquipment_::vfunc49
00027310	GAME_UNIQUE	8	UNNAMED	FUN_00027310
0002e2a0	GAME_UNIQUE	8	UNNAMED	FUN_0002e2a0
0002e2c0	GAME_UNIQUE	8	UNNAMED	FUN_0002e2c0
0002e380	GAME_UNIQUE	8	UNNAMED	FUN_0002e380
0002e3a0	GAME_UNIQUE	8	named	tmpl__AV_COnlyOneEvent_VCActor_VEFirstEquipment_::vfunc117
0002e680	GAME_UNIQUE	8	UNNAMED	FUN_0002e680
00036520	GAME_UNIQUE	8	UNNAMED	FUN_00036520
0003a260	GAME_UNIQUE	8	UNNAMED	FUN_0003a260
00043e40	GAME_UNIQUE	8	UNNAMED	FUN_00043e40
00046c80	GAME_UNIQUE	8	named	CAffectableHarmEntity::vfunc57
000496d0	GAME_PORTABLE	8	UNNAMED	FUN_000496d0
0004ab20	GAME_UNIQUE	8	named	CCamera::vfunc46
0004abb0	GAME_UNIQUE	8	named	CCamera::vfunc18
000503e0	GAME_UNIQUE	8	named	CCamera::vfunc29
00056e60	GAME_UNIQUE	8	named	tmpl__AV_map_vs_V_handle_str_0A_E_0PP_ratl_::vfunc36
00057420	GAME_PORTABLE	8	UNNAMED	FUN_00057420
0005e660	GAME_UNIQUE	8	named	FreeStaticStringPool
0005e6d0	GAME_UNIQUE	8	named	FreeGlobalEventTable
00065e10	GAME_UNIQUE	8	UNNAMED	FUN_00065e10
000692f0	GAME_PORTABLE	8	named	IEntityDefinitions::vfunc30
0006c080	GAME_UNIQUE	8	UNNAMED	FUN_0006c080
0006c0a0	GAME_UNIQUE	8	UNNAMED	FUN_0006c0a0
0006f2f0	GAME_UNIQUE	8	named	CGame::vfunc77
0007a660	GAME_UNIQUE	8	UNNAMED	FUN_0007a660
000803d0	XMEN_SERIES	8	named	IMap::vfunc51
00089420	GAME_UNIQUE	8	named	CMultipart::vfunc7
000894e0	GAME_UNIQUE	8	named	CMultipart::vfunc14
0008a600	GAME_UNIQUE	8	UNNAMED	FUN_0008a600
0008bff0	GAME_PORTABLE	8	named	COptions::vfunc11
000a53d0	GAME_PORTABLE	8	named	CSaveLoad::vfunc1
000a5400	GAME_UNIQUE	8	named	CSaveLoad::vfunc3
000a5bb0	GAME_UNIQUE	8	named	CSaveLoad::vfunc11
000a61a0	GAME_UNIQUE	8	UNNAMED	FUN_000a61a0
000aa6d0	GAME_UNIQUE	8	UNNAMED	FUN_000aa6d0
000af700	GAME_UNIQUE	8	UNNAMED	FUN_000af700
000af840	GAME_UNIQUE	8	UNNAMED	FUN_000af840
000b6050	GAME_UNIQUE	8	named	CTalent::vfunc10
000b6070	GAME_UNIQUE	8	named	CTalent::vfunc12
000b6220	GAME_UNIQUE	8	UNNAMED	FUN_000b6220
000b64e0	GAME_UNIQUE	8	named	CTileEntity::vfunc31
000bf6d0	GAME_PORTABLE	8	UNNAMED	FUN_000bf6d0
000bf7a0	GAME_UNIQUE	8	UNNAMED	FUN_000bf7a0
000c9420	GAME_UNIQUE	8	named	FreeStaticAllocators
000caa10	GAME_PORTABLE	8	UNNAMED	FUN_000caa10
000d9560	GAME_UNIQUE	8	named	CCombatNodeHandler::vfunc434
000e1090	GAME_PORTABLE	8	named	CCombatNodeHandler::vfunc319
000e1660	GAME_UNIQUE	8	named	ShutdownLowLevelMemory
000e1ea0	GAME_UNIQUE	8	UNNAMED	FUN_000e1ea0
000e8bb0	GAME_UNIQUE	8	named	FreeStaticAllocators_2
000eabf0	GAME_UNIQUE	8	named	CCombatNode::vfunc18
000f8e70	GAME_PORTABLE	8	named	CAI::vfunc55
000fce00	GAME_PORTABLE	8	UNNAMED	FUN_000fce00
001179f0	GAME_UNIQUE	8	named	CInput::vfunc16
00136c10	GAME_UNIQUE	8	named	CModelIGB::vfunc65
00136cf0	GAME_UNIQUE	8	named	CModelIGB::vfunc78
0013c160	GAME_UNIQUE	8	UNNAMED	FUN_0013c160
0013c190	GAME_UNIQUE	8	UNNAMED	FUN_0013c190
0013c1c0	GAME_UNIQUE	8	named	GlobalContext_GetInstance_0013c1c0
0013c1f0	GAME_UNIQUE	8	UNNAMED	FUN_0013c1f0
0013c440	GAME_UNIQUE	8	UNNAMED	FUN_0013c440
00144700	GAME_UNIQUE	8	named	IPlayfield::vfunc38
00145910	GAME_UNIQUE	8	named	tmpl__AV_CSafeResMgrI_VIPlayfield_04_0CLDI_::vfunc13
00151fd0	GAME_UNIQUE	8	named	CAutoMap::vfunc11
00151ff0	GAME_UNIQUE	8	named	CAutoMap::vfunc14
00152940	GAME_UNIQUE	8	UNNAMED	FUN_00152940
00160910	GAME_UNIQUE	8	UNNAMED	FUN_00160910
00177c20	GAME_UNIQUE	8	UNNAMED	FUN_00177c20
00178c20	GAME_UNIQUE	8	named	CMenuItemListBox::vfunc26
0017aa20	GAME_UNIQUE	8	UNNAMED	FUN_0017aa20
0017cfb0	GAME_UNIQUE	8	named	ShutdownPlatformHooks
0017cfd0	GAME_UNIQUE	8	UNNAMED	FUN_0017cfd0
0017d030	GAME_UNIQUE	8	UNNAMED	FUN_0017d030
0017ddd0	GAME_UNIQUE	8	named	CMenuItemTextBox::vfunc23
0017e730	GAME_UNIQUE	8	named	CMenuMain::vfunc12
001811c0	GAME_UNIQUE	8	UNNAMED	FUN_001811c0
001812b0	GAME_UNIQUE	8	named	DestroyGlobalCaches
001838c0	GAME_UNIQUE	8	named	tmpl__AV_tree_base_U_value_semantics_node_V_handle_str_01_00Vtree_node_ratl_storage_ratl_ratl_::vfunc88
00185700	GAME_UNIQUE	8	named	FinalizeCRTTeardown
0018a0e0	GAME_PORTABLE	8	named	CProcRect::vfunc0
0018a490	GAME_UNIQUE	8	UNNAMED	FUN_0018a490
0018b910	GAME_UNIQUE	8	UNNAMED	FUN_0018b910
0018cf00	GAME_UNIQUE	8	UNNAMED	FUN_0018cf00
00193f60	GAME_UNIQUE	8	named	CDisplay::vfunc8
00198510	GAME_UNIQUE	8	UNNAMED	FUN_00198510
0019a190	GAME_UNIQUE	8	UNNAMED	FUN_0019a190
001a5ed0	GAME_UNIQUE	8	UNNAMED	FUN_001a5ed0
001a5f00	GAME_UNIQUE	8	UNNAMED	FUN_001a5f00
001a6210	GAME_UNIQUE	8	UNNAMED	FUN_001a6210
001a8a00	GAME_UNIQUE	8	UNNAMED	FUN_001a8a00
001afd50	GAME_UNIQUE	8	UNNAMED	FUN_001afd50
001afeb0	GAME_UNIQUE	8	UNNAMED	FUN_001afeb0
001afef0	GAME_UNIQUE	8	UNNAMED	FUN_001afef0
001e9ed0	GAME_UNIQUE	8	UNNAMED	FUN_001e9ed0
001ea260	GAME_UNIQUE	8	UNNAMED	FUN_001ea260
0020a340	GAME_UNIQUE	8	UNNAMED	FUN_0020a340
0025b950	GAME_UNIQUE	8	UNNAMED	FUN_0025b950
0029b9d0	XMEN_SERIES	8	UNNAMED	FUN_0029b9d0
0029bfd0	GAME_UNIQUE	8	UNNAMED	FUN_0029bfd0
0030ce60	GAME_UNIQUE	8	UNNAMED	FUN_0030ce60
0030d100	XMEN_SERIES	8	UNNAMED	FUN_0030d100
0030ef60	GAME_UNIQUE	8	UNNAMED	FUN_0030ef60
00329dd0	GAME_UNIQUE	8	UNNAMED	FUN_00329dd0
00340ca6	GAME_UNIQUE	8	UNNAMED	FUN_00340ca6
003ac2da	GAME_UNIQUE	8	UNNAMED	FUN_003ac2da
00012ee0	GAME_UNIQUE	7	named	CFxPrimitiveBase::vfunc73
0001d0e0	GAME_UNIQUE	7	named	CFxPrimitiveBase::vfunc39
0001d1a0	GAME_UNIQUE	7	named	CFxPrimitiveBase::vfunc114
0001d5e0	GAME_UNIQUE	7	named	CFxParticleCloudPrimitive::vfunc114
00025080	GAME_UNIQUE	7	UNNAMED	FUN_00025080
00026c60	GAME_UNIQUE	7	UNNAMED	FUN_00026c60
0002b250	GAME_UNIQUE	7	UNNAMED	FUN_0002b250
0002ea80	GAME_UNIQUE	7	named	CActor::vfunc99
0002f210	GAME_UNIQUE	7	UNNAMED	FUN_0002f210
00031450	GAME_UNIQUE	7	UNNAMED	FUN_00031450
0003a1b0	GAME_UNIQUE	7	UNNAMED	FUN_0003a1b0
0003a1e0	GAME_UNIQUE	7	UNNAMED	FUN_0003a1e0
0003ae60	GAME_UNIQUE	7	named	tmpl__AV_CEvent_VCActor_VEUpdateMultipartEffects_::vfunc0
000503b0	GAME_UNIQUE	7	named	CCamera::vfunc5
000504d0	GAME_PORTABLE	7	named	CCamera::vfunc55
00054290	GAME_UNIQUE	7	UNNAMED	FUN_00054290
00054800	GAME_UNIQUE	7	named	tmpl__AV_map_vs_V_handle_str_0A_E_0PP_ratl_::vfunc55
00059940	GAME_UNIQUE	7	named	CCombatSystem::vfunc2
0005cac0	GAME_UNIQUE	7	named	CCombatSystem::vfunc14
0005cb10	GAME_UNIQUE	7	named	CCombatSystem::vfunc15
0005cb30	GAME_UNIQUE	7	named	CCombatSystem::vfunc16
0005f2c0	GAME_UNIQUE	7	named	CConversationSystem::vfunc19
00066b20	GAME_UNIQUE	7	UNNAMED	FUN_00066b20
00066b40	GAME_UNIQUE	7	UNNAMED	FUN_00066b40
0006a220	GAME_PORTABLE	7	UNNAMED	FUN_0006a220
0006f1e0	GAME_PORTABLE	7	named	CGame::vfunc28
00080690	GAME_PORTABLE	7	named	IMap::vfunc69
000806b0	GAME_PORTABLE	7	named	IMap::vfunc70
00084920	GAME_UNIQUE	7	UNNAMED	FUN_00084920
00084960	GAME_UNIQUE	7	UNNAMED	FUN_00084960
00084980	GAME_UNIQUE	7	UNNAMED	FUN_00084980
000849a0	GAME_UNIQUE	7	UNNAMED	FUN_000849a0
000894a0	GAME_UNIQUE	7	named	CMultipart::vfunc12
000894c0	GAME_UNIQUE	7	named	CMultipart::vfunc13
0008a330	GAME_PORTABLE	7	named	CMultiplayer::vfunc22
0008bce0	GAME_UNIQUE	7	UNNAMED	FUN_0008bce0
000a1920	GAME_UNIQUE	7	UNNAMED	FUN_000a1920
000a5480	GAME_UNIQUE	7	named	CSaveLoad::vfunc19
000a5580	GAME_UNIQUE	7	named	CSaveLoad::vfunc16
000b3a20	GAME_UNIQUE	7	UNNAMED	FUN_000b3a20
000b6090	GAME_UNIQUE	7	named	CTalent::vfunc5
000b60b0	GAME_UNIQUE	7	named	CTalent::vfunc6
000b60d0	GAME_UNIQUE	7	named	CTalent::vfunc7
000c04e0	GAME_UNIQUE	7	UNNAMED	FUN_000c04e0
000c0dc0	GAME_UNIQUE	7	UNNAMED	FUN_000c0dc0
000c0de0	GAME_UNIQUE	7	UNNAMED	FUN_000c0de0
000cbd20	GAME_PORTABLE	7	UNNAMED	FUN_000cbd20
000d6440	GAME_UNIQUE	7	named	CCEAtkTeleport::vfunc10
000d6460	GAME_UNIQUE	7	named	CCEAtkTeleport::vfunc154
000d7e00	GAME_UNIQUE	7	named	CCEAtkTeleport::vfunc281
000d8820	XMEN_SERIES	7	named	CCEAtkTeleport::vfunc468
000d90d0	GAME_UNIQUE	7	named	CCEAtkTeleport::vfunc329
000db620	GAME_PORTABLE	7	named	CCombatNodeHandler::vfunc481
000e4460	GAME_UNIQUE	7	UNNAMED	FUN_000e4460
000e49e0	GAME_PORTABLE	7	UNNAMED	FUN_000e49e0
000e8bd0	GAME_PORTABLE	7	named	tmpl__AV_tree_base_U_value_semantics_node_V_handle_str_02_0BH_Vtree_node_ratl_storage_ratl_ratl_::vfunc12
000ed330	GAME_UNIQUE	7	UNNAMED	FUN_000ed330
000f6a30	GAME_UNIQUE	7	UNNAMED	FUN_000f6a30
000fc150	GAME_PORTABLE	7	UNNAMED	FUN_000fc150
000fc210	GAME_UNIQUE	7	UNNAMED	FUN_000fc210
000fcf40	GAME_PORTABLE	7	UNNAMED	FUN_000fcf40
0011c030	GAME_UNIQUE	7	named	IClock::vfunc17
00123530	GAME_PORTABLE	7	UNNAMED	FUN_00123530
00125f40	GAME_UNIQUE	7	UNNAMED	FUN_00125f40
00126460	GAME_UNIQUE	7	named	TiXmlComment::vfunc7
001277e0	GAME_UNIQUE	7	UNNAMED	FUN_001277e0
00127eb0	GAME_UNIQUE	7	UNNAMED	FUN_00127eb0
00132ef0	XMEN_SERIES	7	named	CModelIGB::vfunc43
00154d50	GAME_UNIQUE	7	named	CHud::vfunc19
00173ef0	GAME_UNIQUE	7	named	CMenuItemActorModel::vfunc12
001764c0	GAME_UNIQUE	7	UNNAMED	FUN_001764c0
00177980	GAME_UNIQUE	7	UNNAMED	FUN_00177980
0017e6f0	GAME_UNIQUE	7	named	CMenuMMLost::vfunc5
00183aa0	GAME_UNIQUE	7	named	tmpl__AV_tree_base_U_value_semantics_node_V_handle_str_01_00Vtree_node_ratl_storage_ratl_ratl_::vfunc101
00183bc0	GAME_UNIQUE	7	named	tmpl__AV_tree_base_U_value_semantics_node_V_handle_str_01_00Vtree_node_ratl_storage_ratl_ratl_::vfunc107
00183be0	GAME_UNIQUE	7	named	tmpl__AV_tree_base_U_value_semantics_node_V_handle_str_01_00Vtree_node_ratl_storage_ratl_ratl_::vfunc109
00193f10	GAME_UNIQUE	7	named	CDisplay::vfunc2
00193f30	GAME_UNIQUE	7	named	CDisplay::vfunc3
001bcf90	GAME_UNIQUE	7	UNNAMED	FUN_001bcf90
001bcfb0	GAME_UNIQUE	7	UNNAMED	FUN_001bcfb0
001bcfd0	GAME_UNIQUE	7	UNNAMED	FUN_001bcfd0
001bcff0	GAME_UNIQUE	7	UNNAMED	FUN_001bcff0
001ecb90	GAME_UNIQUE	7	UNNAMED	FUN_001ecb90
0030c290	GAME_UNIQUE	7	UNNAMED	FUN_0030c290
0030c2b0	GAME_UNIQUE	7	UNNAMED	FUN_0030c2b0
00310e50	GAME_UNIQUE	7	UNNAMED	FUN_00310e50
00311710	GAME_UNIQUE	7	UNNAMED	FUN_00311710
00320b40	GAME_UNIQUE	7	UNNAMED	FUN_00320b40
00328630	XMEN_SERIES	7	UNNAMED	FUN_00328630
00340760	GAME_UNIQUE	7	UNNAMED	FUN_00340760
00340780	GAME_UNIQUE	7	UNNAMED	FUN_00340780
003a8347	GAME_UNIQUE	7	UNNAMED	FUN_003a8347
00013180	GAME_UNIQUE	6	named	CFxDLightPrimitive::vfunc235
00014160	GAME_PORTABLE	6	named	SpatialNode_ZeroVector_44
0001df60	GAME_PORTABLE	6	UNNAMED	FUN_0001df60
00027330	GAME_UNIQUE	6	UNNAMED	FUN_00027330
000290a0	GAME_UNIQUE	6	UNNAMED	FUN_000290a0
0002a710	GAME_UNIQUE	6	named	IActivePowerupSystem::vfunc4
0002e6c0	GAME_UNIQUE	6	UNNAMED	FUN_0002e6c0
000360a0	GAME_UNIQUE	6	UNNAMED	FUN_000360a0
00046530	GAME_UNIQUE	6	UNNAMED	FUN_00046530
000476c0	GAME_UNIQUE	6	UNNAMED	FUN_000476c0
000496f0	GAME_PORTABLE	6	UNNAMED	FUN_000496f0
0004a2b0	GAME_UNIQUE	6	UNNAMED	FUN_0004a2b0
0004b660	XMEN_SERIES	6	named	CCamera::vfunc49
00051f70	GAME_UNIQUE	6	UNNAMED	FUN_00051f70
00056dd0	GAME_UNIQUE	6	named	tmpl__AV_map_vs_V_handle_str_0A_E_0PP_ratl_::vfunc39
00056df0	GAME_UNIQUE	6	named	tmpl__AV_map_vs_V_handle_str_0A_E_0PP_ratl_::vfunc40
00056e10	GAME_UNIQUE	6	named	tmpl__AV_map_vs_V_handle_str_0A_E_0PP_ratl_::vfunc42
000694b0	GAME_PORTABLE	6	named	IEntityDefinitions::vfunc33
0006e990	GAME_UNIQUE	6	named	CGame::vfunc33
0007a4a0	GAME_PORTABLE	6	named	CSoundDebounce::vfunc11
0007e0e0	GAME_UNIQUE	6	named	CInventorySystem::vfunc15
0007e100	GAME_UNIQUE	6	named	CInventorySystem::vfunc16
0007efb0	GAME_UNIQUE	6	named	CInventorySystem::vfunc35
00083780	GAME_UNIQUE	6	UNNAMED	FUN_00083780
00084370	GAME_UNIQUE	6	named	CMissionMgr::vfunc11
00084940	GAME_UNIQUE	6	UNNAMED	FUN_00084940
000a0ad0	GAME_PORTABLE	6	UNNAMED	FUN_000a0ad0
000a9900	GAME_UNIQUE	6	named	CScanTurretEntity::vfunc115
000a9920	GAME_UNIQUE	6	named	CScanTurretEntity::vfunc116
000a9940	GAME_UNIQUE	6	named	CScanTurretEntity::vfunc117
000aa000	GAME_PORTABLE	6	named	IScheduler::vfunc7
000af6b0	GAME_UNIQUE	6	UNNAMED	FUN_000af6b0
000b94a0	GAME_PORTABLE	6	UNNAMED	FUN_000b94a0
000c04b0	GAME_UNIQUE	6	UNNAMED	FUN_000c04b0
000c5a10	GAME_PORTABLE	6	UNNAMED	FUN_000c5a10
000c7e30	GAME_UNIQUE	6	UNNAMED	FUN_000c7e30
000c9220	GAME_PORTABLE	6	UNNAMED	FUN_000c9220
000cf640	GAME_UNIQUE	6	named	CCEAction::vfunc8
000d6820	GAME_UNIQUE	6	UNNAMED	FUN_000d6820
000db230	GAME_UNIQUE	6	named	CCombatNodeHandler::vfunc175
000e8d50	GAME_UNIQUE	6	UNNAMED	FUN_000e8d50
000ed370	GAME_UNIQUE	6	UNNAMED	FUN_000ed370
000ed6e0	GAME_UNIQUE	6	UNNAMED	FUN_000ed6e0
000f3c60	GAME_UNIQUE	6	UNNAMED	FUN_000f3c60
000f4480	GAME_PORTABLE	6	UNNAMED	FUN_000f4480
0010f6f0	GAME_UNIQUE	6	UNNAMED	FUN_0010f6f0
00117370	GAME_PORTABLE	6	UNNAMED	FUN_00117370
00117610	GAME_PORTABLE	6	named	IInput::vfunc34
0011db20	GAME_PORTABLE	6	UNNAMED	FUN_0011db20
00121660	GAME_PORTABLE	6	UNNAMED	FUN_00121660
00125a00	GAME_UNIQUE	6	named	TiXmlBase::vfunc6
00132e70	GAME_PORTABLE	6	named	CModelIGB::vfunc40
00134e00	GAME_PORTABLE	6	named	IModelComponent::vfunc55
0013a490	XMEN_SERIES	6	named	CModelParticleCloud::vfunc13
0014bf40	GAME_UNIQUE	6	named	CZonePlayfield::vfunc17
00153ff0	GAME_PORTABLE	6	named	CHud::vfunc44
00165b30	GAME_UNIQUE	6	UNNAMED	FUN_00165b30
00166b20	GAME_UNIQUE	6	UNNAMED	FUN_00166b20
00177920	GAME_UNIQUE	6	named	CMenuItemListBox::vfunc66
0017aab0	GAME_UNIQUE	6	named	CMenuItemShop::vfunc17
0017ad80	GAME_UNIQUE	6	UNNAMED	FUN_0017ad80
0017db60	GAME_UNIQUE	6	UNNAMED	FUN_0017db60
00181100	GAME_UNIQUE	6	named	tmpl__AV_tree_base_U_value_semantics_node_V_handle_str_01_00Vtree_node_ratl_storage_ratl_ratl_::vfunc79
00181110	GAME_UNIQUE	6	named	tmpl__AV_tree_base_U_value_semantics_node_V_handle_str_01_00Vtree_node_ratl_storage_ratl_ratl_::vfunc75
00183b80	GAME_UNIQUE	6	named	tmpl__AV_tree_base_U_value_semantics_node_V_handle_str_01_00Vtree_node_ratl_storage_ratl_ratl_::vfunc121
00187870	GAME_PORTABLE	6	UNNAMED	FUN_00187870
00193e00	GAME_UNIQUE	6	named	CDisplay::vfunc19
00194250	GAME_UNIQUE	6	named	CDisplay::vfunc11
00194270	GAME_UNIQUE	6	named	CDisplay::vfunc13
001ed6e0	GAME_UNIQUE	6	UNNAMED	FUN_001ed6e0
00294d10	GAME_UNIQUE	6	UNNAMED	FUN_00294d10
0032ead0	GAME_UNIQUE	6	UNNAMED	FUN_0032ead0
003ad626	GAME_UNIQUE	6	UNNAMED	FUN_003ad626
000119f0	GAME_UNIQUE	5	named	register_shutdown_callback
00011f60	GAME_UNIQUE	5	named	tmpl__AV_tree_base_U_value_semantics_node_USFxFileRecord_CFxTemplateManager_0KP_Vtree_node_ratl_stora::vfunc13
00014210	GAME_UNIQUE	5	named	CFxParticleCloudPrimitive::vfunc42
000184d0	GAME_UNIQUE	5	named	tmpl__AV_tree_base_U_value_semantics_node_USFxFileRecord_CFxTemplateManager_0KP_Vtree_node_ratl_stora::vfunc20
0001cae0	GAME_PORTABLE	5	named	CFxPrimitiveBase::vfunc25
0001cb10	GAME_UNIQUE	5	named	CFxPrimitiveBase::vfunc31
00026c80	GAME_UNIQUE	5	named	tmpl__AV_COnlyOneEvent_VCActor_VEFirstEquipment_::vfunc64
00026ce0	GAME_UNIQUE	5	named	tmpl__AV_COnlyOneEvent_VCActor_VEFirstEquipment_::vfunc72
00029010	GAME_UNIQUE	5	named	tmpl__AV_COnlyOneEvent_VCActor_VEFirstEquipment_::vfunc87
00029350	GAME_UNIQUE	5	UNNAMED	FUN_00029350
00029690	GAME_UNIQUE	5	UNNAMED	FUN_00029690
00036540	GAME_UNIQUE	5	UNNAMED	FUN_00036540
00049e70	GAME_UNIQUE	5	UNNAMED	FUN_00049e70
00050570	GAME_PORTABLE	5	named	CCamera::vfunc71
00052490	GAME_PORTABLE	5	named	CCamera::vfunc63
00056d30	GAME_UNIQUE	5	named	tmpl__AV_map_vs_V_handle_str_0A_E_0PP_ratl_::vfunc33
00056db0	GAME_UNIQUE	5	named	tmpl__AV_map_vs_V_handle_str_0A_E_0PP_ratl_::vfunc38
00060af0	GAME_UNIQUE	5	named	CConversationSystem::vfunc20
0006f5b0	GAME_UNIQUE	5	named	CGame::vfunc8
000728c0	GAME_UNIQUE	5	UNNAMED	FUN_000728c0
00076050	GAME_UNIQUE	5	named	tmpl__AV_COnlyOneEvent_VCActor_VEFirstEquipment_::vfunc77
0007e140	GAME_UNIQUE	5	named	CInventorySystem::vfunc6
000834e0	GAME_UNIQUE	5	UNNAMED	FUN_000834e0
00086070	GAME_UNIQUE	5	UNNAMED	FUN_00086070
0008c030	GAME_UNIQUE	5	named	COptions::vfunc2
0008c220	GAME_UNIQUE	5	named	COptions::vfunc30
00090690	GAME_UNIQUE	5	UNNAMED	FUN_00090690
000a99e0	GAME_UNIQUE	5	named	CScanTurretEntity::vfunc119
000ad7d0	GAME_UNIQUE	5	UNNAMED	FUN_000ad7d0
000ae0e0	GAME_UNIQUE	5	UNNAMED	FUN_000ae0e0
000b2c80	GAME_UNIQUE	5	UNNAMED	FUN_000b2c80
000bf730	GAME_PORTABLE	5	UNNAMED	FUN_000bf730
000bf740	GAME_PORTABLE	5	UNNAMED	FUN_000bf740
000bf750	GAME_PORTABLE	5	UNNAMED	FUN_000bf750
000c8120	GAME_PORTABLE	5	UNNAMED	FUN_000c8120
000c9070	GAME_UNIQUE	5	UNNAMED	FUN_000c9070
000d83d0	GAME_UNIQUE	5	named	CCEAtkTeleport::vfunc347
000e8be0	GAME_UNIQUE	5	named	tmpl__AV_tree_base_U_value_semantics_node_V_handle_str_02_0BH_Vtree_node_ratl_storage_ratl_ratl_::vfunc15
000edc00	GAME_PORTABLE	5	named	CAIShadesNoWingAttackHandler::vfunc9
000ee050	GAME_PORTABLE	5	named	CAIStandardAttackHandler::vfunc20
000f3e10	GAME_PORTABLE	5	named	CPatternNodeMoveTo::vfunc1
00107030	GAME_UNIQUE	5	UNNAMED	FUN_00107030
001092d0	GAME_PORTABLE	5	UNNAMED	FUN_001092d0
0010f6b0	GAME_UNIQUE	5	UNNAMED	FUN_0010f6b0
0010f6d0	GAME_UNIQUE	5	UNNAMED	FUN_0010f6d0
001175f0	GAME_PORTABLE	5	named	IInput::vfunc32
00117a60	GAME_UNIQUE	5	named	CInput::vfunc21
0011db40	GAME_PORTABLE	5	named	CFileBundleMgr::vfunc6
0011ed70	GAME_UNIQUE	5	named	CMemoryCardXBox::vfunc13
0011ed80	GAME_UNIQUE	5	named	CMemoryCardXBox::vfunc14
0011ed90	GAME_UNIQUE	5	named	CMemoryCardXBox::vfunc16
001233a0	GAME_UNIQUE	5	UNNAMED	FUN_001233a0
00125a20	GAME_UNIQUE	5	named	TiXmlBase::vfunc7
00127ea0	GAME_UNIQUE	5	UNNAMED	FUN_00127ea0
001300c0	XMEN_SERIES	5	UNNAMED	FUN_001300c0
00135b10	GAME_PORTABLE	5	named	CModelIGB::vfunc23
00137db0	GAME_UNIQUE	5	named	CModelIGB::vfunc99
0014c5f0	GAME_UNIQUE	5	named	CZonePlayfield::vfunc13
0015e8d0	GAME_UNIQUE	5	named	CHudInputMap::vfunc4
00165230	GAME_UNIQUE	5	named	CMenuBlackbird::vfunc7
00166140	GAME_PORTABLE	5	UNNAMED	FUN_00166140
00170ba0	GAME_UNIQUE	5	named	CMenuDangerRoom::vfunc4
00172d10	GAME_UNIQUE	5	named	CMenuItem::vfunc8
00177900	GAME_UNIQUE	5	named	CMenuItemListBox::vfunc65
00178ac0	GAME_UNIQUE	5	UNNAMED	FUN_00178ac0
001811a0	GAME_UNIQUE	5	named	tmpl__AV_tree_base_U_value_semantics_node_V_handle_str_01_00Vtree_node_ratl_storage_ratl_ratl_::vfunc77
001a6250	GAME_UNIQUE	5	UNNAMED	FUN_001a6250
001b37b0	GAME_UNIQUE	5	UNNAMED	FUN_001b37b0
001b3ba0	GAME_UNIQUE	5	UNNAMED	FUN_001b3ba0
001f81e0	GAME_UNIQUE	5	UNNAMED	FUN_001f81e0
001f8300	GAME_UNIQUE	5	UNNAMED	FUN_001f8300
0032ebd0	GAME_UNIQUE	5	UNNAMED	FUN_0032ebd0
003b14cf	GAME_UNIQUE	5	UNNAMED	FUN_003b14cf
003b14f3	GAME_UNIQUE	5	UNNAMED	FUN_003b14f3
003b1517	GAME_UNIQUE	5	UNNAMED	FUN_003b1517
00018450	GAME_UNIQUE	4	named	tmpl__AV_tree_base_U_value_semantics_node_USFxFileRecord_CFxTemplateManager_0KP_Vtree_node_ratl_stora::vfunc16
0001ccc0	GAME_UNIQUE	4	named	CFxParticleCloudPrimitive::vfunc61
00027150	GAME_UNIQUE	4	named	tmpl__AV_COnlyOneEvent_VCActor_VEFirstEquipment_::vfunc74
000282a0	GAME_UNIQUE	4	UNNAMED	FUN_000282a0
0002f200	GAME_UNIQUE	4	UNNAMED	FUN_0002f200
000381a0	GAME_UNIQUE	4	UNNAMED	FUN_000381a0
0004ab00	GAME_UNIQUE	4	named	CCamera::vfunc45
00056cf0	GAME_UNIQUE	4	named	tmpl__AV_map_vs_V_handle_str_0A_E_0PP_ratl_::vfunc31
00056d10	GAME_UNIQUE	4	named	tmpl__AV_map_vs_V_handle_str_0A_E_0PP_ratl_::vfunc32
00056d50	GAME_UNIQUE	4	named	tmpl__AV_map_vs_V_handle_str_0A_E_0PP_ratl_::vfunc34
00056d70	GAME_UNIQUE	4	named	tmpl__AV_map_vs_V_handle_str_0A_E_0PP_ratl_::vfunc35
00059920	GAME_UNIQUE	4	named	CCombatSystem::vfunc7
00059930	GAME_UNIQUE	4	named	CCombatSystem::vfunc1
000609f0	GAME_UNIQUE	4	named	CConversationSystem::vfunc16
0006b670	GAME_UNIQUE	4	named	CEntityGrid::vfunc13
0006f1d0	GAME_PORTABLE	4	named	CGame::vfunc27
0006f220	GAME_UNIQUE	4	named	CGame::vfunc64
0006f560	GAME_UNIQUE	4	named	CGame::vfunc107
0006f5a0	GAME_UNIQUE	4	named	CGame::vfunc97
0006f920	GAME_UNIQUE	4	named	CGame::vfunc99
0006fa10	GAME_UNIQUE	4	named	CGame::vfunc100
00074840	GAME_UNIQUE	4	UNNAMED	FUN_00074840
000760b0	GAME_PORTABLE	4	named	tmpl__AV_COnlyOneEvent_VCActor_VEFirstEquipment_::vfunc85
0007e090	GAME_UNIQUE	4	named	CInventorySystem::vfunc18
0007e0a0	GAME_UNIQUE	4	named	CInventorySystem::vfunc19
0007ee90	GAME_UNIQUE	4	named	CInventorySystem::vfunc33
0007ef90	GAME_UNIQUE	4	named	CInventorySystem::vfunc34
00080460	GAME_PORTABLE	4	named	IMap::vfunc72
0008a460	GAME_PORTABLE	4	named	CClient::vfunc2
0008c120	GAME_PORTABLE	4	named	COptions::vfunc26
0008c170	GAME_PORTABLE	4	named	COptions::vfunc24
0008c1c0	GAME_UNIQUE	4	named	COptions::vfunc28
0008f310	GAME_UNIQUE	4	named	CPathGrid::vfunc13
00096740	GAME_UNIQUE	4	UNNAMED	FUN_00096740
000967f0	GAME_UNIQUE	4	named	CProjectileEntity::vfunc51
00099b50	GAME_UNIQUE	4	named	CPythonGameInterface::vfunc0
000a52c0	GAME_UNIQUE	4	named	CSaveLoad::vfunc6
000a52f0	GAME_PORTABLE	4	named	CSaveLoad::vfunc15
000a53f0	GAME_PORTABLE	4	named	CSaveLoad::vfunc2
000b3580	GAME_UNIQUE	4	named	CTalent::vfunc3
000bdc20	GAME_UNIQUE	4	named	IWorld::vfunc48
000bdd10	GAME_UNIQUE	4	named	IWorld::vfunc53
000bf6f0	GAME_PORTABLE	4	UNNAMED	FUN_000bf6f0
000bf7c0	GAME_PORTABLE	4	UNNAMED	FUN_000bf7c0
000bf920	GAME_UNIQUE	4	UNNAMED	FUN_000bf920
000c0470	GAME_UNIQUE	4	UNNAMED	FUN_000c0470
000c0480	GAME_UNIQUE	4	UNNAMED	FUN_000c0480
000c0490	GAME_UNIQUE	4	UNNAMED	FUN_000c0490
000c04d0	GAME_UNIQUE	4	UNNAMED	FUN_000c04d0
000c0db0	GAME_PORTABLE	4	UNNAMED	FUN_000c0db0
000da380	GAME_PORTABLE	4	named	CCombatNodeHandler::vfunc174
000da390	GAME_PORTABLE	4	named	CCombatNodeHandler::vfunc238
000e34a0	GAME_PORTABLE	4	named	tmpl__AV_tree_base_U_value_semantics_node_V_string_vs_0CA_ratl_0JG_Vtree_node_2_storage_ratl_ratl_::vfunc0
000ead80	GAME_UNIQUE	4	named	CCombatNode::vfunc46
000edbc0	GAME_PORTABLE	4	named	CAIStandardAttackHandler::vfunc2
000edbd0	GAME_PORTABLE	4	named	CAIRangedAttackHandler::vfunc12
000edbe0	GAME_PORTABLE	4	named	CAIRangedAttackHandler::vfunc1
00124500	GAME_PORTABLE	4	named	CVariable::vfunc57
0013a270	GAME_PORTABLE	4	named	CModelParticleCloud::vfunc14
00143810	GAME_UNIQUE	4	named	IPlayfield::vfunc56
0014efb0	GAME_PORTABLE	4	named	tmpl__AV_tree_base_U_value_semantics_node_USFxFileRecord_CFxTemplateManager_0KP_Vtree_node_ratl_stora::vfunc0
0017dac0	GAME_UNIQUE	4	UNNAMED	FUN_0017dac0
0017e710	GAME_UNIQUE	4	named	CMenuMMLost::vfunc26
00180e00	GAME_UNIQUE	4	named	tmpl__AV_tree_base_U_value_semantics_node_V_handle_str_01_00Vtree_node_ratl_storage_ratl_ratl_::vfunc57
00181270	GAME_UNIQUE	4	named	tmpl__AV_tree_base_U_value_semantics_node_V_handle_str_01_00Vtree_node_ratl_storage_ratl_ratl_::vfunc94
00181890	GAME_UNIQUE	4	named	tmpl__AV_tree_base_U_value_semantics_node_V_handle_str_01_00Vtree_node_ratl_storage_ratl_ratl_::vfunc93
00183930	GAME_UNIQUE	4	named	tmpl__AV_tree_base_U_value_semantics_node_V_handle_str_01_00Vtree_node_ratl_storage_ratl_ratl_::vfunc90
00193f50	GAME_PORTABLE	4	named	CDisplay::vfunc4
001afc40	GAME_UNIQUE	4	UNNAMED	FUN_001afc40
00325010	GAME_UNIQUE	4	UNNAMED	FUN_00325010
00325050	GAME_UNIQUE	4	UNNAMED	FUN_00325050
0032ea90	GAME_UNIQUE	4	UNNAMED	FUN_0032ea90
00341425	GAME_UNIQUE	4	named	__NLG_Notify1
0002e280	GAME_UNIQUE	3	UNNAMED	FUN_0002e280
0002ed90	GAME_UNIQUE	3	named	CActor::vfunc118
0002edb0	GAME_UNIQUE	3	named	CActor::vfunc119
00036560	GAME_PORTABLE	3	UNNAMED	FUN_00036560
00056cc0	GAME_UNIQUE	3	named	tmpl__AV_map_vs_V_handle_str_0A_E_0PP_ratl_::vfunc53
0006cbf0	GAME_UNIQUE	3	UNNAMED	FUN_0006cbf0
000702c0	GAME_PORTABLE	3	named	CGame::vfunc92
000d9580	GAME_UNIQUE	3	named	CCombatNodeHandler::vfunc437
000daae0	GAME_UNIQUE	3	named	CCombatNodeHandler::vfunc190
001016b0	GAME_PORTABLE	3	UNNAMED	FUN_001016b0
00146240	GAME_UNIQUE	3	UNNAMED	FUN_00146240
00177de0	GAME_UNIQUE	3	UNNAMED	FUN_00177de0
0032eb30	GAME_UNIQUE	2	UNNAMED	FUN_0032eb30
